file,object,filter,telescope,date_kind,date_val,ra_deg,dec_deg,redshift,ned_resolved_name,ned_error
D:\Thesis\pd\CSPAll\ASAS14ad_B_comb_dup.fits,ASAS14ad,B,duPont,mjd,57097.0,,,,,
D:\Thesis\pd\CSPAll\ASAS14ad_V_comb_dup.fits,ASAS14ad,V,duPont,mjd,57097.0,,,,,
D:\Thesis\pd\CSPAll\ASAS14hp_B_comb_dup.fits,ASAS14hp,B,duPont,mjd,57342.0,,,,,
D:\Thesis\pd\CSPAll\ASAS14hp_V_comb_dup.fits,ASAS14hp,V,duPont,mjd,57342.0,,,,,
D:\Thesis\pd\CSPAll\ASAS14hr_B_comb_dup.fits,ASAS14hr,B,duPont,mjd,57341.0,,,,,
D:\Thesis\pd\CSPAll\ASAS14hr_V_comb_dup.fits,ASAS14hr,V,duPont,mjd,57341.0,,,,,
D:\Thesis\pd\CSPAll\ASAS14hu_B_comb_dup.fits,ASAS14hu,B,duPont,mjd,57344.0,,,,,
D:\Thesis\pd\CSPAll\ASAS14hu_V_comb_dup.fits,ASAS14hu,V,duPont,mjd,57344.0,,,,,
D:\Thesis\pd\CSPAll\ASAS14hu_V_comb_swo.fits,ASAS14hu,V,Swope,mjd,57036.0,,,,,
D:\Thesis\pd\CSPAll\ASAS14jc_B_comb_dup.fits,ASAS14jc,B,duPont,mjd,57401.0,,,,,
D:\Thesis\pd\CSPAll\ASAS14jc_V_comb_dup.fits,ASAS14jc,V,duPont,mjd,57401.0,,,,,
D:\Thesis\pd\CSPAll\ASAS14jc_V_comb_swo.fits,ASAS14jc,V,Swope,mjd,57370.0,,,,,
D:\Thesis\pd\CSPAll\ASAS14jg_B_comb_dup.fits,ASAS14jg,B,duPont,mjd,57342.0,,,,,
D:\Thesis\pd\CSPAll\ASAS14jg_V_comb_dup.fits,ASAS14jg,V,duPont,mjd,57342.0,,,,,
D:\Thesis\pd\CSPAll\ASAS14jz_B_comb_dup.fits,ASAS14jz,B,duPont,mjd,57458.0,,,,,
D:\Thesis\pd\CSPAll\ASAS14jz_V_comb_dup.fits,ASAS14jz,V,duPont,mjd,57458.0,,,,,
D:\Thesis\pd\CSPAll\ASAS14jz_V_comb_swo.fits,ASAS14jz,V,Swope,mjd,57440.0,,,,,
D:\Thesis\pd\CSPAll\ASAS14kd_V_comb_swo.fits,ASAS14kd,V,Swope,mjd,57534.0,,,,,
D:\Thesis\pd\CSPAll\ASAS14kq_B_comb_dup.fits,ASAS14kq,B,duPont,mjd,57341.0,,,,,
D:\Thesis\pd\CSPAll\ASAS14kq_V_comb_dup.fits,ASAS14kq,V,duPont,mjd,57341.0,,,,,
D:\Thesis\pd\CSPAll\ASAS14lo_V_comb_swo.fits,ASAS14lo,V,Swope,mjd,57117.0,,,,,
D:\Thesis\pd\CSPAll\ASAS14lp_V_comb_swo.fits,ASAS14lp,V,Swope,mjd,57120.0,,,,,
D:\Thesis\pd\CSPAll\ASAS14lq_B_comb_dup.fits,ASAS14lq,B,duPont,mjd,57006.0,,,,,
D:\Thesis\pd\CSPAll\ASAS14lq_V_comb_dup.fits,ASAS14lq,V,duPont,mjd,57006.0,,,,,
D:\Thesis\pd\CSPAll\ASAS14lq_V_comb_swo.fits,ASAS14lq,V,Swope,mjd,57024.0,,,,,
D:\Thesis\pd\CSPAll\ASAS14lt_B_comb_dup.fits,ASAS14lt,B,duPont,mjd,57341.0,,,,,
D:\Thesis\pd\CSPAll\ASAS14lt_V_comb_dup.fits,ASAS14lt,V,duPont,mjd,57341.0,,,,,
D:\Thesis\pd\CSPAll\ASAS14lt_V_comb_swo.fits,ASAS14lt,V,Swope,mjd,57374.0,,,,,
D:\Thesis\pd\CSPAll\ASAS14lw_V_comb_swo.fits,ASAS14lw,V,Swope,mjd,57681.0,,,,,
D:\Thesis\pd\CSPAll\ASAS14me_B_comb_dup.fits,ASAS14me,B,duPont,mjd,57341.0,,,,,
D:\Thesis\pd\CSPAll\ASAS14me_V_comb_dup.fits,ASAS14me,V,duPont,mjd,57341.0,,,,,
D:\Thesis\pd\CSPAll\ASAS14me_V_comb_swo.fits,ASAS14me,V,Swope,mjd,57373.0,,,,,
D:\Thesis\pd\CSPAll\ASAS14mf_B_comb_dup.fits,ASAS14mf,B,duPont,mjd,57342.0,,,,,
D:\Thesis\pd\CSPAll\ASAS14mf_V_comb_dup.fits,ASAS14mf,V,duPont,mjd,57342.0,,,,,
D:\Thesis\pd\CSPAll\ASAS14mw_V_comb_swo.fits,ASAS14mw,V,Swope,mjd,57064.0,,,,,
D:\Thesis\pd\CSPAll\ASAS14my_B_comb_dup.fits,ASAS14my,B,duPont,mjd,57404.0,,,,,
D:\Thesis\pd\CSPAll\ASAS14my_V_comb_dup.fits,ASAS14my,V,duPont,mjd,57404.0,,,,,
D:\Thesis\pd\CSPAll\ASAS15aj_B_comb_dup.fits,ASAS15aj,B,duPont,mjd,57403.0,,,,,
D:\Thesis\pd\CSPAll\ASAS15aj_V_comb_dup.fits,ASAS15aj,V,duPont,mjd,57403.0,,,,,
D:\Thesis\pd\CSPAll\ASAS15aj_V_comb_swo.fits,ASAS15aj,V,Swope,mjd,57435.0,,,,,
D:\Thesis\pd\CSPAll\ASAS15al_B_comb_dup.fits,ASAS15al,B,duPont,mjd,57401.0,,,,,
D:\Thesis\pd\CSPAll\ASAS15al_V_comb_dup.fits,ASAS15al,V,duPont,mjd,57401.0,,,,,
D:\Thesis\pd\CSPAll\ASAS15al_V_comb_swo.fits,ASAS15al,V,Swope,mjd,57399.0,,,,,
D:\Thesis\pd\CSPAll\ASAS15as_B_comb_dup.fits,ASAS15as,B,duPont,mjd,57403.0,,,,,
D:\Thesis\pd\CSPAll\ASAS15as_V_comb_dup.fits,ASAS15as,V,duPont,mjd,57403.0,,,,,
D:\Thesis\pd\CSPAll\ASAS15as_V_comb_swo.fits,ASAS15as,V,Swope,mjd,57428.0,,,,,
D:\Thesis\pd\CSPAll\ASAS15ba_B_comb_dup.fits,ASAS15ba,B,duPont,mjd,57458.0,,,,,
D:\Thesis\pd\CSPAll\ASAS15ba_V_comb_dup.fits,ASAS15ba,V,duPont,mjd,57458.0,,,,,
D:\Thesis\pd\CSPAll\ASAS15ba_V_comb_swo.fits,ASAS15ba,V,Swope,mjd,57444.0,,,,,
D:\Thesis\pd\CSPAll\ASAS15be_B_comb_dup.fits,ASAS15be,B,duPont,mjd,57342.0,,,,,
D:\Thesis\pd\CSPAll\ASAS15be_V_comb_dup.fits,ASAS15be,V,duPont,mjd,57342.0,,,,,
D:\Thesis\pd\CSPAll\ASAS15be_V_comb_swo.fits,ASAS15be,V,Swope,mjd,57399.0,,,,,
D:\Thesis\pd\CSPAll\ASAS15bm_V_comb_swo.fits,ASAS15bm,V,Swope,mjd,57436.0,,,,,
D:\Thesis\pd\CSPAll\ASAS15cb_B_comb_dup.fits,ASAS15cb,B,duPont,mjd,57404.0,,,,,
D:\Thesis\pd\CSPAll\ASAS15cb_V_comb_dup.fits,ASAS15cb,V,duPont,mjd,57404.0,,,,,
D:\Thesis\pd\CSPAll\ASAS15cb_V_comb_swo.fits,ASAS15cb,V,Swope,mjd,57402.0,,,,,
D:\Thesis\pd\CSPAll\ASAS15cd_B_comb_dup.fits,ASAS15cd,B,duPont,mjd,57402.0,,,,,
D:\Thesis\pd\CSPAll\ASAS15cd_V_comb_dup.fits,ASAS15cd,V,duPont,mjd,57402.0,,,,,
D:\Thesis\pd\CSPAll\ASAS15da_B_comb_dup.fits,ASAS15da,B,duPont,mjd,57401.0,,,,,
D:\Thesis\pd\CSPAll\ASAS15da_V_comb_dup.fits,ASAS15da,V,duPont,mjd,57401.0,,,,,
D:\Thesis\pd\CSPAll\ASAS15da_V_comb_swo.fits,ASAS15da,V,Swope,mjd,57399.0,,,,,
D:\Thesis\pd\CSPAll\ASAS15db_V_comb_swo.fits,ASAS15db,V,Swope,mjd,57440.0,,,,,
D:\Thesis\pd\CSPAll\ASAS15dd_B_comb_dup.fits,ASAS15dd,B,duPont,mjd,57485.0,,,,,
D:\Thesis\pd\CSPAll\ASAS15dd_V_comb_dup.fits,ASAS15dd,V,duPont,mjd,57485.0,,,,,
D:\Thesis\pd\CSPAll\ASAS15dd_V_comb_swo.fits,ASAS15dd,V,Swope,mjd,57440.0,,,,,
D:\Thesis\pd\CSPAll\ASAS15eb_B_comb_dup.fits,ASAS15eb,B,duPont,mjd,57402.0,,,,,
D:\Thesis\pd\CSPAll\ASAS15eb_V_comb_dup.fits,ASAS15eb,V,duPont,mjd,57402.0,,,,,
D:\Thesis\pd\CSPAll\ASAS15eb_V_comb_swo.fits,ASAS15eb,V,Swope,mjd,57400.0,,,,,
D:\Thesis\pd\CSPAll\ASAS15fr_B_comb_dup.fits,ASAS15fr,B,duPont,mjd,57402.0,,,,,
D:\Thesis\pd\CSPAll\ASAS15fr_V_comb_dup.fits,ASAS15fr,V,duPont,mjd,57402.0,,,,,
D:\Thesis\pd\CSPAll\ASAS15fr_V_comb_swo.fits,ASAS15fr,V,Swope,mjd,57464.0,,,,,
D:\Thesis\pd\CSPAll\ASAS15ga_B_comb_dup.fits,ASAS15ga,B,duPont,mjd,57456.0,,,,,
D:\Thesis\pd\CSPAll\ASAS15ga_V_comb_dup.fits,ASAS15ga,V,duPont,mjd,57456.0,,,,,
D:\Thesis\pd\CSPAll\ASAS15ga_V_comb_swo.fits,ASAS15ga,V,Swope,mjd,57436.0,,,,,
D:\Thesis\pd\CSPAll\ASAS15go_B_comb_dup.fits,ASAS15go,B,duPont,mjd,57401.0,,,,,
D:\Thesis\pd\CSPAll\ASAS15go_V_comb_dup.fits,ASAS15go,V,duPont,mjd,57401.0,,,,,
D:\Thesis\pd\CSPAll\ASAS15go_V_comb_swo.fits,ASAS15go,V,Swope,mjd,57398.0,,,,,
D:\Thesis\pd\CSPAll\ASAS15gr_B_comb_dup.fits,ASAS15gr,B,duPont,mjd,57402.0,,,,,
D:\Thesis\pd\CSPAll\ASAS15gr_V_comb_dup.fits,ASAS15gr,V,duPont,mjd,57402.0,,,,,
D:\Thesis\pd\CSPAll\ASAS15gr_V_comb_swo.fits,ASAS15gr,V,Swope,mjd,57400.0,,,,,
D:\Thesis\pd\CSPAll\ASAS15hf_B_comb_dup.fits,ASAS15hf,B,duPont,mjd,57403.0,,,,,
D:\Thesis\pd\CSPAll\ASAS15hf_V_comb_dup.fits,ASAS15hf,V,duPont,mjd,57403.0,,,,,
D:\Thesis\pd\CSPAll\ASAS15hf_V_comb_swo.fits,ASAS15hf,V,Swope,mjd,57464.0,,,,,
D:\Thesis\pd\CSPAll\ASAS15hg_B_comb_dup.fits,ASAS15hg,B,duPont,mjd,57403.0,,,,,
D:\Thesis\pd\CSPAll\ASAS15hg_V_comb_dup.fits,ASAS15hg,V,duPont,mjd,57403.0,,,,,
D:\Thesis\pd\CSPAll\ASAS15hg_V_comb_swo.fits,ASAS15hg,V,Swope,mjd,57535.0,,,,,
D:\Thesis\pd\CSPAll\ASAS15hx_B_comb_dup.fits,ASAS15hx,B,duPont,mjd,57457.0,,,,,
D:\Thesis\pd\CSPAll\ASAS15hx_V_comb_dup.fits,ASAS15hx,V,duPont,mjd,57457.0,,,,,
D:\Thesis\pd\CSPAll\ASAS15hx_V_comb_swo.fits,ASAS15hx,V,Swope,mjd,57473.0,,,,,
D:\Thesis\pd\CSPAll\CSP12F_B_comb_dup.fits,CSP12F,B,duPont,mjd,56938.0,,,,,
D:\Thesis\pd\CSPAll\CSP12F_V_comb_dup.fits,CSP12F,V,duPont,mjd,56938.0,,,,,
D:\Thesis\pd\CSPAll\CSP12F_V_comb_swo.fits,CSP12F,V,Swope,mjd,56880.0,,,,,
D:\Thesis\pd\CSPAll\CSP12G_B_comb_dup.fits,CSP12G,B,duPont,mjd,56712.0,,,,,
D:\Thesis\pd\CSPAll\CSP12G_V_comb_dup.fits,CSP12G,V,duPont,mjd,56712.0,,,,,
D:\Thesis\pd\CSPAll\CSP12G_V_comb_swo.fits,CSP12G,V,Swope,mjd,57402.0,,,,,
D:\Thesis\pd\CSPAll\CSP12J_B_comb_dup.fits,CSP12J,B,duPont,mjd,56712.0,,,,,
D:\Thesis\pd\CSPAll\CSP12J_V_comb_dup.fits,CSP12J,V,duPont,mjd,56712.0,,,,,
D:\Thesis\pd\CSPAll\CSP12K_V_comb_swo.fits,CSP12K,V,Swope,mjd,56641.0,,,,,
D:\Thesis\pd\CSPAll\CSP12M_B_comb_dup.fits,CSP12M,B,duPont,mjd,56713.0,,,,,
D:\Thesis\pd\CSPAll\CSP12M_V_comb_dup.fits,CSP12M,V,duPont,mjd,56713.0,,,,,
D:\Thesis\pd\CSPAll\CSP12M_V_comb_swo.fits,CSP12M,V,Swope,mjd,56398.0,,,,,
D:\Thesis\pd\CSPAll\CSP12N_B_comb_dup.fits,CSP12N,B,duPont,mjd,56712.0,,,,,
D:\Thesis\pd\CSPAll\CSP12N_V_comb_dup.fits,CSP12N,V,duPont,mjd,56712.0,,,,,
D:\Thesis\pd\CSPAll\CSP12N_V_comb_swo.fits,CSP12N,V,Swope,mjd,56397.0,,,,,
D:\Thesis\pd\CSPAll\CSP13aad_B_comb_dup.fits,CSP13aad,B,duPont,mjd,56938.0,,,,,
D:\Thesis\pd\CSPAll\CSP13aad_V_comb_dup.fits,CSP13aad,V,duPont,mjd,56938.0,,,,,
D:\Thesis\pd\CSPAll\CSP13aad_V_comb_swo.fits,CSP13aad,V,Swope,mjd,57404.0,,,,,
D:\Thesis\pd\CSPAll\CSP13aae_V_comb_dup.fits,CSP13aae,V,duPont,mjd,56938.0,,,,,
D:\Thesis\pd\CSPAll\CSP13aaf_B_comb_dup.fits,CSP13aaf,B,duPont,mjd,57008.0,,,,,
D:\Thesis\pd\CSPAll\CSP13aaf_V_comb_dup.fits,CSP13aaf,V,duPont,mjd,57008.0,,,,,
D:\Thesis\pd\CSPAll\CSP13aaf_V_comb_swo.fits,CSP13aaf,V,Swope,mjd,57403.0,,,,,
D:\Thesis\pd\CSPAll\CSP13aam_B_comb_dup.fits,CSP13aam,B,duPont,mjd,56938.0,,,,,
D:\Thesis\pd\CSPAll\CSP13aam_V_comb_dup.fits,CSP13aam,V,duPont,mjd,56938.0,,,,,
D:\Thesis\pd\CSPAll\CSP13aam_V_comb_swo.fits,CSP13aam,V,Swope,mjd,57402.0,,,,,
D:\Thesis\pd\CSPAll\CSP13aao_B_comb_dup.fits,CSP13aao,B,duPont,mjd,56938.0,,,,,
D:\Thesis\pd\CSPAll\CSP13aao_V_comb_dup.fits,CSP13aao,V,duPont,mjd,56938.0,,,,,
D:\Thesis\pd\CSPAll\CSP13aao_V_comb_swo.fits,CSP13aao,V,Swope,mjd,57402.0,,,,,
D:\Thesis\pd\CSPAll\CSP13aap_B_comb_dup.fits,CSP13aap,B,duPont,mjd,57096.0,,,,,
D:\Thesis\pd\CSPAll\CSP13aap_V_comb_dup.fits,CSP13aap,V,duPont,mjd,57096.0,,,,,
D:\Thesis\pd\CSPAll\CSP13aaq_B_comb_dup.fits,CSP13aaq,B,duPont,mjd,57008.0,,,,,
D:\Thesis\pd\CSPAll\CSP13aaq_V_comb_dup.fits,CSP13aaq,V,duPont,mjd,57008.0,,,,,
D:\Thesis\pd\CSPAll\CSP13aaw_B_comb_dup.fits,CSP13aaw,B,duPont,mjd,57008.0,,,,,
D:\Thesis\pd\CSPAll\CSP13aaw_V_comb_dup.fits,CSP13aaw,V,duPont,mjd,57008.0,,,,,
D:\Thesis\pd\CSPAll\CSP13aax_B_comb_dup.fits,CSP13aax,B,duPont,mjd,57006.0,,,,,
D:\Thesis\pd\CSPAll\CSP13aax_V_comb_dup.fits,CSP13aax,V,duPont,mjd,57006.0,,,,,
D:\Thesis\pd\CSPAll\CSP13aay_B_comb_dup.fits,CSP13aay,B,duPont,mjd,57008.0,,,,,
D:\Thesis\pd\CSPAll\CSP13aay_V_comb_dup.fits,CSP13aay,V,duPont,mjd,57008.0,,,,,
D:\Thesis\pd\CSPAll\CSP13ab_V_comb_swo.fits,CSP13ab,V,Swope,mjd,56884.0,,,,,
D:\Thesis\pd\CSPAll\CSP13aba_B_comb_dup.fits,CSP13aba,B,duPont,mjd,57008.0,,,,,
D:\Thesis\pd\CSPAll\CSP13aba_V_comb_dup.fits,CSP13aba,V,duPont,mjd,57008.0,,,,,
D:\Thesis\pd\CSPAll\CSP13abl_B_comb_dup.fits,CSP13abl,B,duPont,mjd,57008.0,,,,,
D:\Thesis\pd\CSPAll\CSP13abl_V_comb_dup.fits,CSP13abl,V,duPont,mjd,57008.0,,,,,
D:\Thesis\pd\CSPAll\CSP13abl_V_comb_swo.fits,CSP13abl,V,Swope,mjd,57402.0,,,,,
D:\Thesis\pd\CSPAll\CSP13abm_V_comb_dup.fits,CSP13abm,V,duPont,mjd,57210.0,,,,,
D:\Thesis\pd\CSPAll\CSP13abs_B_comb_dup.fits,CSP13abs,B,duPont,mjd,57008.0,,,,,
D:\Thesis\pd\CSPAll\CSP13abs_V_comb_dup.fits,CSP13abs,V,duPont,mjd,57008.0,,,,,
D:\Thesis\pd\CSPAll\CSP13ag_B_comb_dup.fits,CSP13ag,B,duPont,mjd,56713.0,,,,,
D:\Thesis\pd\CSPAll\CSP13ag_V_comb_dup.fits,CSP13ag,V,duPont,mjd,56713.0,,,,,
D:\Thesis\pd\CSPAll\CSP13al_V_comb_dup.fits,CSP13al,V,duPont,mjd,57210.0,,,,,
D:\Thesis\pd\CSPAll\CSP13al_V_comb_swo.fits,CSP13al,V,Swope,mjd,56787.0,,,,,
D:\Thesis\pd\CSPAll\CSP13am_B_comb_dup.fits,CSP13am,B,duPont,mjd,56713.0,,,,,
D:\Thesis\pd\CSPAll\CSP13am_V_comb_dup.fits,CSP13am,V,duPont,mjd,56713.0,,,,,
D:\Thesis\pd\CSPAll\CSP13an_B_comb_dup.fits,CSP13an,B,duPont,mjd,56713.0,,,,,
D:\Thesis\pd\CSPAll\CSP13an_V_comb_dup.fits,CSP13an,V,duPont,mjd,56713.0,,,,,
D:\Thesis\pd\CSPAll\CSP13an_V_comb_swo.fits,CSP13an,V,Swope,mjd,56764.0,,,,,
D:\Thesis\pd\CSPAll\CSP13ay_V_comb_swo.fits,CSP13ay,V,Swope,mjd,56760.0,,,,,
D:\Thesis\pd\CSPAll\CSP13B_B_comb_dup.fits,CSP13B,B,duPont,mjd,56578.0,,,,,
D:\Thesis\pd\CSPAll\CSP13B_V_comb_dup.fits,CSP13B,V,duPont,mjd,56578.0,,,,,
D:\Thesis\pd\CSPAll\CSP13B_V_comb_swo.fits,CSP13B,V,Swope,mjd,56420.0,,,,,
D:\Thesis\pd\CSPAll\CSP13bf_B_comb_dup.fits,CSP13bf,B,duPont,mjd,57008.0,,,,,
D:\Thesis\pd\CSPAll\CSP13bf_V_comb_dup.fits,CSP13bf,V,duPont,mjd,57008.0,,,,,
D:\Thesis\pd\CSPAll\CSP13bf_V_comb_swo.fits,CSP13bf,V,Swope,mjd,56586.0,,,,,
D:\Thesis\pd\CSPAll\CSP13bh_B_comb_dup.fits,CSP13bh,B,duPont,mjd,56576.0,,,,,
D:\Thesis\pd\CSPAll\CSP13bh_V_comb_dup.fits,CSP13bh,V,duPont,mjd,56576.0,,,,,
D:\Thesis\pd\CSPAll\CSP13bh_V_comb_swo.fits,CSP13bh,V,Swope,mjd,56585.0,,,,,
D:\Thesis\pd\CSPAll\CSP13C_V_comb_swo.fits,CSP13C,V,Swope,mjd,56785.0,,,,,
D:\Thesis\pd\CSPAll\CSP13G_V_comb_swo.fits,CSP13G,V,Swope,mjd,56765.0,,,,,
D:\Thesis\pd\CSPAll\CSP13M_B_comb_dup.fits,CSP13M,B,duPont,mjd,57008.0,,,,,
D:\Thesis\pd\CSPAll\CSP13M_V_comb_dup.fits,CSP13M,V,duPont,mjd,57008.0,,,,,
D:\Thesis\pd\CSPAll\CSP13N_B_comb_dup.fits,CSP13N,B,duPont,mjd,56713.0,,,,,
D:\Thesis\pd\CSPAll\CSP13N_V_comb_dup.fits,CSP13N,V,duPont,mjd,56712.0,,,,,
D:\Thesis\pd\CSPAll\CSP13P_B_comb_dup.fits,CSP13P,B,duPont,mjd,56714.0,,,,,
D:\Thesis\pd\CSPAll\CSP13P_V_comb_dup.fits,CSP13P,V,duPont,mjd,56714.0,,,,,
D:\Thesis\pd\CSPAll\CSP13P_V_comb_swo.fits,CSP13P,V,Swope,mjd,56444.0,,,,,
D:\Thesis\pd\CSPAll\CSP13Q_B_comb_dup.fits,CSP13Q,B,duPont,mjd,56938.0,,,,,
D:\Thesis\pd\CSPAll\CSP13Q_V_comb_dup.fits,CSP13Q,V,duPont,mjd,56938.0,,,,,
D:\Thesis\pd\CSPAll\CSP13Q_V_comb_swo.fits,CSP13Q,V,Swope,mjd,57252.0,,,,,
D:\Thesis\pd\CSPAll\CSP13U_B_comb_dup.fits,CSP13U,B,duPont,mjd,57008.0,,,,,
D:\Thesis\pd\CSPAll\CSP13U_V_comb_dup.fits,CSP13U,V,duPont,mjd,57008.0,,,,,
D:\Thesis\pd\CSPAll\CSP13U_V_comb_swo.fits,CSP13U,V,Swope,mjd,57404.0,,,,,
D:\Thesis\pd\CSPAll\CSP13Y_B_comb_dup.fits,CSP13Y,B,duPont,mjd,56712.0,,,,,
D:\Thesis\pd\CSPAll\CSP13Y_V_comb_dup.fits,CSP13Y,V,duPont,mjd,56712.0,,,,,
D:\Thesis\pd\CSPAll\CSP13Y_V_comb_swo.fits,CSP13Y,V,Swope,mjd,56725.0,,,,,
D:\Thesis\pd\CSPAll\CSP13Z_V_comb_swo.fits,CSP13Z,V,Swope,mjd,56771.0,,,,,
D:\Thesis\pd\CSPAll\CSP14aaa_B_comb_dup.fits,CSP14aaa,B,duPont,mjd,57097.0,,,,,
D:\Thesis\pd\CSPAll\CSP14aaa_V_comb_dup.fits,CSP14aaa,V,duPont,mjd,57097.0,,,,,
D:\Thesis\pd\CSPAll\CSP14aab_B_comb_dup.fits,CSP14aab,B,duPont,mjd,57096.0,,,,,
D:\Thesis\pd\CSPAll\CSP14aab_V_comb_dup.fits,CSP14aab,V,duPont,mjd,57096.0,,,,,
D:\Thesis\pd\CSPAll\CSP14aal_B_comb_dup.fits,CSP14aal,B,duPont,mjd,57096.0,,,,,
D:\Thesis\pd\CSPAll\CSP14aal_V_comb_dup.fits,CSP14aal,V,duPont,mjd,57096.0,,,,,
D:\Thesis\pd\CSPAll\CSP14aaq_B_comb_dup.fits,CSP14aaq,B,duPont,mjd,57096.0,,,,,
D:\Thesis\pd\CSPAll\CSP14aaq_V_comb_dup.fits,CSP14aaq,V,duPont,mjd,57096.0,,,,,
D:\Thesis\pd\CSPAll\CSP14aar_B_comb_dup.fits,CSP14aar,B,duPont,mjd,57096.0,,,,,
D:\Thesis\pd\CSPAll\CSP14aar_V_comb_dup.fits,CSP14aar,V,duPont,mjd,57096.0,,,,,
D:\Thesis\pd\CSPAll\CSP14aar_V_comb_swo.fits,CSP14aar,V,Swope,mjd,57443.0,,,,,
D:\Thesis\pd\CSPAll\CSP14aaw_B_comb_dup.fits,CSP14aaw,B,duPont,mjd,56940.0,,,,,
D:\Thesis\pd\CSPAll\CSP14aaw_V_comb_dup.fits,CSP14aaw,V,duPont,mjd,56940.0,,,,,
D:\Thesis\pd\CSPAll\CSP14aaw_V_comb_swo.fits,CSP14aaw,V,Swope,mjd,57402.0,,,,,
D:\Thesis\pd\CSPAll\CSP14aax_B_comb_dup.fits,CSP14aax,B,duPont,mjd,57097.0,,,,,
D:\Thesis\pd\CSPAll\CSP14aax_V_comb_dup.fits,CSP14aax,V,duPont,mjd,57097.0,,,,,
D:\Thesis\pd\CSPAll\CSP14aay_B_comb_dup.fits,CSP14aay,B,duPont,mjd,57096.0,,,,,
D:\Thesis\pd\CSPAll\CSP14aay_V_comb_dup.fits,CSP14aay,V,duPont,mjd,57096.0,,,,,
D:\Thesis\pd\CSPAll\CSP14aba_B_comb_dup.fits,CSP14aba,B,duPont,mjd,57097.0,,,,,
D:\Thesis\pd\CSPAll\CSP14aba_V_comb_dup.fits,CSP14aba,V,duPont,mjd,57097.0,,,,,
D:\Thesis\pd\CSPAll\CSP14abf_B_comb_dup.fits,CSP14abf,B,duPont,mjd,57098.0,,,,,
D:\Thesis\pd\CSPAll\CSP14abf_V_comb_dup.fits,CSP14abf,V,duPont,mjd,57098.0,,,,,
D:\Thesis\pd\CSPAll\CSP14abf_V_comb_swo.fits,CSP14abf,V,Swope,mjd,56979.0,,,,,
D:\Thesis\pd\CSPAll\CSP14abh_V_comb_dup.fits,CSP14abh,V,duPont,mjd,57210.0,,,,,
D:\Thesis\pd\CSPAll\CSP14abh_V_comb_swo.fits,CSP14abh,V,Swope,mjd,57175.0,,,,,
D:\Thesis\pd\CSPAll\CSP14abl_B_comb_dup.fits,CSP14abl,B,duPont,mjd,56940.0,,,,,
D:\Thesis\pd\CSPAll\CSP14abl_V_comb_dup.fits,CSP14abl,V,duPont,mjd,56940.0,,,,,
D:\Thesis\pd\CSPAll\CSP14abl_V_comb_swo.fits,CSP14abl,V,Swope,mjd,56931.0,,,,,
D:\Thesis\pd\CSPAll\CSP14abn_V_comb_swo.fits,CSP14abn,V,Swope,mjd,57499.0,,,,,
D:\Thesis\pd\CSPAll\CSP14acl_V_comb_swo.fits,CSP14acl,V,Swope,mjd,56963.0,,,,,
D:\Thesis\pd\CSPAll\CSP14acm_B_comb_dup.fits,CSP14acm,B,duPont,mjd,57341.0,,,,,
D:\Thesis\pd\CSPAll\CSP14acm_V_comb_dup.fits,CSP14acm,V,duPont,mjd,57341.0,,,,,
D:\Thesis\pd\CSPAll\CSP14acp_B_comb_dup.fits,CSP14acp,B,duPont,mjd,57457.0,,,,,
D:\Thesis\pd\CSPAll\CSP14acp_V_comb_dup.fits,CSP14acp,V,duPont,mjd,57457.0,,,,,
D:\Thesis\pd\CSPAll\CSP14acp_V_comb_swo.fits,CSP14acp,V,Swope,mjd,57173.0,,,,,
D:\Thesis\pd\CSPAll\CSP14acy_B_comb_dup.fits,CSP14acy,B,duPont,mjd,57344.0,,,,,
D:\Thesis\pd\CSPAll\CSP14acy_V_comb_dup.fits,CSP14acy,V,duPont,mjd,57344.0,,,,,
D:\Thesis\pd\CSPAll\CSP14adc_B_comb_dup.fits,CSP14adc,B,duPont,mjd,57344.0,,,,,
D:\Thesis\pd\CSPAll\CSP14adc_V_comb_dup.fits,CSP14adc,V,duPont,mjd,57344.0,,,,,
D:\Thesis\pd\CSPAll\CSP14ade_B_comb_dup.fits,CSP14ade,B,duPont,mjd,57401.0,,,,,
D:\Thesis\pd\CSPAll\CSP14ade_V_comb_dup.fits,CSP14ade,V,duPont,mjd,57401.0,,,,,
D:\Thesis\pd\CSPAll\CSP14ade_V_comb_swo.fits,CSP14ade,V,Swope,mjd,57398.0,,,,,
D:\Thesis\pd\CSPAll\CSP14adf_B_comb_dup.fits,CSP14adf,B,duPont,mjd,57342.0,,,,,
D:\Thesis\pd\CSPAll\CSP14adf_V_comb_dup.fits,CSP14adf,V,duPont,mjd,57342.0,,,,,
D:\Thesis\pd\CSPAll\CSP15aae_V_comb_swo.fits,CSP15aae,V,Swope,mjd,57179.0,,,,,
D:\Thesis\pd\CSPAll\CSP15aaj_B_comb_dup.fits,CSP15aaj,B,duPont,mjd,57402.0,,,,,
D:\Thesis\pd\CSPAll\CSP15aaj_V_comb_dup.fits,CSP15aaj,V,duPont,mjd,57402.0,,,,,
D:\Thesis\pd\CSPAll\CSP15aaj_V_comb_swo.fits,CSP15aaj,V,Swope,mjd,57400.0,,,,,
D:\Thesis\pd\CSPAll\CSP15aak_V_comb_swo.fits,CSP15aak,V,Swope,mjd,57249.0,,,,,
D:\Thesis\pd\CSPAll\CSP15B_B_comb_dup.fits,CSP15B,B,duPont,mjd,57457.0,,,,,
D:\Thesis\pd\CSPAll\CSP15B_V_comb_dup.fits,CSP15B,V,duPont,mjd,57457.0,,,,,
D:\Thesis\pd\CSPAll\CSP15B_V_comb_swo.fits,CSP15B,V,Swope,mjd,57436.0,,,,,
D:\Thesis\pd\CSPAll\KISS13j_V_comb_swo.fits,KISS13j,V,Swope,mjd,56810.0,,,,,
D:\Thesis\pd\CSPAll\KISS13l_B_comb_dup.fits,KISS13l,B,duPont,mjd,57402.0,,,,,
D:\Thesis\pd\CSPAll\KISS13l_V_comb_dup.fits,KISS13l,V,duPont,mjd,57402.0,,,,,
D:\Thesis\pd\CSPAll\KISS13l_V_comb_swo.fits,KISS13l,V,Swope,mjd,57402.0,,,,,
D:\Thesis\pd\CSPAll\KISS13v_B_comb_dup.fits,KISS13v,B,duPont,mjd,58256.0,,,,,
D:\Thesis\pd\CSPAll\KISS13v_V_comb_dup.fits,KISS13v,V,duPont,mjd,58256.0,,,,,
D:\Thesis\pd\CSPAll\KISS13v_V_comb_swo.fits,KISS13v,V,Swope,mjd,56810.0,,,,,
D:\Thesis\pd\CSPAll\KISS15m_B_comb_dup.fits,KISS15m,B,duPont,mjd,57481.0,,,,,
D:\Thesis\pd\CSPAll\KISS15m_V_comb_dup.fits,KISS15m,V,duPont,mjd,57481.0,,,,,
D:\Thesis\pd\CSPAll\KISS15m_V_comb_swo.fits,KISS15m,V,Swope,mjd,57473.0,,,,,
D:\Thesis\pd\CSPAll\KISS15n_V_comb_swo.fits,KISS15n,V,Swope,mjd,57180.0,,,,,
D:\Thesis\pd\CSPAll\LSQ11bk_B_comb_dup.fits,LSQ11bk,B,duPont,mjd,58192.0,,,,,
D:\Thesis\pd\CSPAll\LSQ11bk_V_comb_dup.fits,LSQ11bk,V,duPont,mjd,58192.0,,,,,
D:\Thesis\pd\CSPAll\LSQ11bk_V_comb_swo.fits,LSQ11bk,V,Swope,mjd,56235.0,,,,,
D:\Thesis\pd\CSPAll\LSQ11ot_B_comb_dup.fits,LSQ11ot,B,duPont,mjd,56186.0,,,,,
D:\Thesis\pd\CSPAll\LSQ11ot_V_comb_dup.fits,LSQ11ot,V,duPont,mjd,56186.0,,,,,
D:\Thesis\pd\CSPAll\LSQ11pn_B_comb_dup.fits,LSQ11pn,B,duPont,mjd,56189.0,,,,,
D:\Thesis\pd\CSPAll\LSQ11pn_V_comb_dup.fits,LSQ11pn,V,duPont,mjd,56189.0,,,,,
D:\Thesis\pd\CSPAll\LSQ12agq_B_comb_dup.fits,LSQ12agq,B,duPont,mjd,56369.0,,,,,
D:\Thesis\pd\CSPAll\LSQ12agq_V_comb_dup.fits,LSQ12agq,V,duPont,mjd,56369.0,,,,,
D:\Thesis\pd\CSPAll\LSQ12agq_V_comb_swo.fits,LSQ12agq,V,Swope,mjd,56405.0,,,,,
D:\Thesis\pd\CSPAll\LSQ12aor_B_comb_dup.fits,LSQ12aor,B,duPont,mjd,56369.0,,,,,
D:\Thesis\pd\CSPAll\LSQ12aor_V_comb_dup.fits,LSQ12aor,V,duPont,mjd,56369.0,,,,,
D:\Thesis\pd\CSPAll\LSQ12bld_B_comb_dup.fits,LSQ12bld,B,duPont,mjd,56369.0,,,,,
D:\Thesis\pd\CSPAll\LSQ12bld_V_comb_dup.fits,LSQ12bld,V,duPont,mjd,56369.0,,,,,
D:\Thesis\pd\CSPAll\LSQ12bld_V_comb_swo.fits,LSQ12bld,V,Swope,mjd,58238.0,,,,,
D:\Thesis\pd\CSPAll\LSQ12blp_V_comb_swo.fits,LSQ12blp,V,Swope,mjd,58238.0,,,,,
D:\Thesis\pd\CSPAll\LSQ12btn_B_comb_dup.fits,LSQ12btn,B,duPont,mjd,56369.0,,,,,
D:\Thesis\pd\CSPAll\LSQ12btn_V_comb_dup.fits,LSQ12btn,V,duPont,mjd,56369.0,,,,,
D:\Thesis\pd\CSPAll\LSQ12btn_V_comb_swo.fits,LSQ12btn,V,Swope,mjd,57402.0,,,,,
D:\Thesis\pd\CSPAll\LSQ12ca_B_comb_dup.fits,LSQ12ca,B,duPont,mjd,56369.0,,,,,
D:\Thesis\pd\CSPAll\LSQ12ca_V_comb_dup.fits,LSQ12ca,V,duPont,mjd,56369.0,,,,,
D:\Thesis\pd\CSPAll\LSQ12ca_V_comb_swo.fits,LSQ12ca,V,Swope,mjd,57401.0,,,,,
D:\Thesis\pd\CSPAll\LSQ12cda_B_comb_dup.fits,LSQ12cda,B,duPont,mjd,56369.0,,,,,
D:\Thesis\pd\CSPAll\LSQ12cda_V_comb_dup.fits,LSQ12cda,V,duPont,mjd,56369.0,,,,,
D:\Thesis\pd\CSPAll\LSQ12cda_V_comb_swo.fits,LSQ12cda,V,Swope,mjd,58238.0,,,,,
D:\Thesis\pd\CSPAll\LSQ12cdl_B_comb_dup.fits,LSQ12cdl,B,duPont,mjd,56369.0,,,,,
D:\Thesis\pd\CSPAll\LSQ12cdl_V_comb_dup.fits,LSQ12cdl,V,duPont,mjd,56369.0,,,,,
D:\Thesis\pd\CSPAll\LSQ12cdl_V_comb_swo.fits,LSQ12cdl,V,Swope,mjd,57123.0,,,,,
D:\Thesis\pd\CSPAll\LSQ12fuk_B_comb_dup.fits,LSQ12fuk,B,duPont,mjd,56575.0,,,,,
D:\Thesis\pd\CSPAll\LSQ12fuk_V_comb_dup.fits,LSQ12fuk,V,duPont,mjd,56575.0,,,,,
D:\Thesis\pd\CSPAll\LSQ12fvl_B_comb_dup.fits,LSQ12fvl,B,duPont,mjd,56575.0,,,,,
D:\Thesis\pd\CSPAll\LSQ12fvl_V_comb_dup.fits,LSQ12fvl,V,duPont,mjd,56575.0,,,,,
D:\Thesis\pd\CSPAll\LSQ12fxd_B_comb_dup.fits,LSQ12fxd,B,duPont,mjd,56575.0,,,,,
D:\Thesis\pd\CSPAll\LSQ12fxd_V_comb_dup.fits,LSQ12fxd,V,duPont,mjd,56575.0,,,,,
D:\Thesis\pd\CSPAll\LSQ12gdj_B_comb_dup.fits,LSQ12gdj,B,duPont,mjd,56574.0,,,,,
D:\Thesis\pd\CSPAll\LSQ12gdj_V_comb_dup.fits,LSQ12gdj,V,duPont,mjd,56574.0,,,,,
D:\Thesis\pd\CSPAll\LSQ12gef_B_comb_dup.fits,LSQ12gef,B,duPont,mjd,56575.0,,,,,
D:\Thesis\pd\CSPAll\LSQ12gef_V_comb_dup.fits,LSQ12gef,V,duPont,mjd,56575.0,,,,,
D:\Thesis\pd\CSPAll\LSQ12gln_B_comb_dup.fits,LSQ12gln,B,duPont,mjd,56575.0,,,,,
D:\Thesis\pd\CSPAll\LSQ12gln_V_comb_dup.fits,LSQ12gln,V,duPont,mjd,56575.0,,,,,
D:\Thesis\pd\CSPAll\LSQ12gpw_B_comb_dup.fits,LSQ12gpw,B,duPont,mjd,56576.0,,,,,
D:\Thesis\pd\CSPAll\LSQ12gpw_V_comb_dup.fits,LSQ12gpw,V,duPont,mjd,56576.0,,,,,
D:\Thesis\pd\CSPAll\LSQ12gxj_B_comb_dup.fits,LSQ12gxj,B,duPont,mjd,56575.0,,,,,
D:\Thesis\pd\CSPAll\LSQ12gxj_V_comb_dup.fits,LSQ12gxj,V,duPont,mjd,56575.0,,,,,
D:\Thesis\pd\CSPAll\LSQ12gyc_B_comb_dup.fits,LSQ12gyc,B,duPont,mjd,56576.0,,,,,
D:\Thesis\pd\CSPAll\LSQ12gyc_V_comb_dup.fits,LSQ12gyc,V,duPont,mjd,56576.0,,,,,
D:\Thesis\pd\CSPAll\LSQ12gyc_V_comb_swo.fits,LSQ12gyc,V,Swope,mjd,57402.0,,,,,
D:\Thesis\pd\CSPAll\LSQ12gzm_B_comb_dup.fits,LSQ12gzm,B,duPont,mjd,56575.0,,,,,
D:\Thesis\pd\CSPAll\LSQ12gzm_V_comb_dup.fits,LSQ12gzm,V,duPont,mjd,56575.0,,,,,
D:\Thesis\pd\CSPAll\LSQ12gzm_V_comb_swo.fits,LSQ12gzm,V,Swope,mjd,57404.0,,,,,
D:\Thesis\pd\CSPAll\LSQ12hjm_B_comb_dup.fits,LSQ12hjm,B,duPont,mjd,56575.0,,,,,
D:\Thesis\pd\CSPAll\LSQ12hjm_V_comb_dup.fits,LSQ12hjm,V,duPont,mjd,56575.0,,,,,
D:\Thesis\pd\CSPAll\LSQ12hno_B_comb_dup.fits,LSQ12hno,B,duPont,mjd,56575.0,,,,,
D:\Thesis\pd\CSPAll\LSQ12hno_V_comb_dup.fits,LSQ12hno,V,duPont,mjd,56575.0,,,,,
D:\Thesis\pd\CSPAll\LSQ12hnr_B_comb_dup.fits,LSQ12hnr,B,duPont,mjd,57098.0,,,,,
D:\Thesis\pd\CSPAll\LSQ12hnr_V_comb_dup.fits,LSQ12hnr,V,duPont,mjd,57098.0,,,,,
D:\Thesis\pd\CSPAll\LSQ12hnr_V_comb_swo.fits,LSQ12hnr,V,Swope,mjd,57402.0,,,,,
D:\Thesis\pd\CSPAll\LSQ12hvj_B_comb_dup.fits,LSQ12hvj,B,duPont,mjd,58190.0,,,,,
D:\Thesis\pd\CSPAll\LSQ12hvj_V_comb_dup.fits,LSQ12hvj,V,duPont,mjd,58190.0,,,,,
D:\Thesis\pd\CSPAll\LSQ12hvj_V_comb_swo.fits,LSQ12hvj,V,Swope,mjd,56760.0,,,,,
D:\Thesis\pd\CSPAll\LSQ12hxx_B_comb_dup.fits,LSQ12hxx,B,duPont,mjd,56575.0,,,,,
D:\Thesis\pd\CSPAll\LSQ12hxx_V_comb_dup.fits,LSQ12hxx,V,duPont,mjd,56575.0,,,,,
D:\Thesis\pd\CSPAll\LSQ12hzj_B_comb_dup.fits,LSQ12hzj,B,duPont,mjd,57008.0,,,,,
D:\Thesis\pd\CSPAll\LSQ12hzj_V_comb_dup.fits,LSQ12hzj,V,duPont,mjd,57008.0,,,,,
D:\Thesis\pd\CSPAll\LSQ12hzj_V_comb_swo.fits,LSQ12hzj,V,Swope,mjd,56811.0,,,,,
D:\Thesis\pd\CSPAll\LSQ12hzs_B_comb_dup.fits,LSQ12hzs,B,duPont,mjd,56575.0,,,,,
D:\Thesis\pd\CSPAll\LSQ12hzs_V_comb_dup.fits,LSQ12hzs,V,duPont,mjd,56575.0,,,,,
D:\Thesis\pd\CSPAll\LSQ13abo_V_comb_swo.fits,LSQ13abo,V,Swope,mjd,56760.0,,,,,
D:\Thesis\pd\CSPAll\LSQ13aiz_V_comb_swo.fits,LSQ13aiz,V,Swope,mjd,56650.0,,,,,
D:\Thesis\pd\CSPAll\LSQ13cwp_B_comb_dup.fits,LSQ13cwp,B,duPont,mjd,56938.0,,,,,
D:\Thesis\pd\CSPAll\LSQ13cwp_V_comb_dup.fits,LSQ13cwp,V,duPont,mjd,56938.0,,,,,
D:\Thesis\pd\CSPAll\LSQ13dby_B_comb_dup.fits,LSQ13dby,B,duPont,mjd,56938.0,,,,,
D:\Thesis\pd\CSPAll\LSQ13dby_V_comb_dup.fits,LSQ13dby,V,duPont,mjd,56938.0,,,,,
D:\Thesis\pd\CSPAll\LSQ13dcy_V_comb_swo.fits,LSQ13dcy,V,Swope,mjd,56985.0,,,,,
D:\Thesis\pd\CSPAll\LSQ13dhj_B_comb_dup.fits,LSQ13dhj,B,duPont,mjd,56940.0,,,,,
D:\Thesis\pd\CSPAll\LSQ13dhj_V_comb_dup.fits,LSQ13dhj,V,duPont,mjd,56940.0,,,,,
D:\Thesis\pd\CSPAll\LSQ13dhj_V_comb_swo.fits,LSQ13dhj,V,Swope,mjd,56994.0,,,,,
D:\Thesis\pd\CSPAll\LSQ13dkp_B_comb_dup.fits,LSQ13dkp,B,duPont,mjd,57008.0,,,,,
D:\Thesis\pd\CSPAll\LSQ13dkp_V_comb_dup.fits,LSQ13dkp,V,duPont,mjd,57008.0,,,,,
D:\Thesis\pd\CSPAll\LSQ13dpm_B_comb_dup.fits,LSQ13dpm,B,duPont,mjd,57008.0,,,,,
D:\Thesis\pd\CSPAll\LSQ13dpm_V_comb_dup.fits,LSQ13dpm,V,duPont,mjd,57008.0,,,,,
D:\Thesis\pd\CSPAll\LSQ13dpm_V_comb_swo.fits,LSQ13dpm,V,Swope,mjd,56983.0,,,,,
D:\Thesis\pd\CSPAll\LSQ13dqh_B_comb_dup.fits,LSQ13dqh,B,duPont,mjd,57008.0,,,,,
D:\Thesis\pd\CSPAll\LSQ13dqh_V_comb_dup.fits,LSQ13dqh,V,duPont,mjd,57008.0,,,,,
D:\Thesis\pd\CSPAll\LSQ13dsm_B_comb_dup.fits,LSQ13dsm,B,duPont,mjd,57097.0,,,,,
D:\Thesis\pd\CSPAll\LSQ13dsm_V_comb_dup.fits,LSQ13dsm,V,duPont,mjd,57097.0,,,,,
D:\Thesis\pd\CSPAll\LSQ13pf_V_comb_swo.fits,LSQ13pf,V,Swope,mjd,56786.0,,,,,
D:\Thesis\pd\CSPAll\LSQ13ry_V_comb_swo.fits,LSQ13ry,V,Swope,mjd,56797.0,,,,,
D:\Thesis\pd\CSPAll\LSQ13vy_V_comb_swo.fits,LSQ13vy,V,Swope,mjd,56760.0,,,,,
D:\Thesis\pd\CSPAll\LSQ14act_B_comb_dup.fits,LSQ14act,B,duPont,mjd,57096.0,,,,,
D:\Thesis\pd\CSPAll\LSQ14act_V_comb_dup.fits,LSQ14act,V,duPont,mjd,57096.0,,,,,
D:\Thesis\pd\CSPAll\LSQ14age_B_comb_dup.fits,LSQ14age,B,duPont,mjd,57097.0,,,,,
D:\Thesis\pd\CSPAll\LSQ14age_V_comb_dup.fits,LSQ14age,V,duPont,mjd,57097.0,,,,,
D:\Thesis\pd\CSPAll\LSQ14ahc_B_comb_dup.fits,LSQ14ahc,B,duPont,mjd,57097.0,,,,,
D:\Thesis\pd\CSPAll\LSQ14ahc_V_comb_dup.fits,LSQ14ahc,V,duPont,mjd,57097.0,,,,,
D:\Thesis\pd\CSPAll\LSQ14ahm_B_comb_dup.fits,LSQ14ahm,B,duPont,mjd,57096.0,,,,,
D:\Thesis\pd\CSPAll\LSQ14ahm_V_comb_dup.fits,LSQ14ahm,V,duPont,mjd,57096.0,,,,,
D:\Thesis\pd\CSPAll\LSQ14ajn_B_comb_dup.fits,LSQ14ajn,B,duPont,mjd,57097.0,,,,,
D:\Thesis\pd\CSPAll\LSQ14ajn_V_comb_dup.fits,LSQ14ajn,V,duPont,mjd,57097.0,,,,,
D:\Thesis\pd\CSPAll\LSQ14ajn_V_comb_swo.fits,LSQ14ajn,V,Swope,mjd,57450.0,,,,,
D:\Thesis\pd\CSPAll\LSQ14asu_B_comb_dup.fits,LSQ14asu,B,duPont,mjd,57096.0,,,,,
D:\Thesis\pd\CSPAll\LSQ14asu_V_comb_dup.fits,LSQ14asu,V,duPont,mjd,57096.0,,,,,
D:\Thesis\pd\CSPAll\LSQ14asu_V_comb_swo.fits,LSQ14asu,V,Swope,mjd,57465.0,,,,,
D:\Thesis\pd\CSPAll\LSQ14auy_B_comb_dup.fits,LSQ14auy,B,duPont,mjd,57098.0,,,,,
D:\Thesis\pd\CSPAll\LSQ14auy_V_comb_dup.fits,LSQ14auy,V,duPont,mjd,57098.0,,,,,
D:\Thesis\pd\CSPAll\LSQ14azy_B_comb_dup.fits,LSQ14azy,B,duPont,mjd,57098.0,,,,,
D:\Thesis\pd\CSPAll\LSQ14azy_V_comb_dup.fits,LSQ14azy,V,duPont,mjd,57098.0,,,,,
D:\Thesis\pd\CSPAll\LSQ14ba_B_comb_dup.fits,LSQ14ba,B,duPont,mjd,57096.0,,,,,
D:\Thesis\pd\CSPAll\LSQ14ba_V_comb_dup.fits,LSQ14ba,V,duPont,mjd,57096.0,,,,,
D:\Thesis\pd\CSPAll\LSQ14bbv_B_comb_dup.fits,LSQ14bbv,B,duPont,mjd,57098.0,,,,,
D:\Thesis\pd\CSPAll\LSQ14bbv_V_comb_dup.fits,LSQ14bbv,V,duPont,mjd,57098.0,,,,,
D:\Thesis\pd\CSPAll\LSQ14bjj_B_comb_dup.fits,LSQ14bjj,B,duPont,mjd,57098.0,,,,,
D:\Thesis\pd\CSPAll\LSQ14bjj_V_comb_dup.fits,LSQ14bjj,V,duPont,mjd,57098.0,,,,,
D:\Thesis\pd\CSPAll\LSQ14fms_B_comb_dup.fits,LSQ14fms,B,duPont,mjd,57342.0,,,,,
D:\Thesis\pd\CSPAll\LSQ14fms_V_comb_dup.fits,LSQ14fms,V,duPont,mjd,57342.0,,,,,
D:\Thesis\pd\CSPAll\LSQ14foj_B_comb_dup.fits,LSQ14foj,B,duPont,mjd,57344.0,,,,,
D:\Thesis\pd\CSPAll\LSQ14foj_V_comb_dup.fits,LSQ14foj,V,duPont,mjd,57344.0,,,,,
D:\Thesis\pd\CSPAll\LSQ14fom_V_comb_swo.fits,LSQ14fom,V,Swope,mjd,57166.0,,,,,
D:\Thesis\pd\CSPAll\LSQ14gfb_B_comb_dup.fits,LSQ14gfb,B,duPont,mjd,57344.0,,,,,
D:\Thesis\pd\CSPAll\LSQ14gfb_V_comb_dup.fits,LSQ14gfb,V,duPont,mjd,57344.0,,,,,
D:\Thesis\pd\CSPAll\LSQ14gfb_V_comb_swo.fits,LSQ14gfb,V,Swope,mjd,57403.0,,,,,
D:\Thesis\pd\CSPAll\LSQ14gfn_B_comb_dup.fits,LSQ14gfn,B,duPont,mjd,57344.0,,,,,
D:\Thesis\pd\CSPAll\LSQ14gfn_V_comb_dup.fits,LSQ14gfn,V,duPont,mjd,57344.0,,,,,
D:\Thesis\pd\CSPAll\LSQ14gfn_V_comb_swo.fits,LSQ14gfn,V,Swope,mjd,57402.0,,,,,
D:\Thesis\pd\CSPAll\LSQ14ghv_B_comb_dup.fits,LSQ14ghv,B,duPont,mjd,57341.0,,,,,
D:\Thesis\pd\CSPAll\LSQ14ghv_V_comb_dup.fits,LSQ14ghv,V,duPont,mjd,57341.0,,,,,
D:\Thesis\pd\CSPAll\LSQ14ghv_V_comb_swo.fits,LSQ14ghv,V,Swope,mjd,57371.0,,,,,
D:\Thesis\pd\CSPAll\LSQ14gov_B_comb_dup.fits,LSQ14gov,B,duPont,mjd,57342.0,,,,,
D:\Thesis\pd\CSPAll\LSQ14gov_V_comb_dup.fits,LSQ14gov,V,duPont,mjd,57342.0,,,,,
D:\Thesis\pd\CSPAll\LSQ14ie_B_comb_dup.fits,LSQ14ie,B,duPont,mjd,57096.0,,,,,
D:\Thesis\pd\CSPAll\LSQ14ie_V_comb_dup.fits,LSQ14ie,V,duPont,mjd,57096.0,,,,,
D:\Thesis\pd\CSPAll\LSQ14ip_B_comb_dup.fits,LSQ14ip,B,duPont,mjd,57096.0,,,,,
D:\Thesis\pd\CSPAll\LSQ14ip_V_comb_dup.fits,LSQ14ip,V,duPont,mjd,57096.0,,,,,
D:\Thesis\pd\CSPAll\LSQ14jp_B_comb_dup.fits,LSQ14jp,B,duPont,mjd,57096.0,,,,,
D:\Thesis\pd\CSPAll\LSQ14jp_V_comb_dup.fits,LSQ14jp,V,duPont,mjd,57096.0,,,,,
D:\Thesis\pd\CSPAll\LSQ14mc_B_comb_dup.fits,LSQ14mc,B,duPont,mjd,57097.0,,,,,
D:\Thesis\pd\CSPAll\LSQ14mc_V_comb_dup.fits,LSQ14mc,V,duPont,mjd,57097.0,,,,,
D:\Thesis\pd\CSPAll\LSQ14q_B_comb_dup.fits,LSQ14q,B,duPont,mjd,57097.0,,,,,
D:\Thesis\pd\CSPAll\LSQ14q_V_comb_dup.fits,LSQ14q,V,duPont,mjd,57097.0,,,,,
D:\Thesis\pd\CSPAll\LSQ14wp_B_comb_dup.fits,LSQ14wp,B,duPont,mjd,57096.0,,,,,
D:\Thesis\pd\CSPAll\LSQ14wp_V_comb_dup.fits,LSQ14wp,V,duPont,mjd,57096.0,,,,,
D:\Thesis\pd\CSPAll\LSQ14wp_V_comb_swo.fits,LSQ14wp,V,Swope,mjd,57435.0,,,,,
D:\Thesis\pd\CSPAll\LSQ14xi_B_comb_dup.fits,LSQ14xi,B,duPont,mjd,57096.0,,,,,
D:\Thesis\pd\CSPAll\LSQ14xi_V_comb_dup.fits,LSQ14xi,V,duPont,mjd,57096.0,,,,,
D:\Thesis\pd\CSPAll\LSQ15aae_B_comb_dup.fits,LSQ15aae,B,duPont,mjd,57457.0,,,,,
D:\Thesis\pd\CSPAll\LSQ15aae_V_comb_dup.fits,LSQ15aae,V,duPont,mjd,57457.0,,,,,
D:\Thesis\pd\CSPAll\LSQ15agh_B_comb_dup.fits,LSQ15agh,B,duPont,mjd,57401.0,,,,,
D:\Thesis\pd\CSPAll\LSQ15agh_V_comb_dup.fits,LSQ15agh,V,duPont,mjd,57401.0,,,,,
D:\Thesis\pd\CSPAll\LSQ15aja_B_comb_dup.fits,LSQ15aja,B,duPont,mjd,58193.0,,,,,
D:\Thesis\pd\CSPAll\LSQ15aja_V_comb_dup.fits,LSQ15aja,V,duPont,mjd,58193.0,,,,,
D:\Thesis\pd\CSPAll\LSQ15aja_V_comb_swo.fits,LSQ15aja,V,Swope,mjd,57478.0,,,,,
D:\Thesis\pd\CSPAll\LSQ15alq_B_comb_dup.fits,LSQ15alq,B,duPont,mjd,57456.0,,,,,
D:\Thesis\pd\CSPAll\LSQ15alq_V_comb_dup.fits,LSQ15alq,V,duPont,mjd,57456.0,,,,,
D:\Thesis\pd\CSPAll\LSQ15alq_V_comb_swo.fits,LSQ15alq,V,Swope,mjd,57465.0,,,,,
D:\Thesis\pd\CSPAll\LSQ15bv_B_comb_dup.fits,LSQ15bv,B,duPont,mjd,57402.0,,,,,
D:\Thesis\pd\CSPAll\LSQ15bv_V_comb_dup.fits,LSQ15bv,V,duPont,mjd,57402.0,,,,,
D:\Thesis\pd\CSPAll\LSQ15bv_V_comb_swo.fits,LSQ15bv,V,Swope,mjd,57374.0,,,,,
D:\Thesis\pd\CSPAll\PS1-14xw_V_comb_swo.fits,PS1-14xw,V,Swope,mjd,57154.0,,,,,
D:\Thesis\pd\CSPAll\PS15sv_B_comb_dup.fits,PS15sv,B,duPont,mjd,57456.0,,,,,
D:\Thesis\pd\CSPAll\PS15sv_V_comb_dup.fits,PS15sv,V,duPont,mjd,57456.0,,,,,
D:\Thesis\pd\CSPAll\PS15sv_V_comb_swo.fits,PS15sv,V,Swope,mjd,57478.0,,,,,
D:\Thesis\pd\CSPAll\PTF11pbp_B_comb_dup.fits,PTF11pbp,B,duPont,mjd,56186.0,,,,,
D:\Thesis\pd\CSPAll\PTF11pbp_V_comb_dup.fits,PTF11pbp,V,duPont,mjd,56186.0,,,,,
D:\Thesis\pd\CSPAll\PTF11pbp_V_comb_swo.fits,PTF11pbp,V,Swope,mjd,56578.0,,,,,
D:\Thesis\pd\CSPAll\PTF11ppn_B_comb_dup.fits,PTF11ppn,B,duPont,mjd,56189.0,,,,,
D:\Thesis\pd\CSPAll\PTF11ppn_V_comb_dup.fits,PTF11ppn,V,duPont,mjd,56189.0,,,,,
D:\Thesis\pd\CSPAll\PTF11ppn_V_comb_swo.fits,PTF11ppn,V,Swope,mjd,56444.0,,,,,
D:\Thesis\pd\CSPAll\PTF11pra_B_comb_dup.fits,PTF11pra,B,duPont,mjd,56543.0,,,,,
D:\Thesis\pd\CSPAll\PTF11pra_V_comb_dup.fits,PTF11pra,V,duPont,mjd,56543.0,,,,,
D:\Thesis\pd\CSPAll\PTF11pra_V_comb_swo.fits,PTF11pra,V,Swope,mjd,56233.0,,,,,
D:\Thesis\pd\CSPAll\PTF13anh_B_comb_dup.fits,PTF13anh,B,duPont,mjd,56713.0,,,,,
D:\Thesis\pd\CSPAll\PTF13anh_V_comb_dup.fits,PTF13anh,V,duPont,mjd,56713.0,,,,,
D:\Thesis\pd\CSPAll\PTF13duj_B_comb_dup.fits,PTF13duj,B,duPont,mjd,56938.0,,,,,
D:\Thesis\pd\CSPAll\PTF13duj_V_comb_dup.fits,PTF13duj,V,duPont,mjd,56938.0,,,,,
D:\Thesis\pd\CSPAll\PTF13duj_V_comb_swo.fits,PTF13duj,V,Swope,mjd,58241.0,,,,,
D:\Thesis\pd\CSPAll\PTF13dwl_B_comb_dup.fits,PTF13dwl,B,duPont,mjd,56940.0,,,,,
D:\Thesis\pd\CSPAll\PTF13dwl_V_comb_dup.fits,PTF13dwl,V,duPont,mjd,56940.0,,,,,
D:\Thesis\pd\CSPAll\PTF13dym_B_comb_dup.fits,PTF13dym,B,duPont,mjd,56940.0,,,,,
D:\Thesis\pd\CSPAll\PTF13dym_V_comb_dup.fits,PTF13dym,V,duPont,mjd,56940.0,,,,,
D:\Thesis\pd\CSPAll\PTF13ebh_B_comb_dup.fits,PTF13ebh,B,duPont,mjd,57008.0,,,,,
D:\Thesis\pd\CSPAll\PTF13ebh_V_comb_dup.fits,PTF13ebh,V,duPont,mjd,57008.0,,,,,
D:\Thesis\pd\CSPAll\PTF13ebh_V_comb_swo.fits,PTF13ebh,V,Swope,mjd,57249.0,,,,,
D:\Thesis\pd\CSPAll\PTF13efe_B_comb_dup.fits,PTF13efe,B,duPont,mjd,58194.0,,,,,
D:\Thesis\pd\CSPAll\PTF13efe_V_comb_dup.fits,PTF13efe,V,duPont,mjd,58194.0,,,,,
D:\Thesis\pd\CSPAll\PTF13efe_V_comb_swo.fits,PTF13efe,V,Swope,mjd,57003.0,,,,,
D:\Thesis\pd\CSPAll\PTF13ez_B_comb_dup.fits,PTF13ez,B,duPont,mjd,56713.0,,,,,
D:\Thesis\pd\CSPAll\PTF13ez_V_comb_dup.fits,PTF13ez,V,duPont,mjd,56713.0,,,,,
D:\Thesis\pd\CSPAll\PTF14aje_B_comb_dup.fits,PTF14aje,B,duPont,mjd,57097.0,,,,,
D:\Thesis\pd\CSPAll\PTF14aje_V_comb_dup.fits,PTF14aje,V,duPont,mjd,57097.0,,,,,
D:\Thesis\pd\CSPAll\PTF14fpg_B_comb_dup.fits,PTF14fpg,B,duPont,mjd,57403.0,,,,,
D:\Thesis\pd\CSPAll\PTF14fpg_V_comb_dup.fits,PTF14fpg,V,duPont,mjd,57403.0,,,,,
D:\Thesis\pd\CSPAll\PTF14fpg_V_comb_swo.fits,PTF14fpg,V,Swope,mjd,57372.0,,,,,
D:\Thesis\pd\CSPAll\PTF14gnl_B_comb_dup.fits,PTF14gnl,B,duPont,mjd,57344.0,,,,,
D:\Thesis\pd\CSPAll\PTF14gnl_V_comb_dup.fits,PTF14gnl,V,duPont,mjd,57344.0,,,,,
D:\Thesis\pd\CSPAll\PTF14uo_B_comb_dup.fits,PTF14uo,B,duPont,mjd,57097.0,,,,,
D:\Thesis\pd\CSPAll\PTF14uo_V_comb_dup.fits,PTF14uo,V,duPont,mjd,57097.0,,,,,
D:\Thesis\pd\CSPAll\PTF14w_B_comb_dup.fits,PTF14w,B,duPont,mjd,57096.0,,,,,
D:\Thesis\pd\CSPAll\PTF14w_V_comb_dup.fits,PTF14w,V,duPont,mjd,57096.0,,,,,
D:\Thesis\pd\CSPAll\PTF14w_V_comb_swo.fits,PTF14w,V,Swope,mjd,56795.0,,,,,
D:\Thesis\pd\CSPAll\PTF14yy_B_comb_dup.fits,PTF14yy,B,duPont,mjd,57097.0,,,,,
D:\Thesis\pd\CSPAll\PTF14yy_V_comb_dup.fits,PTF14yy,V,duPont,mjd,57097.0,,,,,
D:\Thesis\pd\CSPAll\SN04dt_B_comb_dup.fits,SN04dt,B,duPont,mjd,53700.0,,,,,
D:\Thesis\pd\CSPAll\SN04dt_V_comb_dup.fits,SN04dt,V,duPont,mjd,53700.0,,,,,
D:\Thesis\pd\CSPAll\SN04ef_B_comb_dup.fits,SN04ef,B,duPont,mjd,53680.0,,,,,
D:\Thesis\pd\CSPAll\SN04ef_V_comb_dup.fits,SN04ef,V,duPont,mjd,53678.0,,,,,
D:\Thesis\pd\CSPAll\SN04eo_B_comb_dup.fits,SN04eo,B,duPont,mjd,53855.0,,,,,
D:\Thesis\pd\CSPAll\SN04eo_V_comb_dup.fits,SN04eo,V,duPont,mjd,53855.0,,,,,
D:\Thesis\pd\CSPAll\SN04ey_B_comb_dup.fits,SN04ey,B,duPont,mjd,53677.0,,,,,
D:\Thesis\pd\CSPAll\SN04ey_V_comb_dup.fits,SN04ey,V,duPont,mjd,53677.0,,,,,
D:\Thesis\pd\CSPAll\SN04gs_B_comb_dup.fits,SN04gs,B,duPont,mjd,53731.0,,,,,
D:\Thesis\pd\CSPAll\SN04gs_V_comb_dup.fits,SN04gs,V,duPont,mjd,53701.0,,,,,
D:\Thesis\pd\CSPAll\SN04gu_B_comb_dup.fits,SN04gu,B,duPont,mjd,53829.0,,,,,
D:\Thesis\pd\CSPAll\SN04gu_V_comb_dup.fits,SN04gu,V,duPont,mjd,53884.0,,,,,
D:\Thesis\pd\CSPAll\SN05A_B_comb_dup.fits,SN05A,B,duPont,mjd,53677.0,,,,,
D:\Thesis\pd\CSPAll\SN05A_V_comb_dup.fits,SN05A,V,duPont,mjd,53677.0,,,,,
D:\Thesis\pd\CSPAll\SN05ag_B_comb_dup.fits,SN05ag,B,duPont,mjd,53829.0,,,,,
D:\Thesis\pd\CSPAll\SN05ag_V_comb_dup.fits,SN05ag,V,duPont,mjd,53829.0,,,,,
D:\Thesis\pd\CSPAll\SN05al_B_comb_dup.fits,SN05al,B,duPont,mjd,53829.0,,,,,
D:\Thesis\pd\CSPAll\SN05al_V_comb_dup.fits,SN05al,V,duPont,mjd,53828.0,,,,,
D:\Thesis\pd\CSPAll\SN05am_B_comb_dup.fits,SN05am,B,duPont,mjd,53700.0,,,,,
D:\Thesis\pd\CSPAll\SN05am_V_comb_dup.fits,SN05am,V,duPont,mjd,53827.0,,,,,
D:\Thesis\pd\CSPAll\SN05be_B_comb_dup.fits,SN05be,B,duPont,mjd,53830.0,,,,,
D:\Thesis\pd\CSPAll\SN05be_V_comb_dup.fits,SN05be,V,duPont,mjd,53830.0,,,,,
D:\Thesis\pd\CSPAll\SN05bg_B_comb_dup.fits,SN05bg,B,duPont,mjd,53855.0,,,,,
D:\Thesis\pd\CSPAll\SN05bg_V_comb_dup.fits,SN05bg,V,duPont,mjd,53855.0,,,,,
D:\Thesis\pd\CSPAll\SN05bl_B_comb_dup.fits,SN05bl,B,duPont,mjd,53829.0,,,,,
D:\Thesis\pd\CSPAll\SN05bl_V_comb_dup.fits,SN05bl,V,duPont,mjd,53828.0,,,,,
D:\Thesis\pd\CSPAll\SN05bo_B_comb_dup.fits,SN05bo,B,duPont,mjd,53830.0,,,,,
D:\Thesis\pd\CSPAll\SN05bo_V_comb_dup.fits,SN05bo,V,duPont,mjd,53828.0,,,,,
D:\Thesis\pd\CSPAll\SN05el_B_comb_dup.fits,SN05el,B,duPont,mjd,53967.0,,,,,
D:\Thesis\pd\CSPAll\SN05el_V_comb_dup.fits,SN05el,V,duPont,mjd,53967.0,,,,,
D:\Thesis\pd\CSPAll\SN05eq_B_comb_dup.fits,SN05eq,B,duPont,mjd,53967.0,,,,,
D:\Thesis\pd\CSPAll\SN05eq_V_comb_dup.fits,SN05eq,V,duPont,mjd,53967.0,,,,,
D:\Thesis\pd\CSPAll\SN05gj_r_comb_dup.fits,SN05gj,R,duPont,mjd,53967.0,,,,,
D:\Thesis\pd\CSPAll\SN05gj_V_comb_dup.fits,SN05gj,V,duPont,mjd,53966.0,,,,,
D:\Thesis\pd\CSPAll\SN05hc_B_comb_dup.fits,SN05hc,B,duPont,mjd,53966.0,,,,,
D:\Thesis\pd\CSPAll\SN05hc_V_comb_dup.fits,SN05hc,V,duPont,mjd,53965.0,,,,,
D:\Thesis\pd\CSPAll\SN05hj_B_comb_dup.fits,SN05hj,B,duPont,mjd,53966.0,,,,,
D:\Thesis\pd\CSPAll\SN05hj_V_comb_dup.fits,SN05hj,V,duPont,mjd,53965.0,,,,,
D:\Thesis\pd\CSPAll\SN05hk_B_comb_dup.fits,SN05hk,B,duPont,mjd,53967.0,,,,,
D:\Thesis\pd\CSPAll\SN05hk_V_comb_dup.fits,SN05hk,V,duPont,mjd,53898.0,,,,,
D:\Thesis\pd\CSPAll\SN05iq_B_comb_dup.fits,SN05iq,B,duPont,mjd,53898.0,,,,,
D:\Thesis\pd\CSPAll\SN05iq_V_comb_dup.fits,SN05iq,V,duPont,mjd,53898.0,,,,,
D:\Thesis\pd\CSPAll\SN05ir_B_comb_dup.fits,SN05ir,B,duPont,mjd,53898.0,,,,,
D:\Thesis\pd\CSPAll\SN05ir_V_comb_dup.fits,SN05ir,V,duPont,mjd,53898.0,,,,,
D:\Thesis\pd\CSPAll\SN05kc_B_comb_dup.fits,SN05kc,B,duPont,mjd,53966.0,,,,,
D:\Thesis\pd\CSPAll\SN05kc_V_comb_dup.fits,SN05kc,V,duPont,mjd,53966.0,,,,,
D:\Thesis\pd\CSPAll\SN05ke_V_comb_swo.fits,SN05ke,V,Swope,mjd,54163.0,,,,,
D:\Thesis\pd\CSPAll\SN05ki_V_comb_swo.fits,SN05ki,V,Swope,mjd,54154.0,,,,,
D:\Thesis\pd\CSPAll\SN05ku_V_comb_swo.fits,SN05ku,V,Swope,mjd,54348.0,,,,,
D:\Thesis\pd\CSPAll\SN05lu_B_comb_dup.fits,SN05lu,B,duPont,mjd,53966.0,,,,,
D:\Thesis\pd\CSPAll\SN05lu_V_comb_dup.fits,SN05lu,V,duPont,mjd,53966.0,,,,,
D:\Thesis\pd\CSPAll\SN05M_B_comb_dup.fits,SN05M,B,duPont,mjd,53829.0,,,,,
D:\Thesis\pd\CSPAll\SN05M_V_comb_dup.fits,SN05M,V,duPont,mjd,53830.0,,,,,
D:\Thesis\pd\CSPAll\SN05mc_V_comb_swo.fits,SN05mc,V,Swope,mjd,54545.0,,,,,
D:\Thesis\pd\CSPAll\SN05na_V_comb_swo.fits,SN05na,V,Swope,mjd,54154.0,,,,,
D:\Thesis\pd\CSPAll\SN05W_B_comb_dup.fits,SN05W,B,duPont,mjd,53680.0,,,,,
D:\Thesis\pd\CSPAll\SN05W_V_comb_dup.fits,SN05W,V,duPont,mjd,53680.0,,,,,
D:\Thesis\pd\CSPAll\SN06ax_B_comb_dup.fits,SN06ax,B,duPont,mjd,54539.0,,,,,
D:\Thesis\pd\CSPAll\SN06ax_V_comb_dup.fits,SN06ax,V,duPont,mjd,54539.0,,,,,
D:\Thesis\pd\CSPAll\SN06bd_B_comb_dup.fits,SN06bd,B,duPont,mjd,54531.0,,,,,
D:\Thesis\pd\CSPAll\SN06bd_V_comb_dup.fits,SN06bd,V,duPont,mjd,54531.0,,,,,
D:\Thesis\pd\CSPAll\SN06bh_V_comb_swo.fits,SN06bh,V,Swope,mjd,54378.0,,,,,
D:\Thesis\pd\CSPAll\SN06br_B_comb_dup.fits,SN06br,B,duPont,mjd,54539.0,,,,,
D:\Thesis\pd\CSPAll\SN06bt_V_comb_swo.fits,SN06bt,V,Swope,mjd,54331.0,,,,,
D:\Thesis\pd\CSPAll\SN06D_B_comb_dup.fits,SN06D,B,duPont,mjd,54512.0,,,,,
D:\Thesis\pd\CSPAll\SN06D_V_comb_dup.fits,SN06D,V,duPont,mjd,54512.0,,,,,
D:\Thesis\pd\CSPAll\SN06dd_V_comb_swo.fits,SN06dd,V,Swope,mjd,54472.0,,,,,
D:\Thesis\pd\CSPAll\SN06ef_B_comb_dup.fits,SN06ef,B,duPont,mjd,54388.0,,,,,
D:\Thesis\pd\CSPAll\SN06ef_V_comb_dup.fits,SN06ef,V,duPont,mjd,54388.0,,,,,
D:\Thesis\pd\CSPAll\SN06ej_B_comb_dup.fits,SN06ej,B,duPont,mjd,54387.0,,,,,
D:\Thesis\pd\CSPAll\SN06ej_V_comb_dup.fits,SN06ej,V,duPont,mjd,54387.0,,,,,
D:\Thesis\pd\CSPAll\SN06eq_V_comb_swo.fits,SN06eq,V,Swope,mjd,54349.0,,,,,
D:\Thesis\pd\CSPAll\SN06et_B_comb_dup.fits,SN06et,B,duPont,mjd,54386.0,,,,,
D:\Thesis\pd\CSPAll\SN06et_V_comb_dup.fits,SN06et,V,duPont,mjd,54386.0,,,,,
D:\Thesis\pd\CSPAll\SN06ev_V_comb_swo.fits,SN06ev,V,Swope,mjd,54351.0,,,,,
D:\Thesis\pd\CSPAll\SN06fw_B_comb_dup.fits,SN06fw,B,duPont,mjd,54386.0,,,,,
D:\Thesis\pd\CSPAll\SN06fw_V_comb_dup.fits,SN06fw,V,duPont,mjd,54386.0,,,,,
D:\Thesis\pd\CSPAll\SN06gj_V_comb_swo.fits,SN06gj,V,Swope,mjd,54468.0,,,,,
D:\Thesis\pd\CSPAll\SN06gt_V_comb_swo.fits,SN06gt,V,Swope,mjd,54349.0,,,,,
D:\Thesis\pd\CSPAll\SN06hb_V_comb_swo.fits,SN06hb,V,Swope,mjd,54397.0,,,,,
D:\Thesis\pd\CSPAll\SN06hx_B_comb_dup.fits,SN06hx,B,duPont,mjd,54388.0,,,,,
D:\Thesis\pd\CSPAll\SN06hx_V_comb_dup.fits,SN06hx,V,duPont,mjd,54388.0,,,,,
D:\Thesis\pd\CSPAll\SN06is_V_comb_swo.fits,SN06is,V,Swope,mjd,54423.0,,,,,
D:\Thesis\pd\CSPAll\SN06kf_B_comb_dup.fits,SN06kf,B,duPont,mjd,54387.0,,,,,
D:\Thesis\pd\CSPAll\SN06kf_V_comb_dup.fits,SN06kf,V,duPont,mjd,54387.0,,,,,
D:\Thesis\pd\CSPAll\SN06lu_B_comb_dup.fits,SN06lu,B,duPont,mjd,54512.0,,,,,
D:\Thesis\pd\CSPAll\SN06lu_V_comb_dup.fits,SN06lu,V,duPont,mjd,54512.0,,,,,
D:\Thesis\pd\CSPAll\SN06ob_V_comb_swo.fits,SN06ob,V,Swope,mjd,54349.0,,,,,
D:\Thesis\pd\CSPAll\SN06os_B_comb_dup.fits,SN06os,B,duPont,mjd,54773.0,,,,,
D:\Thesis\pd\CSPAll\SN06os_V_comb_dup.fits,SN06os,V,duPont,mjd,54773.0,,,,,
D:\Thesis\pd\CSPAll\SN06ot_B_comb_dup.fits,SN06ot,B,duPont,mjd,54512.0,,,,,
D:\Thesis\pd\CSPAll\SN06ot_V_comb_dup.fits,SN06ot,V,duPont,mjd,54512.0,,,,,
D:\Thesis\pd\CSPAll\SN06py_V_comb_swo.fits,SN06py,V,Swope,mjd,54407.0,,,,,
D:\Thesis\pd\CSPAll\SN07af_B_comb_dup.fits,SN07af,B,duPont,mjd,54891.0,,,,,
D:\Thesis\pd\CSPAll\SN07af_V_comb_dup.fits,SN07af,V,duPont,mjd,54891.0,,,,,
D:\Thesis\pd\CSPAll\SN07ai_V_comb_swo.fits,SN07ai,V,Swope,mjd,54379.0,,,,,
D:\Thesis\pd\CSPAll\SN07al_B_comb_dup.fits,SN07al,B,duPont,mjd,54531.0,,,,,
D:\Thesis\pd\CSPAll\SN07al_V_comb_dup.fits,SN07al,V,duPont,mjd,54531.0,,,,,
D:\Thesis\pd\CSPAll\SN07as_B_comb_dup.fits,SN07as,B,duPont,mjd,54538.0,,,,,
D:\Thesis\pd\CSPAll\SN07as_V_comb_dup.fits,SN07as,V,duPont,mjd,54538.0,,,,,
D:\Thesis\pd\CSPAll\SN07ax_V_comb_swo.fits,SN07ax,V,Swope,mjd,54562.0,,,,,
D:\Thesis\pd\CSPAll\SN07ba_B_comb_dup.fits,SN07ba,B,duPont,mjd,54945.0,,,,,
D:\Thesis\pd\CSPAll\SN07ba_V_comb_dup.fits,SN07ba,V,duPont,mjd,54945.0,,,,,
D:\Thesis\pd\CSPAll\SN07bc_B_comb_dup.fits,SN07bc,B,duPont,mjd,54895.0,,,,,
D:\Thesis\pd\CSPAll\SN07bc_V_comb_dup.fits,SN07bc,V,duPont,mjd,54948.0,,,,,
D:\Thesis\pd\CSPAll\SN07bd_B_comb_dup.fits,SN07bd,B,duPont,mjd,54890.0,,,,,
D:\Thesis\pd\CSPAll\SN07bd_V_comb_dup.fits,SN07bd,V,duPont,mjd,54890.0,,,,,
D:\Thesis\pd\CSPAll\SN07bm_B_comb_dup.fits,SN07bm,B,duPont,mjd,54945.0,,,,,
D:\Thesis\pd\CSPAll\SN07bm_V_comb_dup.fits,SN07bm,V,duPont,mjd,54945.0,,,,,
D:\Thesis\pd\CSPAll\SN07ca_B_comb_dup.fits,SN07ca,B,duPont,mjd,54895.0,,,,,
D:\Thesis\pd\CSPAll\SN07ca_V_comb_dup.fits,SN07ca,V,duPont,mjd,54894.0,,,,,
D:\Thesis\pd\CSPAll\SN07cg_B_comb_dup.fits,SN07cg,B,duPont,mjd,54512.0,,,,,
D:\Thesis\pd\CSPAll\SN07cg_V_comb_dup.fits,SN07cg,V,duPont,mjd,54512.0,,,,,
D:\Thesis\pd\CSPAll\SN07hj_B_comb_dup.fits,SN07hj,B,duPont,mjd,55057.0,,,,,
D:\Thesis\pd\CSPAll\SN07hj_V_comb_dup.fits,SN07hj,V,duPont,mjd,55057.0,,,,,
D:\Thesis\pd\CSPAll\SN07hx_B_comb_dup.fits,SN07hx,B,duPont,mjd,55122.0,,,,,
D:\Thesis\pd\CSPAll\SN07hx_V_comb_dup.fits,SN07hx,V,duPont,mjd,55057.0,,,,,
D:\Thesis\pd\CSPAll\SN07jd_B_comb_dup.fits,SN07jd,B,duPont,mjd,55122.0,,,,,
D:\Thesis\pd\CSPAll\SN07jd_V_comb_dup.fits,SN07jd,V,duPont,mjd,55122.0,,,,,
D:\Thesis\pd\CSPAll\SN07jg_B_comb_dup.fits,SN07jg,B,duPont,mjd,54890.0,,,,,
D:\Thesis\pd\CSPAll\SN07jg_V_comb_dup.fits,SN07jg,V,duPont,mjd,54889.0,,,,,
D:\Thesis\pd\CSPAll\SN07jh_B_comb_dup.fits,SN07jh,B,duPont,mjd,55124.0,,,,,
D:\Thesis\pd\CSPAll\SN07jh_V_comb_dup.fits,SN07jh,V,duPont,mjd,55124.0,,,,,
D:\Thesis\pd\CSPAll\SN07le_B_comb_dup.fits,SN07le,B,duPont,mjd,55122.0,,,,,
D:\Thesis\pd\CSPAll\SN07le_V_comb_dup.fits,SN07le,V,duPont,mjd,55122.0,,,,,
D:\Thesis\pd\CSPAll\SN07N_B_comb_dup.fits,SN07N,B,duPont,mjd,54531.0,,,,,
D:\Thesis\pd\CSPAll\SN07N_V_comb_dup.fits,SN07N,V,duPont,mjd,54531.0,,,,,
D:\Thesis\pd\CSPAll\SN07nq_B_comb_dup.fits,SN07nq,B,duPont,mjd,55123.0,,,,,
D:\Thesis\pd\CSPAll\SN07nq_V_comb_dup.fits,SN07nq,V,duPont,mjd,55123.0,,,,,
D:\Thesis\pd\CSPAll\SN07ol_B_comb_dup.fits,SN07ol,B,duPont,mjd,55121.0,,,,,
D:\Thesis\pd\CSPAll\SN07ol_V_comb_dup.fits,SN07ol,V,duPont,mjd,55121.0,,,,,
D:\Thesis\pd\CSPAll\SN07on_B_comb_dup.fits,SN07on,B,duPont,mjd,55125.0,,,,,
D:\Thesis\pd\CSPAll\SN07on_V_comb_dup.fits,SN07on,V,duPont,mjd,55125.0,,,,,
D:\Thesis\pd\CSPAll\SN07S_B_comb_dup.fits,SN07S,B,duPont,mjd,54512.0,,,,,
D:\Thesis\pd\CSPAll\SN07S_V_comb_dup.fits,SN07S,V,duPont,mjd,54512.0,,,,,
D:\Thesis\pd\CSPAll\SN07so_B_comb_dup.fits,SN07so,B,duPont,mjd,55123.0,,,,,
D:\Thesis\pd\CSPAll\SN07so_V_comb_dup.fits,SN07so,V,duPont,mjd,55125.0,,,,,
D:\Thesis\pd\CSPAll\SN07st_B_comb_dup.fits,SN07st,B,duPont,mjd,55121.0,,,,,
D:\Thesis\pd\CSPAll\SN07st_V_comb_dup.fits,SN07st,V,duPont,mjd,55121.0,,,,,
D:\Thesis\pd\CSPAll\SN07ux_B_comb_dup.fits,SN07ux,B,duPont,mjd,54949.0,,,,,
D:\Thesis\pd\CSPAll\SN07ux_V_comb_dup.fits,SN07ux,V,duPont,mjd,54949.0,,,,,
D:\Thesis\pd\CSPAll\SN08ae_B_comb_dup.fits,SN08ae,B,duPont,mjd,54891.0,,,,,
D:\Thesis\pd\CSPAll\SN08ae_V_comb_dup.fits,SN08ae,V,duPont,mjd,54890.0,,,,,
D:\Thesis\pd\CSPAll\SN08ar_B_comb_dup.fits,SN08ar,B,duPont,mjd,54950.0,,,,,
D:\Thesis\pd\CSPAll\SN08ar_V_comb_dup.fits,SN08ar,V,duPont,mjd,54950.0,,,,,
D:\Thesis\pd\CSPAll\SN08bc_B_comb_dup.fits,SN08bc,B,duPont,mjd,55206.0,,,,,
D:\Thesis\pd\CSPAll\SN08bc_V_comb_dup.fits,SN08bc,V,duPont,mjd,55206.0,,,,,
D:\Thesis\pd\CSPAll\SN08bd_B_comb_dup.fits,SN08bd,B,duPont,mjd,54951.0,,,,,
D:\Thesis\pd\CSPAll\SN08bd_V_comb_dup.fits,SN08bd,V,duPont,mjd,54951.0,,,,,
D:\Thesis\pd\CSPAll\SN08bi_B_comb_dup.fits,SN08bi,B,duPont,mjd,54892.0,,,,,
D:\Thesis\pd\CSPAll\SN08bi_V_comb_dup.fits,SN08bi,V,duPont,mjd,54892.0,,,,,
D:\Thesis\pd\CSPAll\SN08bq_B_comb_dup.fits,SN08bq,B,duPont,mjd,54892.0,,,,,
D:\Thesis\pd\CSPAll\SN08bq_V_comb_dup.fits,SN08bq,V,duPont,mjd,54892.0,,,,,
D:\Thesis\pd\CSPAll\SN08bt_B_comb_dup.fits,SN08bt,B,duPont,mjd,54895.0,,,,,
D:\Thesis\pd\CSPAll\SN08bt_V_comb_dup.fits,SN08bt,V,duPont,mjd,54895.0,,,,,
D:\Thesis\pd\CSPAll\SN08bz_B_comb_dup.fits,SN08bz,B,duPont,mjd,54953.0,,,,,
D:\Thesis\pd\CSPAll\SN08bz_V_comb_dup.fits,SN08bz,V,duPont,mjd,54953.0,,,,,
D:\Thesis\pd\CSPAll\SN08C_B_comb_dup.fits,SN08C,B,duPont,mjd,55187.0,,,,,
D:\Thesis\pd\CSPAll\SN08C_V_comb_dup.fits,SN08C,V,duPont,mjd,55187.0,,,,,
D:\Thesis\pd\CSPAll\SN08cc_B_comb_dup.fits,SN08cc,B,duPont,mjd,55777.0,,,,,
D:\Thesis\pd\CSPAll\SN08cc_V_comb_dup.fits,SN08cc,V,duPont,mjd,55777.0,,,,,
D:\Thesis\pd\CSPAll\SN08cd_B_comb_dup.fits,SN08cd,B,duPont,mjd,54948.0,,,,,
D:\Thesis\pd\CSPAll\SN08cd_V_comb_dup.fits,SN08cd,V,duPont,mjd,54945.0,,,,,
D:\Thesis\pd\CSPAll\SN08cf_B_comb_dup.fits,SN08cf,B,duPont,mjd,55244.0,,,,,
D:\Thesis\pd\CSPAll\SN08cf_V_comb_dup.fits,SN08cf,V,duPont,mjd,55244.0,,,,,
D:\Thesis\pd\CSPAll\SN08fl_B_comb_dup.fits,SN08fl,B,duPont,mjd,55796.0,,,,,
D:\Thesis\pd\CSPAll\SN08fl_V_comb_dup.fits,SN08fl,V,duPont,mjd,55796.0,,,,,
D:\Thesis\pd\CSPAll\SN08fp_B_comb_dup.fits,SN08fp,B,duPont,mjd,55244.0,,,,,
D:\Thesis\pd\CSPAll\SN08fp_V_comb_dup.fits,SN08fp,V,duPont,mjd,55244.0,,,,,
D:\Thesis\pd\CSPAll\SN08fr_B_comb_dup.fits,SN08fr,B,duPont,mjd,55794.0,,,,,
D:\Thesis\pd\CSPAll\SN08fr_V_comb_dup.fits,SN08fr,V,duPont,mjd,55794.0,,,,,
D:\Thesis\pd\CSPAll\SN08fu_B_comb_dup.fits,SN08fu,B,duPont,mjd,55207.0,,,,,
D:\Thesis\pd\CSPAll\SN08fu_V_comb_dup.fits,SN08fu,V,duPont,mjd,55207.0,,,,,
D:\Thesis\pd\CSPAll\SN08fw_B_comb_dup.fits,SN08fw,B,duPont,mjd,55576.0,,,,,
D:\Thesis\pd\CSPAll\SN08fw_V_comb_dup.fits,SN08fw,V,duPont,mjd,56067.0,,,,,
D:\Thesis\pd\CSPAll\SN08gg_B_comb_dup.fits,SN08gg,B,duPont,mjd,55541.0,,,,,
D:\Thesis\pd\CSPAll\SN08gg_V_comb_dup.fits,SN08gg,V,duPont,mjd,55541.0,,,,,
D:\Thesis\pd\CSPAll\SN08gl_B_comb_dup.fits,SN08gl,B,duPont,mjd,55527.0,,,,,
D:\Thesis\pd\CSPAll\SN08gl_V_comb_dup.fits,SN08gl,V,duPont,mjd,55527.0,,,,,
D:\Thesis\pd\CSPAll\SN08go_B_comb_dup.fits,SN08go,B,duPont,mjd,55794.0,,,,,
D:\Thesis\pd\CSPAll\SN08go_V_comb_dup.fits,SN08go,V,duPont,mjd,55794.0,,,,,
D:\Thesis\pd\CSPAll\SN08gp_B_comb_dup.fits,SN08gp,B,duPont,mjd,55202.0,,,,,
D:\Thesis\pd\CSPAll\SN08gp_V_comb_dup.fits,SN08gp,V,duPont,mjd,55202.0,,,,,
D:\Thesis\pd\CSPAll\SN08ha_V_comb_swo.fits,SN08ha,V,Swope,mjd,55157.0,,,,,
D:\Thesis\pd\CSPAll\SN08hj_B_comb_dup.fits,SN08hj,B,duPont,mjd,55540.0,,,,,
D:\Thesis\pd\CSPAll\SN08hj_V_comb_dup.fits,SN08hj,V,duPont,mjd,55540.0,,,,,
D:\Thesis\pd\CSPAll\SN08hu_B_comb_dup.fits,SN08hu,B,duPont,mjd,55185.0,,,,,
D:\Thesis\pd\CSPAll\SN08hu_V_comb_dup.fits,SN08hu,V,duPont,mjd,55185.0,,,,,
D:\Thesis\pd\CSPAll\SN08hv_V_comb_dup.fits,SN08hv,V,duPont,mjd,55188.0,,,,,
D:\Thesis\pd\CSPAll\SN08ia_B_comb_dup.fits,SN08ia,B,duPont,mjd,55206.0,,,,,
D:\Thesis\pd\CSPAll\SN08ia_V_comb_dup.fits,SN08ia,V,duPont,mjd,55206.0,,,,,
D:\Thesis\pd\CSPAll\SN08J_B_comb_dup.fits,SN08J,B,duPont,mjd,55205.0,,,,,
D:\Thesis\pd\CSPAll\SN08J_V_comb_dup.fits,SN08J,V,duPont,mjd,55205.0,,,,,
D:\Thesis\pd\CSPAll\SN08O_B_comb_dup.fits,SN08O,B,duPont,mjd,54893.0,,,,,
D:\Thesis\pd\CSPAll\SN08O_V_comb_dup.fits,SN08O,V,duPont,mjd,54893.0,,,,,
D:\Thesis\pd\CSPAll\SN08R_B_comb_dup.fits,SN08R,B,duPont,mjd,55124.0,,,,,
D:\Thesis\pd\CSPAll\SN08R_V_comb_dup.fits,SN08R,V,duPont,mjd,55124.0,,,,,
D:\Thesis\pd\CSPAll\SN09aa_V_comb_swo.fits,SN09aa,V,Swope,mjd,55970.0,,,,,
D:\Thesis\pd\CSPAll\SN09ab_B_comb_dup.fits,SN09ab,B,duPont,mjd,55540.0,,,,,
D:\Thesis\pd\CSPAll\SN09ab_V_comb_dup.fits,SN09ab,V,duPont,mjd,55540.0,,,,,
D:\Thesis\pd\CSPAll\SN09ad_B_comb_dup.fits,SN09ad,B,duPont,mjd,55541.0,,,,,
D:\Thesis\pd\CSPAll\SN09ad_V_comb_dup.fits,SN09ad,V,duPont,mjd,55540.0,,,,,
D:\Thesis\pd\CSPAll\SN09ag_B_comb_dup.fits,SN09ag,B,duPont,mjd,55528.0,,,,,
D:\Thesis\pd\CSPAll\SN09ag_V_comb_dup.fits,SN09ag,V,duPont,mjd,55528.0,,,,,
D:\Thesis\pd\CSPAll\SN09al_B_comb_dup.fits,SN09al,B,duPont,mjd,56038.0,,,,,
D:\Thesis\pd\CSPAll\SN09al_V_comb_dup.fits,SN09al,V,duPont,mjd,56038.0,,,,,
D:\Thesis\pd\CSPAll\SN09cz_B_comb_dup.fits,SN09cz,B,duPont,mjd,55575.0,,,,,
D:\Thesis\pd\CSPAll\SN09cz_V_comb_dup.fits,SN09cz,V,duPont,mjd,55575.0,,,,,
D:\Thesis\pd\CSPAll\SN09D_B_comb_dup.fits,SN09D,B,duPont,mjd,55540.0,,,,,
D:\Thesis\pd\CSPAll\SN09D_V_comb_dup.fits,SN09D,V,duPont,mjd,55540.0,,,,,
D:\Thesis\pd\CSPAll\SN09dc_B_comb_dup.fits,SN09dc,B,duPont,mjd,55777.0,,,,,
D:\Thesis\pd\CSPAll\SN09dc_V_comb_dup.fits,SN09dc,V,duPont,mjd,55777.0,,,,,
D:\Thesis\pd\CSPAll\SN09ds_B_comb_dup.fits,SN09ds,B,duPont,mjd,55576.0,,,,,
D:\Thesis\pd\CSPAll\SN09ds_V_comb_dup.fits,SN09ds,V,duPont,mjd,55576.0,,,,,
D:\Thesis\pd\CSPAll\SN09F_B_comb_dup.fits,SN09F,B,duPont,mjd,55203.0,,,,,
D:\Thesis\pd\CSPAll\SN09F_V_comb_dup.fits,SN09F,V,duPont,mjd,55203.0,,,,,
D:\Thesis\pd\CSPAll\SN09I_B_comb_dup.fits,SN09I,B,duPont,mjd,55542.0,,,,,
D:\Thesis\pd\CSPAll\SN09I_V_comb_dup.fits,SN09I,V,duPont,mjd,55527.0,,,,,
D:\Thesis\pd\CSPAll\SN09J_B_comb_dup.fits,SN09J,B,duPont,mjd,55188.0,,,,,
D:\Thesis\pd\CSPAll\SN09J_V_comb_dup.fits,SN09J,V,duPont,mjd,55188.0,,,,,
D:\Thesis\pd\CSPAll\SN09le_B_comb_dup.fits,SN09le,B,duPont,mjd,55526.0,,,,,
D:\Thesis\pd\CSPAll\SN09le_V_comb_dup.fits,SN09le,V,duPont,mjd,55526.0,,,,,
D:\Thesis\pd\CSPAll\SN09P_B_comb_dup.fits,SN09P,B,duPont,mjd,56039.0,,,,,
D:\Thesis\pd\CSPAll\SN09P_V_comb_dup.fits,SN09P,V,duPont,mjd,56039.0,,,,,
D:\Thesis\pd\CSPAll\SN09Y_B_comb_dup.fits,SN09Y,B,duPont,mjd,56038.0,,,,,
D:\Thesis\pd\CSPAll\SN09Y_V_comb_dup.fits,SN09Y,V,duPont,mjd,56038.0,,,,,
D:\Thesis\pd\CSPAll\SN10ae_B_comb_dup.fits,SN10ae,B,duPont,mjd,56037.0,,,,,
D:\Thesis\pd\CSPAll\SN10ae_V_comb_dup.fits,SN10ae,V,duPont,mjd,56037.0,,,,,
D:\Thesis\pd\CSPAll\SN2011im_V_comb_swo.fits,SN2011im,V,Swope,mjd,56444.0,,,,,
D:\Thesis\pd\CSPAll\SN2011iv_B_comb_dup.fits,SN2011iv,B,duPont,mjd,56189.0,,,,,
D:\Thesis\pd\CSPAll\SN2011iv_V_comb_dup.fits,SN2011iv,V,duPont,mjd,56189.0,,,,,
D:\Thesis\pd\CSPAll\SN2011iv_V_comb_swo.fits,SN2011iv,V,Swope,mjd,56006.0,,,,,
D:\Thesis\pd\CSPAll\SN2011iy_B_comb_dup.fits,SN2011iy,B,duPont,mjd,56369.0,,,,,
D:\Thesis\pd\CSPAll\SN2011iy_V_comb_dup.fits,SN2011iy,V,duPont,mjd,56369.0,,,,,
D:\Thesis\pd\CSPAll\SN2011iy_V_comb_swo.fits,SN2011iy,V,Swope,mjd,55994.0,,,,,
D:\Thesis\pd\CSPAll\SN2011jh_B_comb_dup.fits,SN2011jh,B,duPont,mjd,56369.0,,,,,
D:\Thesis\pd\CSPAll\SN2011jh_V_comb_dup.fits,SN2011jh,V,duPont,mjd,56369.0,,,,,
D:\Thesis\pd\CSPAll\SN2011jh_V_comb_swo.fits,SN2011jh,V,Swope,mjd,56034.0,,,,,
D:\Thesis\pd\CSPAll\SN2011jn_B_comb_dup.fits,SN2011jn,B,duPont,mjd,56369.0,,,,,
D:\Thesis\pd\CSPAll\SN2011jn_V_comb_dup.fits,SN2011jn,V,duPont,mjd,56369.0,,,,,
D:\Thesis\pd\CSPAll\SN2011jt_B_comb_dup.fits,SN2011jt,B,duPont,mjd,56540.0,,,,,
D:\Thesis\pd\CSPAll\SN2011jt_V_comb_dup.fits,SN2011jt,V,duPont,mjd,56540.0,,,,,
D:\Thesis\pd\CSPAll\SN2011jt_V_comb_swo.fits,SN2011jt,V,Swope,mjd,56426.0,,,,,
D:\Thesis\pd\CSPAll\SN2012aq_B_comb_dup.fits,SN2012aq,B,duPont,mjd,56369.0,,,,,
D:\Thesis\pd\CSPAll\SN2012aq_V_comb_dup.fits,SN2012aq,V,duPont,mjd,56369.0,,,,,
D:\Thesis\pd\CSPAll\SN2012ar_B_comb_dup.fits,SN2012ar,B,duPont,mjd,56369.0,,,,,
D:\Thesis\pd\CSPAll\SN2012ar_V_comb_dup.fits,SN2012ar,V,duPont,mjd,56369.0,,,,,
D:\Thesis\pd\CSPAll\SN2012ar_V_comb_swo.fits,SN2012ar,V,Swope,mjd,56405.0,,,,,
D:\Thesis\pd\CSPAll\SN2012bl_B_comb_dup.fits,SN2012bl,B,duPont,mjd,56369.0,,,,,
D:\Thesis\pd\CSPAll\SN2012bl_V_comb_dup.fits,SN2012bl,V,duPont,mjd,56369.0,,,,,
D:\Thesis\pd\CSPAll\SN2012bl_V_comb_swo.fits,SN2012bl,V,Swope,mjd,56403.0,,,,,
D:\Thesis\pd\CSPAll\SN2012bo_B_comb_dup.fits,SN2012bo,B,duPont,mjd,56369.0,,,,,
D:\Thesis\pd\CSPAll\SN2012bo_V_comb_dup.fits,SN2012bo,V,duPont,mjd,56369.0,,,,,
D:\Thesis\pd\CSPAll\SN2012bo_V_comb_swo.fits,SN2012bo,V,Swope,mjd,58238.0,,,,,
D:\Thesis\pd\CSPAll\SN2012E_B_comb_dup.fits,SN2012E,B,duPont,mjd,56543.0,,,,,
D:\Thesis\pd\CSPAll\SN2012E_V_comb_dup.fits,SN2012E,V,duPont,mjd,56543.0,,,,,
D:\Thesis\pd\CSPAll\SN2012E_V_comb_swo.fits,SN2012E,V,Swope,mjd,57404.0,,,,,
D:\Thesis\pd\CSPAll\SN2012fr_B_comb_dup.fits,SN2012fr,B,duPont,mjd,56575.0,,,,,
D:\Thesis\pd\CSPAll\SN2012fr_V_comb_dup.fits,SN2012fr,V,duPont,mjd,56575.0,,,,,
D:\Thesis\pd\CSPAll\SN2012fr_V_comb_swo.fits,SN2012fr,V,Swope,mjd,56346.0,,,,,
D:\Thesis\pd\CSPAll\SN2012G_B_comb_dup.fits,SN2012G,B,duPont,mjd,56369.0,,,,,
D:\Thesis\pd\CSPAll\SN2012G_V_comb_dup.fits,SN2012G,V,duPont,mjd,56369.0,,,,,
D:\Thesis\pd\CSPAll\SN2012gm_B_comb_dup.fits,SN2012gm,B,duPont,mjd,56938.0,,,,,
D:\Thesis\pd\CSPAll\SN2012gm_V_comb_dup.fits,SN2012gm,V,duPont,mjd,56938.0,,,,,
D:\Thesis\pd\CSPAll\SN2012hl_B_comb_dup.fits,SN2012hl,B,duPont,mjd,56940.0,,,,,
D:\Thesis\pd\CSPAll\SN2012hl_V_comb_dup.fits,SN2012hl,V,duPont,mjd,56940.0,,,,,
D:\Thesis\pd\CSPAll\SN2012id_B_comb_dup.fits,SN2012id,B,duPont,mjd,56712.0,,,,,
D:\Thesis\pd\CSPAll\SN2012id_V_comb_dup.fits,SN2012id,V,duPont,mjd,56712.0,,,,,
D:\Thesis\pd\CSPAll\SN2012ij_B_comb_dup.fits,SN2012ij,B,duPont,mjd,56712.0,,,,,
D:\Thesis\pd\CSPAll\SN2012ij_V_comb_dup.fits,SN2012ij,V,duPont,mjd,56712.0,,,,,
D:\Thesis\pd\CSPAll\SN2012U_B_comb_dup.fits,SN2012U,B,duPont,mjd,56541.0,,,,,
D:\Thesis\pd\CSPAll\SN2012U_V_comb_dup.fits,SN2012U,V,duPont,mjd,56541.0,,,,,
D:\Thesis\pd\CSPAll\SN2012U_V_comb_swo.fits,SN2012U,V,Swope,mjd,56584.0,,,,,
D:\Thesis\pd\CSPAll\SN2013fy_B_comb_dup.fits,SN2013fy,B,duPont,mjd,56938.0,,,,,
D:\Thesis\pd\CSPAll\SN2013fy_V_comb_dup.fits,SN2013fy,V,duPont,mjd,56938.0,,,,,
D:\Thesis\pd\CSPAll\SN2013fy_V_comb_swo.fits,SN2013fy,V,Swope,mjd,57175.0,,,,,
D:\Thesis\pd\CSPAll\SN2013hn_B_comb_dup.fits,SN2013hn,B,duPont,mjd,57008.0,,,,,
D:\Thesis\pd\CSPAll\SN2013hn_V_comb_dup.fits,SN2013hn,V,duPont,mjd,57008.0,,,,,
