object,telescope,filter,file,z,fwhm_arcsec,sigma_min_arcsec,sigma_min_kpc,smallest_safe_grid_radius_kpc
SN2011iv,dup,B,SN2011iv_B_comb_dup.fits,0.006,1.93551944550566,0.8219394299746677,0.10164901223711034,1.0
SN2011iv,dup,V,SN2011iv_V_comb_dup.fits,0.006,1.921584740026492,0.8160219054026426,0.10091719368004987,1.0
KISS13v,dup,V,KISS13v_V_comb_dup.fits,0.08,1.8851984101830213,0.8005700538183775,1.2087864043093985,1.5
SN09dc,dup,B,SN09dc_B_comb_dup.fits,0.021,1.819100412696549,0.7725008187080558,0.3283401383812667,1.0
SN09dc,dup,V,SN09dc_V_comb_dup.fits,0.021,1.811561774638449,0.7692994538844431,0.3269794452353982,1.0
SN2012hl,dup,V,SN2012hl_V_comb_dup.fits,0.0332,1.782040841167414,0.756763067703542,0.5011089899677282,1.0
SN08ha,swo,V,SN08ha_V_comb_swo.fits,0.005,1.774026295416801,0.7533596034908413,0.07773460893220464,1.0
SN2012hl,dup,B,SN2012hl_B_comb_dup.fits,0.0332,1.744541331525823,0.740838492184185,0.49056414668093096,1.0
ASAS14lq,dup,B,ASAS14lq_B_comb_dup.fits,0.026191,1.7116922316064245,0.7268887638434927,0.38292026291069325,1.0
LSQ11bk,dup,V,LSQ11bk_V_comb_dup.fits,0.037,1.7044040493194228,0.7237937577930809,0.5317123412399845,1.0
SN07ai,swo,V,SN07ai_V_comb_swo.fits,0.032,1.7006214435584943,0.722187433025755,0.4615922317837675,1.0
SN06ev,swo,V,SN06ev_V_comb_swo.fits,0.029,1.682950431080504,0.7146832449603957,0.4154639881744246,1.0
SN06bt,swo,V,SN06bt_V_comb_swo.fits,0.032,1.6748428528282655,0.7112402734818121,0.4545952617805503,1.0
SN04ef,dup,V,SN04ef_V_comb_dup.fits,0.031,1.6718550768219238,0.7099714818335304,0.44013094408973086,1.0
ASAS14me,dup,B,ASAS14me_B_comb_dup.fits,0.018,1.6695992385467342,0.709013515521009,0.2592433143579997,1.0
SN08cc,dup,V,SN08cc_V_comb_dup.fits,0.0104,1.6418110305335307,0.6972129500927331,0.1486562829837175,1.0
SN10ae,dup,B,SN10ae_B_comb_dup.fits,0.003662,1.6415650806735969,0.6971085048038232,0.05276798397347361,1.0
ASAS14lq,dup,V,ASAS14lq_V_comb_dup.fits,0.026191,1.6397127259086135,0.6963218821619394,0.3668178288766729,1.0
SN04ef,dup,B,SN04ef_B_comb_dup.fits,0.031,1.631205181067636,0.6927090605117544,0.42942949200604075,1.0
SN06bh,swo,V,SN06bh_V_comb_swo.fits,0.011,1.630187942782104,0.6922770791857594,0.1560056279274337,1.0
ASAS14hr,dup,V,ASAS14hr_V_comb_dup.fits,0.03362,1.626701398489348,0.6907964801480057,0.4629814413701487,1.0
ASAS15dd,dup,B,ASAS15dd_B_comb_dup.fits,0.02437,1.613199975714066,0.6850629537990296,0.3365321128611163,1.0
ASAS14me,dup,V,ASAS14me_V_comb_dup.fits,0.018,1.5995892289458484,0.6792830018248062,0.24837266557705817,1.0
KISS13v,dup,B,KISS13v_B_comb_dup.fits,0.08,1.59353447722526,0.6767117855089926,1.0217719262139486,1.5
SN08O,dup,V,SN08O_V_comb_dup.fits,0.0389,1.5803542390412706,0.6711146536976672,0.517155765196479,1.0
SN06py,swo,V,SN06py_V_comb_swo.fits,0.058,1.5639596605443378,0.664152517235678,0.7459944333610763,1.0
ASAS14hp,dup,B,ASAS14hp_B_comb_dup.fits,0.03892,1.5541651416290994,0.6599931680166554,0.5088349757842769,1.0
SN08cc,dup,B,SN08cc_B_comb_dup.fits,0.0104,1.5535511178558536,0.6597324161283991,0.14066486965348346,1.0
ASAS14jz,dup,B,ASAS14jz_B_comb_dup.fits,0.012,1.546377914972275,0.6566862373349429,0.16124229950258845,1.0
SN09al,dup,V,SN09al_V_comb_dup.fits,0.022,1.5462455287568542,0.6566300180855357,0.29202828647734946,1.0
SN07ax,swo,V,SN07ax_V_comb_swo.fits,0.007,1.5429075149951288,0.6552124941567883,0.09441971517327864,1.0
SN05mc,swo,V,SN05mc_V_comb_swo.fits,0.025,1.5425335176627928,0.655053672112987,0.32985862169221153,1.0
SN10ae,dup,V,SN10ae_V_comb_dup.fits,0.003662,1.5376209442267317,0.6529674942556057,0.04942670765690256,1.0
SN08fl,dup,B,SN08fl_B_comb_dup.fits,0.02,1.5235958826759597,0.6470115989928797,0.26222396362794653,1.0
KISS15m,dup,V,KISS15m_V_comb_dup.fits,0.0243,1.5128803119157683,0.6424611150683001,0.3147242785941374,1.0
SN06gj,swo,V,SN06gj_V_comb_swo.fits,0.028,1.4867241014736243,0.631353595197583,0.3547923448170873,1.0
LSQ11bk,dup,B,LSQ11bk_B_comb_dup.fits,0.037,1.486188137405098,0.6311259922137978,0.4636368790477217,1.0
SN07st,dup,B,SN07st_B_comb_dup.fits,0.021,1.4775143236107362,0.6274425626402026,0.26668525502422535,1.0
SN2011jt,dup,V,SN2011jt_V_comb_dup.fits,0.028,1.4755160657464494,0.6265939806568348,0.3521176553622674,1.0
SN08fl,dup,V,SN08fl_V_comb_dup.fits,0.02,1.4657260812198176,0.6224365570153594,0.25226407276401247,1.0
SN08J,dup,B,SN08J_B_comb_dup.fits,0.016,1.464381141813277,0.6218654138363388,0.20260426790517258,1.0
SN09Y,dup,V,SN09Y_V_comb_dup.fits,0.009,1.4637117156920725,0.6215811347371281,0.11488535213764337,1.0
SN07le,dup,V,SN07le_V_comb_dup.fits,0.007,1.4494916614192643,0.6155424336895406,0.08870304181367698,1.0
SN09Y,dup,B,SN09Y_B_comb_dup.fits,0.009,1.4441452479138568,0.6132720209177922,0.11334959853487378,1.0
SN05na,swo,V,SN05na_V_comb_swo.fits,0.026,1.4434141975865742,0.6129615724277578,0.32062303939458453,1.0
SN05am,dup,B,SN05am_B_comb_dup.fits,0.008,1.4425093944219654,0.6125773379014219,0.10076370590617399,1.0
SN07as,dup,B,SN07as_B_comb_dup.fits,0.018,1.4299331212139046,0.6072366864004298,0.2220296901766918,1.0
SN04gs,dup,V,SN04gs_V_comb_dup.fits,0.027,1.4258103791188628,0.6054859190312878,0.3284985655667428,1.0
CSP14acy,dup,V,CSP14acy_V_comb_dup.fits,0.0664,1.418317666562396,0.6023040569725383,0.7668961854832963,1.0
SN05W,dup,V,SN05W_V_comb_dup.fits,0.009,1.4155961470305176,0.6011483340383713,0.11110880653120744,1.0
ASAS14lt,dup,V,ASAS14lt_V_comb_dup.fits,0.032046,1.409365536341359,0.5985024372946663,0.3830666936145702,1.0
SN09al,dup,B,SN09al_B_comb_dup.fits,0.022,1.4065303252831798,0.5972984340146017,0.2656412795586914,1.0
SN09F,dup,B,SN09F_B_comb_dup.fits,0.013,1.4050196251480918,0.5966568987353875,0.15851866154282615,1.0
ASAS14jg,dup,B,ASAS14jg_B_comb_dup.fits,0.014827,1.4046032744932369,0.5964800908915213,0.18034284098768247,1.0
SN06is,swo,V,SN06is_V_comb_swo.fits,0.031,1.4038678439484578,0.5961677822943819,0.36958088538918443,1.0
SN08O,dup,B,SN08O_B_comb_dup.fits,0.0389,1.403804360103924,0.5961408231878177,0.4593815108669059,1.0
SN05ku,swo,V,SN05ku_V_comb_swo.fits,0.04541,1.4028267568181034,0.5957256732964774,0.531749177339675,1.0
SN05ki,swo,V,SN05ki_V_comb_swo.fits,0.019,1.397932315441374,0.5936471954157334,0.22884281120276034,1.0
LSQ11pn,dup,B,LSQ11pn_B_comb_dup.fits,0.033,1.3971506754624676,0.5933152634787024,0.39060488924082015,1.0
SN05bl,dup,V,SN05bl_V_comb_dup.fits,0.024,1.3818218653389014,0.5868057171734922,0.284013962729309,1.0
SN05bo,dup,V,SN05bo_V_comb_dup.fits,0.014,1.3787232402553171,0.5854898522562885,0.16731416166602517,1.0
ASAS14jg,dup,V,ASAS14jg_V_comb_dup.fits,0.014827,1.3768168455240868,0.5846802809536944,0.1767752261086648,1.0
LSQ12hxx,dup,V,LSQ12hxx_V_comb_dup.fits,0.069,1.3715945515599035,0.5824625768980477,0.7683295673191995,1.0
SN09P,dup,B,SN09P_B_comb_dup.fits,0.025,1.3693786550403135,0.5815215722874126,0.29283082056507825,1.0
ASAS14jz,dup,V,ASAS14jz_V_comb_dup.fits,0.012,1.3609088324159508,0.5779247697876907,0.14190326143920967,1.0
ASAS14hu,dup,B,ASAS14hu_B_comb_dup.fits,0.015,1.358466311988241,0.5768875268642393,0.17641722126863188,1.0
SN05ke,swo,V,SN05ke_V_comb_swo.fits,0.005,1.3549792021694778,0.5754066876697023,0.05937272669747458,1.0
SN07so,dup,B,SN07so_B_comb_dup.fits,0.03,1.353176454315686,0.5746411311433783,0.34515831092428084,1.0
LSQ11pn,dup,V,LSQ11pn_V_comb_dup.fits,0.033,1.3516213185911607,0.5739807258067554,0.3778761337026703,1.0
LSQ13dqh,dup,V,LSQ13dqh_V_comb_dup.fits,0.1038,1.3508986878731697,0.5736738527955816,1.0934555301194142,1.5
SN07ca,dup,B,SN07ca_B_comb_dup.fits,0.014,1.3504372958916018,0.5734779176613698,0.16388153724223548,1.0
LSQ14jp,dup,B,LSQ14jp_B_comb_dup.fits,0.0454,1.3392292379921742,0.5687182937049327,0.5075364277578425,1.0
SN06eq,swo,V,SN06eq_V_comb_swo.fits,0.05,1.338193229673356,0.5682783414797067,0.5554889854029655,1.0
SN08bq,dup,V,SN08bq_V_comb_dup.fits,0.034,1.3361500578410903,0.5674106862902678,0.384409946499236,1.0
SN08J,dup,V,SN08J_V_comb_dup.fits,0.016,1.3354099805092872,0.5670964043843681,0.1847604791736958,1.0
CSP13aao,dup,B,CSP13aao_B_comb_dup.fits,0.0614,1.3315269925278634,0.5654474512129284,0.6696723486946059,1.0
ASAS15dd,dup,V,ASAS15dd_V_comb_dup.fits,0.02437,1.33030581364532,0.5649288642894307,0.2775171292817064,1.0
SN06ob,swo,V,SN06ob_V_comb_swo.fits,0.059,1.32656172782641,0.5633388974353558,0.6429096465593603,1.0
LSQ13dqh,dup,B,LSQ13dqh_B_comb_dup.fits,0.1038,1.3259883155565222,0.5630953916646717,1.073292371615015,1.5
SN2011jt,dup,B,SN2011jt_B_comb_dup.fits,0.028,1.3195464328355513,0.560359775949762,0.3148970091604142,1.0
SN05iq,dup,B,SN05iq_B_comb_dup.fits,0.034,1.316284364082688,0.5589745028968395,0.37869459272589073,1.0
LSQ14wp,dup,B,LSQ14wp_B_comb_dup.fits,0.06945,1.3160047784394195,0.5588557738059017,0.7416069420061752,1.0
ASAS14hp,dup,V,ASAS14hp_V_comb_dup.fits,0.03892,1.3119689673382915,0.5571419226308855,0.4295397444222301,1.0
SN08bq,dup,B,SN08bq_B_comb_dup.fits,0.034,1.3110471468456537,0.5567504615107107,0.3771878469931949,1.0
SN05al,dup,B,SN05al_B_comb_dup.fits,0.012,1.3075972578058286,0.5552854285256617,0.13634441272764225,1.0
SN08C,dup,V,SN08C_V_comb_dup.fits,0.017,1.306014355283812,0.5546132317158219,0.1917544026366364,1.0
LSQ15aja,dup,B,LSQ15aja_B_comb_dup.fits,0.07,1.3059118409205803,0.5545696978740542,0.7412703295342025,1.0
LSQ12hxx,dup,B,LSQ12hxx_B_comb_dup.fits,0.069,1.3018478709319736,0.5528438887205342,0.7292593939302326,1.0
SN07bc,dup,B,SN07bc_B_comb_dup.fits,0.021,1.301386617316482,0.552648012344985,0.2348949288532218,1.0
ASAS14kq,dup,B,ASAS14kq_B_comb_dup.fits,0.0336,1.2970190253184013,0.5507932667956182,0.36893856755416854,1.0
SN04gu,dup,B,SN04gu_B_comb_dup.fits,0.046,1.2958666871712607,0.5503039138407833,0.4972388905667911,1.0
LSQ13dkp,dup,B,LSQ13dkp_B_comb_dup.fits,0.06894,1.2917403521949868,0.548551620715463,0.7230189821037615,1.0
LSQ14ahm,dup,V,LSQ14ahm_V_comb_dup.fits,0.04977,1.2905534494563995,0.5480475895301111,0.5333945551759214,1.0
ASAS14my,dup,V,ASAS14my_V_comb_dup.fits,0.020514,1.284581444901467,0.5455115127001493,0.22662870020428477,1.0
SN04dt,dup,V,SN04dt_V_comb_dup.fits,0.02,1.282567221555095,0.5446561508007879,0.22074085673214475,1.0
SN07jg,dup,B,SN07jg_B_comb_dup.fits,0.037,1.2813524269610337,0.5441402750349837,0.3997355551725181,1.0
CSP13aam,dup,B,CSP13aam_B_comb_dup.fits,0.07495,1.277573551732635,0.5425355344789601,0.7719914258274766,1.0
SN09ad,dup,V,SN09ad_V_comb_dup.fits,0.028,1.2751298238526831,0.5414977787977527,0.30429741449840825,1.0
SN04ey,dup,V,SN04ey_V_comb_dup.fits,0.016,1.265787652324384,0.5375305238272455,0.17512789075188007,1.0
ASAS14jc,swo,V,ASAS14jc_V_comb_swo.fits,0.011325,1.2613350131189651,0.5356396620542558,0.12422442341243711,1.0
ASAS15be,swo,V,ASAS15be_V_comb_swo.fits,0.0219,1.2593624350332349,0.5348019852687652,0.23679418817372588,1.0
SN07le,dup,B,SN07le_B_comb_dup.fits,0.007,1.2569961031850565,0.5337970966560783,0.07692309025860757,1.0
SN06hb,swo,V,SN06hb_V_comb_swo.fits,0.015,1.254937146187793,0.5329227381242626,0.16297240663495652,1.0
LSQ11ot,dup,B,LSQ11ot_B_comb_dup.fits,0.027,1.2536070409381834,0.5323578944316771,0.2888239002629899,1.0
SN05am,dup,V,SN05am_V_comb_dup.fits,0.008,1.2509774851011963,0.5312412248829633,0.08738461454144873,1.0
SN08go,dup,B,SN08go_B_comb_dup.fits,0.062,1.250758241684469,0.5311481207762652,0.6347500852712173,1.0
SN08gg,dup,B,SN08gg_B_comb_dup.fits,0.032,1.2496661398441604,0.5306843478257108,0.3391914083290994,1.0
LSQ13dhj,dup,B,LSQ13dhj_B_comb_dup.fits,0.0935,1.2484311208654115,0.5301598835545004,0.9210748833155091,1.0
SN08fr,dup,B,SN08fr_B_comb_dup.fits,0.048,1.2472360950223615,0.5296524028042955,0.498202623935399,1.0
SN08bi,dup,B,SN08bi_B_comb_dup.fits,0.013,1.2469087041874165,0.5295133727176288,0.14068009821076727,1.0
LSQ14ahm,dup,B,LSQ14ahm_B_comb_dup.fits,0.04977,1.2468112284634931,0.5294719785889653,0.5153155964789795,1.0
SN05be,dup,B,SN05be_B_comb_dup.fits,0.034,1.242454344957553,0.5276217805175102,0.35745371971512435,1.0
SN05bl,dup,B,SN05bl_B_comb_dup.fits,0.024,1.2413064407685983,0.5271343104913496,0.2551330023408183,1.0
SN08hu,dup,B,SN08hu_B_comb_dup.fits,0.05,1.2397817814851315,0.5264868473076196,0.5146380273395645,1.0
ASAS14my,dup,B,ASAS14my_B_comb_dup.fits,0.020514,1.2366379872457618,0.5251518008160614,0.21817040934624965,1.0
SN2012U,dup,B,SN2012U_B_comb_dup.fits,0.01972,1.2328780698355115,0.5235551109041574,0.2092890835681158,1.0
ASAS15as,dup,B,ASAS15as_B_comb_dup.fits,0.028,1.2315957612932011,0.5230105646043175,0.2939084310147995,1.0
LSQ14wp,dup,V,LSQ14wp_V_comb_dup.fits,0.06945,1.2315147513207827,0.5229761628365096,0.6939943560429431,1.0
CSP12G,dup,V,CSP12G_V_comb_dup.fits,0.03697,1.2312845326535844,0.5228783979700673,0.3838184951710641,1.0
CSP13aao,swo,V,CSP13aao_V_comb_swo.fits,0.0614,1.230721539318742,0.522639316713718,0.6189736959518497,1.0
LSQ15aja,dup,V,LSQ15aja_V_comb_dup.fits,0.07,1.222101789037107,0.5189788458001023,0.6936975127243432,1.0
SN2013hn,dup,B,SN2013hn_B_comb_dup.fits,0.0151,1.2202904475443277,0.5182096398913104,0.15951016027382356,1.0
SN05iq,dup,V,SN05iq_V_comb_dup.fits,0.034,1.2169628461718571,0.5167965376971566,0.3501198236254681,1.0
ASAS14kq,dup,V,ASAS14kq_V_comb_dup.fits,0.0336,1.2167672230529392,0.516713464207388,0.3461108492296886,1.0
ASAS15hg,dup,B,ASAS15hg_B_comb_dup.fits,0.02977,1.2166558511189771,0.5166661689016608,0.30804142681499347,1.0
SN07jg,dup,V,SN07jg_V_comb_dup.fits,0.037,1.214885291502862,0.5159142814613228,0.37900021590593297,1.0
SN05bg,dup,V,SN05bg_V_comb_dup.fits,0.023,1.2139527071095229,0.5155182493333872,0.23940295859060645,1.0
SN05M,dup,B,SN05M_B_comb_dup.fits,0.025,1.2105851311377835,0.514088171489925,0.258874078407863,1.0
SN07ca,dup,V,SN07ca_V_comb_dup.fits,0.014,1.2090865813423284,0.5134517959848763,0.14672800300477262,1.0
SN04ey,dup,B,SN04ey_B_comb_dup.fits,0.016,1.2088812651226777,0.5133646062142253,0.1672546147386055,1.0
SN08C,dup,B,SN08C_B_comb_dup.fits,0.017,1.206385497486219,0.5123047512831764,0.1771264837052275,1.0
SN2012E,dup,B,SN2012E_B_comb_dup.fits,0.02,1.205985224838478,0.5121347711402837,0.2075604360248484,1.0
SN05ag,dup,V,SN05ag_V_comb_dup.fits,0.08,1.2044226744449325,0.5114712170836404,0.772274019565748,1.0
SN05al,dup,V,SN05al_V_comb_dup.fits,0.012,1.2034016466012447,0.5110376264804678,0.12547983700780216,1.0
ASAS15aj,dup,B,ASAS15aj_B_comb_dup.fits,0.01092,1.2013628674967525,0.5101718367107594,0.11414292220231868,1.0
ASAS14hu,dup,V,ASAS14hu_V_comb_dup.fits,0.015,1.195952034650027,0.5078740675635401,0.15531230540029076,1.0
CSP13aam,dup,V,CSP13aam_V_comb_dup.fits,0.07495,1.1943246841370427,0.5071829954298465,0.7216871502681673,1.0
ASAS14lt,dup,B,ASAS14lt_B_comb_dup.fits,0.032046,1.192248232121797,0.5063012074479464,0.32405403457807735,1.0
SN07as,dup,V,SN07as_V_comb_dup.fits,0.018,1.1899846550263362,0.5053399547610425,0.18477222490393047,1.0
SN2012U,dup,V,SN2012U_V_comb_dup.fits,0.01972,1.1888076739024054,0.5048401368975016,0.20180784677512587,1.0
CSP12J,dup,V,CSP12J_V_comb_dup.fits,0.0147,1.1847654604526388,0.5031235668953495,0.15083722858575635,1.0
SN05bg,dup,B,SN05bg_B_comb_dup.fits,0.023,1.1798096553907291,0.5010190302568207,0.2326696257771281,1.0
SN07so,dup,V,SN07so_V_comb_dup.fits,0.03,1.1791933567281083,0.5007573123119946,0.30077998029254416,1.0
ASAS15ga,dup,V,ASAS15ga_V_comb_dup.fits,0.00663,1.1777885589029042,0.5001607496030231,0.06829698450443006,1.0
LSQ14ie,dup,B,LSQ14ie_B_comb_dup.fits,0.08954,1.1763380845090794,0.4995447898413056,0.8349336964323791,1.0
SN08gg,dup,V,SN08gg_V_comb_dup.fits,0.032,1.1737625557246851,0.49845106346937795,0.3185892308563852,1.0
SN09cz,dup,B,SN09cz_B_comb_dup.fits,0.021,1.1737173317239806,0.49843185860453065,0.2118511481988374,1.0
SN07hj,dup,B,SN07hj_B_comb_dup.fits,0.014,1.17317790627268,0.4982027857068207,0.1423703265035023,1.0
SN06bd,dup,V,SN06bd_V_comb_dup.fits,0.026,1.1729975179475278,0.49812618183828616,0.2605558612596941,1.0
LSQ15alq,dup,B,LSQ15alq_B_comb_dup.fits,0.0471,1.1663335539981028,0.4952962569089961,0.4576394822908256,1.0
LSQ13dhj,dup,V,LSQ13dhj_V_comb_dup.fits,0.0935,1.1638064226641045,0.49422308304191825,0.8586399738370053,1.0
SN06dd,swo,V,SN06dd_V_comb_swo.fits,0.006,1.162619430527902,0.49371901389289463,0.06105808804724169,1.0
SN04gu,dup,V,SN04gu_V_comb_dup.fits,0.046,1.1608316558213052,0.49295981587673654,0.44542440236301334,1.0
SN05ag,dup,B,SN05ag_B_comb_dup.fits,0.08,1.1584578177265898,0.49195173965463856,0.7428014221048961,1.0
ASAS15hf,dup,B,ASAS15hf_B_comb_dup.fits,0.00618,1.156557161307466,0.491144605188829,0.06254816768395816,1.0
ASAS15ga,dup,B,ASAS15ga_B_comb_dup.fits,0.00663,1.1564037100616449,0.49107944044465035,0.06705693111887032,1.0
SN08fu,dup,B,SN08fu_B_comb_dup.fits,0.052,1.1540799711513714,0.49009263938731396,0.49704730655088475,1.0
CSP13aao,dup,V,CSP13aao_V_comb_dup.fits,0.0614,1.153446454628614,0.4898236096905037,0.5801093036035063,1.0
PS15sv,dup,B,PS15sv_B_comb_dup.fits,0.0333,1.1530998576241642,0.4896764234946068,0.3251888140373498,1.0
LSQ12bld,dup,B,LSQ12bld_B_comb_dup.fits,0.083,1.153012254799294,0.48963922200014226,0.764367265638665,1.0
SN07bd,dup,B,SN07bd_B_comb_dup.fits,0.031,1.152760596798295,0.4895323526869096,0.3034746353390514,1.0
SN08hj,dup,B,SN08hj_B_comb_dup.fits,0.038,1.1497935955516176,0.4882723832667672,0.36794871809003743,1.0
LSQ14azy,dup,B,LSQ14azy_B_comb_dup.fits,0.0458,1.1459016534043918,0.48661962761121785,0.4378878678033909,1.0
CSP12J,dup,B,CSP12J_B_comb_dup.fits,0.0147,1.1436752479850667,0.48567416028176175,0.14560586931888464,1.0
ASAS15cb,dup,B,ASAS15cb_B_comb_dup.fits,0.04004,1.140539511537487,0.48434253561931817,0.38364649922995364,1.0
SN09I,dup,B,SN09I_B_comb_dup.fits,0.026,1.14012668093029,0.48416722260205886,0.25325432044796264,1.0
LSQ12hzj,dup,B,LSQ12hzj_B_comb_dup.fits,0.029,1.139847311905056,0.4840485855003307,0.28139005247464643,1.0
ASAS15hg,dup,V,ASAS15hg_V_comb_dup.fits,0.02977,1.1392635246144915,0.4838006738640269,0.28844669699961667,1.0
CSP13abm,dup,V,CSP13abm_V_comb_dup.fits,0.02818,1.1380758026567153,0.48329629478831687,0.2732776173551206,1.0
SN08bc,dup,V,SN08bc_V_comb_dup.fits,0.015,1.1368823125873802,0.4827894662211601,0.14764121622020604,1.0
ASAS15gr,dup,V,ASAS15gr_V_comb_dup.fits,0.024,1.13530584240237,0.4821200009733435,0.23334607687030062,1.0
LSQ14bjj,dup,B,LSQ14bjj_B_comb_dup.fits,0.08114,1.1348561213184742,0.48192902201304255,0.7370607015379569,1.0
SN08bi,dup,V,SN08bi_V_comb_dup.fits,0.013,1.1348141498744182,0.4819111983818294,0.12803324374845812,1.0
LSQ15alq,dup,V,LSQ15alq_V_comb_dup.fits,0.0471,1.1313818254856596,0.48045362441731293,0.4439253171733313,1.0
SN08hv,dup,V,SN08hv_V_comb_dup.fits,0.013,1.1302414453557712,0.47996934956484816,0.12751733707573076,1.0
ASAS15go,dup,B,ASAS15go_B_comb_dup.fits,0.01892,1.1289395069993096,0.47941646725046116,0.18404810176593198,1.0
ASAS15ba,swo,V,ASAS15ba_V_comb_swo.fits,0.02313,1.1288199644823638,0.4793657022176095,0.22383713904090272,1.0
SN07hj,dup,V,SN07hj_V_comb_dup.fits,0.014,1.1270422365794466,0.47861077068614555,0.13677155898276727,1.0
LSQ14xi,dup,B,LSQ14xi_B_comb_dup.fits,0.0508,1.1269144643689677,0.4785565108242302,0.4748209441987131,1.0
SN08hu,dup,V,SN08hu_V_comb_dup.fits,0.05,1.1267449319222036,0.4784845170227837,0.4677160107843132,1.0
SN2012E,dup,V,SN2012E_V_comb_dup.fits,0.02,1.124615994638278,0.47758044059944177,0.19355609123561457,1.0
ASAS15hf,dup,V,ASAS15hf_V_comb_dup.fits,0.00618,1.124272237042296,0.47743446018930064,0.0608021555332756,1.0
LSQ15agh,dup,B,LSQ15agh_B_comb_dup.fits,0.0603,1.1236400096219938,0.4771659779238994,0.5557128175358924,1.0
ASAS15gr,dup,B,ASAS15gr_B_comb_dup.fits,0.024,1.1229828594756357,0.47688691195121724,0.23081326182267575,1.0
SN08ae,dup,V,SN08ae_V_comb_dup.fits,0.03,1.1221766739889203,0.4765445564967456,0.2862365836453449,1.0
CSP14acy,dup,B,CSP14acy_B_comb_dup.fits,0.0664,1.1194514061492382,0.4753872418028127,0.6052967071125425,1.0
SN08ia,dup,V,SN08ia_V_comb_dup.fits,0.022,1.1193463399470216,0.47534262429480467,0.2114029030643187,1.0
LSQ11ot,dup,V,LSQ11ot_V_comb_dup.fits,0.027,1.1162925998194613,0.47404582026342906,0.25718743751892204,1.0
SN09aa,swo,V,SN09aa_V_comb_swo.fits,0.027,1.1153049805520645,0.4736264169763368,0.25695989568207106,1.0
CSP14aaq,dup,B,CSP14aaq_B_comb_dup.fits,0.03591,1.1116597889801263,0.4720784466422001,0.33701984730040413,1.0
SN07hx,dup,V,SN07hx_V_comb_dup.fits,0.0798,1.111626625203163,0.4720643632828227,0.7111566538315697,1.0
SN08ae,dup,B,SN08ae_B_comb_dup.fits,0.03,1.1102918003501725,0.4714975153592172,0.2832050773716319,1.0
LSQ12cda,dup,B,LSQ12cda_B_comb_dup.fits,0.13749,1.1099326568645853,0.4713450011633469,1.1454235335519456,1.5
ASAS15aj,dup,V,ASAS15aj_V_comb_dup.fits,0.01092,1.1085841410811506,0.47077233923689504,0.10532790449384526,1.0
SN08fr,dup,V,SN08fr_V_comb_dup.fits,0.048,1.1062558697607212,0.46978361344218206,0.4418887324206625,1.0
SN2012id,dup,B,SN2012id_B_comb_dup.fits,0.0157,1.1051204971997912,0.4693014651084587,0.15008650277738,1.0
SN2013hn,dup,V,SN2013hn_V_comb_dup.fits,0.0151,1.1049347186220786,0.4692225722104198,0.144431446148084,1.0
SN09I,dup,V,SN09I_V_comb_dup.fits,0.026,1.1041570152301792,0.4688923119879707,0.2452644423089922,1.0
SN05el,dup,B,SN05el_B_comb_dup.fits,0.015,1.103796792821049,0.4687393396154575,0.14334456535010698,1.0
SN2012aq,dup,B,SN2012aq_B_comb_dup.fits,0.052,1.1029975344697502,0.4683999258445473,0.4750467622217728,1.0
ASAS14ad,dup,B,ASAS14ad_B_comb_dup.fits,0.0264,1.096122246104707,0.46548025969869844,0.24710657256664267,1.0
LSQ12hzs,dup,B,LSQ12hzs_B_comb_dup.fits,0.072,1.092373415184936,0.4638882777858208,0.6362874110367366,1.0
LSQ14ie,dup,V,LSQ14ie_V_comb_dup.fits,0.08954,1.0907356311748946,0.4631927749538751,0.774175336461556,1.0
LSQ14gfb,dup,B,LSQ14gfb_B_comb_dup.fits,0.0527,1.0899489095013768,0.46285868501983624,0.4753524095312241,1.0
ASAS15go,dup,V,ASAS15go_V_comb_dup.fits,0.01892,1.0894284318141672,0.4626376584966809,0.17760671288595106,1.0
SN06fw,dup,B,SN06fw_B_comb_dup.fits,0.0835,1.0886647779771144,0.46231336457083966,0.7256361549143677,1.0
SN06hx,dup,B,SN06hx_B_comb_dup.fits,0.045,1.0885432892015678,0.4622617730380587,0.40909207937715275,1.0
SN08cd,dup,B,SN08cd_B_comb_dup.fits,0.007,1.0864739528543528,0.4613830068021496,0.06648782261716965,1.0
LSQ12cda,dup,V,LSQ12cda_V_comb_dup.fits,0.13749,1.0853129047870809,0.46088995508479147,1.1200165476006994,1.5
SN09F,dup,V,SN09F_V_comb_dup.fits,0.013,1.0836965869759432,0.46020356810819496,0.12226600213349247,1.0
SN05bo,dup,B,SN05bo_B_comb_dup.fits,0.014,1.082347362274377,0.45963060513193127,0.1313476383533186,1.0
LSQ15aae,dup,B,LSQ15aae_B_comb_dup.fits,0.0516,1.0823248756054746,0.459621055922874,0.46277654595718165,1.0
SN05el,dup,V,SN05el_V_comb_dup.fits,0.015,1.0796971571967484,0.4585051666580993,0.14021486628219043,1.0
ASAS15eb,swo,V,ASAS15eb_V_comb_swo.fits,0.01648,1.0789927064544251,0.4582060139717572,0.15367303469822585,1.0
LSQ14fms,dup,B,LSQ14fms_B_comb_dup.fits,0.078,1.0775456488566038,0.45759150518970615,0.6752159304592844,1.0
LSQ14ip,dup,B,LSQ14ip_B_comb_dup.fits,0.0613,1.0764476643270502,0.4571252340910418,0.5405656925629155,1.0
LSQ15aae,dup,V,LSQ15aae_V_comb_dup.fits,0.0516,1.0759480453274004,0.45691306543692145,0.46004996398835135,1.0
SN08gl,dup,V,SN08gl_V_comb_dup.fits,0.034,1.0754404255631596,0.456697499170908,0.30940386824652366,1.0
LSQ12fvl,dup,B,LSQ12fvl_B_comb_dup.fits,0.056,1.0717461920515527,0.4551287026425269,0.4947504201912447,1.0
ASAS15as,swo,V,ASAS15as_V_comb_swo.fits,0.028,1.069829785246875,0.45431487960381034,0.25530454351730547,1.0
CSP14ade,dup,B,CSP14ade_B_comb_dup.fits,0.06246,1.0693471225172175,0.45410991161456804,0.5464162769703721,1.0
SN09ds,dup,V,SN09ds_V_comb_dup.fits,0.019,1.0653258071351417,0.45240221620465276,0.17439481858939795,1.0
SN07jd,dup,B,SN07jd_B_comb_dup.fits,0.0727,1.0619404127781504,0.4509645715896704,0.6240642779251093,1.0
LSQ12ca,dup,B,LSQ12ca_B_comb_dup.fits,0.098,1.0599053692694569,0.4501003681814364,0.8153860132785873,1.0
SN07jh,dup,B,SN07jh_B_comb_dup.fits,0.04077,1.0596275376561373,0.4499823839584356,0.362612605475068,1.0
SN09D,dup,B,SN09D_B_comb_dup.fits,0.025,1.0591531536621095,0.4497809316245179,0.22649154486918396,1.0
ASAS15eb,dup,B,ASAS15eb_B_comb_dup.fits,0.01648,1.0588669982190884,0.4496594125965034,0.15080667736191153,1.0
LSQ13cwp,dup,V,LSQ13cwp_V_comb_dup.fits,0.0665,1.0581912266520377,0.4493724388345479,0.5729673700551535,1.0
LSQ13dkp,dup,V,LSQ13dkp_V_comb_dup.fits,0.06894,1.0575625659276466,0.44910547120544286,0.591943890758495,1.0
CSP14aaq,dup,V,CSP14aaq_V_comb_dup.fits,0.03591,1.057495276181538,0.44907689588128985,0.3205988918845135,1.0
SN2013fy,dup,V,SN2013fy_V_comb_dup.fits,0.0309,1.0560441688728026,0.4484606673453568,0.2771495862232341,1.0
SN06ot,dup,V,SN06ot_V_comb_dup.fits,0.053,1.054218667263685,0.44768544818881456,0.46222292236975127,1.0
SN08go,dup,V,SN08go_V_comb_dup.fits,0.062,1.0528562241355512,0.44710687186362624,0.5343163496954726,1.0
SN09ab,dup,B,SN09ab_B_comb_dup.fits,0.011,1.0522949654342442,0.44686852723831555,0.10070246045819826,1.0
ASAS15gr,swo,V,ASAS15gr_V_comb_swo.fits,0.024,1.0496985265243444,0.44576592115366853,0.21575070250909478,1.0
LSQ14q,dup,B,LSQ14q_B_comb_dup.fits,0.06695,1.0473505233104845,0.4447688159953298,0.5706341054051979,1.0
LSQ14bjj,dup,V,LSQ14bjj_V_comb_dup.fits,0.08114,1.047226068550247,0.44471596492482013,0.6801471713063723,1.0
ASAS14jc,dup,B,ASAS14jc_B_comb_dup.fits,0.011325,1.0463925332801107,0.44436199508670227,0.10305549894185102,1.0
SN08bd,dup,B,SN08bd_B_comb_dup.fits,0.03,1.044775740925722,0.44367540659014154,0.2664937221472359,1.0
LSQ12gdj,dup,V,LSQ12gdj_V_comb_dup.fits,0.03,1.0441348613173147,0.4434032500787514,0.2663302512839658,1.0
SN2012gm,dup,V,SN2012gm_V_comb_dup.fits,0.0148,1.0433943117892912,0.4430887676495797,0.1337261500542321,1.0
LSQ12bld,dup,V,LSQ12bld_V_comb_dup.fits,0.083,1.0429565717371023,0.4429028765649881,0.6914079703839183,1.0
SN08R,dup,B,SN08R_B_comb_dup.fits,0.013,1.0428708669008278,0.44286648107206905,0.11765991807103869,1.0
SN2012id,dup,V,SN2012id_V_comb_dup.fits,0.0157,1.0424066055457684,0.44266932742712745,0.1415693241549929,1.0
SN09ag,dup,V,SN09ag_V_comb_dup.fits,0.009,1.042352721348318,0.4426464449153346,0.08181328205541596,1.0
SN05hk,dup,B,SN05hk_B_comb_dup.fits,0.013,1.0420320588711305,0.4425102720991298,0.11756528115367539,1.0
SN09P,dup,V,SN09P_V_comb_dup.fits,0.025,1.0414204663334627,0.4422505526615625,0.22269954960026492,1.0
LSQ14q,dup,V,LSQ14q_V_comb_dup.fits,0.06695,1.0403539069609835,0.4417976265983884,0.5668220980374628,1.0
SN2012aq,dup,V,SN2012aq_V_comb_dup.fits,0.052,1.040180396379591,0.44172394343870974,0.44799223387587417,1.0
SN07ba,dup,B,SN07ba_B_comb_dup.fits,0.039,1.0381720768316227,0.4408710886516927,0.34056456553217485,1.0
SN07bd,dup,V,SN07bd_V_comb_dup.fits,0.031,1.0369586171809877,0.4403557797841656,0.27298871863309393,1.0
CSP14ade,dup,V,CSP14ade_V_comb_dup.fits,0.06246,1.0360539885752014,0.4399716193861364,0.5294041114029845,1.0
SN09ad,dup,B,SN09ad_B_comb_dup.fits,0.028,1.033497875876071,0.4388861382664541,0.24663428431818918,1.0
LSQ15agh,dup,V,LSQ15agh_V_comb_dup.fits,0.0603,1.0328066376713871,0.43859259642823917,0.5107898274138706,1.0
SN2012gm,dup,B,SN2012gm_B_comb_dup.fits,0.0148,1.0314922510710056,0.4380344278313839,0.13220072793952017,1.0
SN06br,dup,B,SN06br_B_comb_dup.fits,0.025,1.031424398749834,0.4380056136035983,0.22056196941952824,1.0
SN06D,dup,B,SN06D_B_comb_dup.fits,0.009,1.0310669653375215,0.43785382560898417,0.08092747370972898,1.0
KISS13l,dup,V,KISS13l_V_comb_dup.fits,0.13201,1.0309890190652813,0.43782072487485174,1.0278597733574417,1.5
SN07af,dup,B,SN07af_B_comb_dup.fits,0.005,1.030645521125372,0.4376748547304923,0.045161014095107255,1.0
LSQ12hzs,dup,V,LSQ12hzs_V_comb_dup.fits,0.072,1.0285996805686548,0.4368060662381256,0.5991403842718389,1.0
SN08bc,dup,B,SN08bc_B_comb_dup.fits,0.015,1.0275844084067676,0.43637491984796745,0.1334472444037038,1.0
SN05M,dup,V,SN05M_V_comb_dup.fits,0.025,1.0272174076926677,0.4362190689943643,0.21966233757639594,1.0
ASAS15ba,dup,B,ASAS15ba_B_comb_dup.fits,0.02313,1.027023469496258,0.4361367110253046,0.20365160288897052,1.0
LSQ14ba,dup,B,LSQ14ba_B_comb_dup.fits,0.07755,1.0249645628469624,0.4352623738743023,0.6388964158118956,1.0
SN04eo,dup,B,SN04eo_B_comb_dup.fits,0.016,1.0229589323286556,0.4344106610130418,0.14153135386929983,1.0
LSQ14ahc,dup,V,LSQ14ahc_V_comb_dup.fits,0.05086,1.0222484098242663,0.4341089298867553,0.4311984127893952,1.0
SN08ia,dup,B,SN08ia_B_comb_dup.fits,0.022,1.020286297209171,0.43327569737744503,0.19269414433156734,1.0
SN07N,dup,V,SN07N_V_comb_dup.fits,0.013,1.0193096724274209,0.43286096301852406,0.11500167120713387,1.0
KISS15m,swo,V,KISS15m_V_comb_swo.fits,0.0243,1.0188729512102468,0.43267550459332693,0.2119559967983628,1.0
SN2012ij,dup,B,SN2012ij_B_comb_dup.fits,0.01,1.018649925839915,0.4325807944388069,0.08872847746783268,1.0
PS15sv,dup,V,PS15sv_V_comb_dup.fits,0.0333,1.0178934319534898,0.4322595410640441,0.28705888372527244,1.0
SN05hk,dup,V,SN05hk_V_comb_dup.fits,0.013,1.0176458032984237,0.4321543828564823,0.1148139483436306,1.0
SN05hc,dup,B,SN05hc_B_comb_dup.fits,0.046,1.0162566509583637,0.43156446417331523,0.38994931705260844,1.0
LSQ14azy,dup,V,LSQ14azy_V_comb_dup.fits,0.0458,1.014835627290778,0.4309610109835123,0.3878030960903511,1.0
LSQ12gdj,dup,B,LSQ12gdj_B_comb_dup.fits,0.03,1.0147567394569594,0.43092751040499255,0.25883669574129575,1.0
LSQ14gov,dup,B,LSQ14gov_B_comb_dup.fits,0.0896,1.0131982398762571,0.43026567657017745,0.7195733662659475,1.0
SN08fu,dup,V,SN08fu_V_comb_dup.fits,0.052,1.011864187369907,0.42969915663199143,0.43579680914637825,1.0
SN06hx,dup,V,SN06hx_V_comb_dup.fits,0.045,1.011280403610674,0.4294512464953061,0.38005544405120106,1.0
SN09cz,dup,V,SN09cz_V_comb_dup.fits,0.021,1.0101284965170043,0.42896207659202606,0.18232403665810198,1.0
LSQ14foj,dup,B,LSQ14foj_B_comb_dup.fits,0.04607,1.0099606361689877,0.42889079286553883,0.38809092653546506,1.0
SN08hj,dup,V,SN08hj_V_comb_dup.fits,0.038,1.006444961260875,0.42739782319444597,0.3220753140014264,1.0
SN08fp,dup,V,SN08fp_V_comb_dup.fits,0.006,1.0057653750674802,0.4271092295098335,0.05282047522451369,1.0
SN08cd,dup,V,SN08cd_V_comb_dup.fits,0.007,1.0024026152599317,0.42568119690299183,0.06134299593588484,1.0
LSQ14asu,dup,B,LSQ14asu_B_comb_dup.fits,0.0684,0.9996127824341916,0.4244964639839618,0.5554763259773532,1.0
SN08bd,dup,V,SN08bd_V_comb_dup.fits,0.03,0.9945219914643636,0.4223346041082696,0.2536753648469929,1.0
LSQ14bbv,dup,B,LSQ14bbv_B_comb_dup.fits,0.0588,0.9924034677322846,0.4214349499132285,0.47944451634303037,1.0
LSQ14fms,dup,V,LSQ14fms_V_comb_dup.fits,0.078,0.9923514769977732,0.42141287148111173,0.6218312204171544,1.0
SN2013fy,dup,B,SN2013fy_B_comb_dup.fits,0.0309,0.990982610979162,0.42083156760547175,0.26007474751785287,1.0
LSQ12hzj,dup,V,LSQ12hzj_V_comb_dup.fits,0.029,0.990424296802486,0.42059447340464134,0.2445025241000264,1.0
SN05gj,dup,V,SN05gj_V_comb_dup.fits,0.062,0.9889644735472092,0.41997454354700436,0.5018917829147179,1.0
LSQ12hvj,dup,B,LSQ12hvj_B_comb_dup.fits,0.071,0.9886232448111724,0.41982963704480397,0.5685206184600877,1.0
SN08fw,dup,V,SN08fw_V_comb_dup.fits,0.009,0.9859460131816632,0.4186927214511226,0.0773859727286013,1.0
LSQ14auy,dup,B,LSQ14auy_B_comb_dup.fits,0.0825,0.9839859040856376,0.4178603397580239,0.6487610491998709,1.0
ASAS15cb,dup,V,ASAS15cb_V_comb_dup.fits,0.04004,0.9791692331875014,0.4158148879587239,0.32936592258839614,1.0
ASAS15as,dup,V,ASAS15as_V_comb_dup.fits,0.028,0.9772251819903984,0.4149893254274361,0.23320534952586108,1.0
SN04eo,dup,V,SN04eo_V_comb_dup.fits,0.016,0.9770088095163896,0.41489744049785715,0.1351739304317075,1.0
ASAS14ad,dup,V,ASAS14ad_V_comb_dup.fits,0.0264,0.9750071627420908,0.4140474193769131,0.21980274469323194,1.0
LSQ12ca,dup,V,LSQ12ca_V_comb_dup.fits,0.098,0.9749183888503616,0.4140097205761421,0.7500054640770348,1.0
LSQ14ajn,dup,B,LSQ14ajn_B_comb_dup.fits,0.02101,0.9737753789090168,0.413524328945577,0.17584402164000543,1.0
SN08gp,dup,B,SN08gp_B_comb_dup.fits,0.033,0.9707150794213598,0.41222473941043836,0.27138522905288454,1.0
ASAS15hf,swo,V,ASAS15hf_V_comb_swo.fits,0.00618,0.9705106488844464,0.4121379257546158,0.052486521925874406,1.0
ASAS15al,swo,V,ASAS15al_V_comb_swo.fits,0.032,0.9701677941959024,0.4119923287739601,0.2633283962305973,1.0
ASAS15ga,swo,V,ASAS15ga_V_comb_swo.fits,0.00663,0.9700126612459758,0.4119264498758023,0.05624858485289367,1.0
ASAS15eb,dup,V,ASAS15eb_V_comb_dup.fits,0.01648,0.9693363504576082,0.411639247127637,0.13805548242083093,1.0
CSP12G,dup,B,CSP12G_B_comb_dup.fits,0.03697,0.9684987357556234,0.4112835449143183,0.3019023771310422,1.0
LSQ15bv,dup,V,LSQ15bv_V_comb_dup.fits,0.0689,0.967986910246894,0.41106619263306454,0.5415171646814474,1.0
ASAS15cd,dup,B,ASAS15cd_B_comb_dup.fits,0.03435,0.9676867973842368,0.41093874643466377,0.2811512990353161,1.0
SN2011jh,dup,B,SN2011jh_B_comb_dup.fits,0.008,0.9670115215491956,0.41065198319070967,0.06754872095949882,1.0
LSQ13cwp,dup,B,LSQ13cwp_B_comb_dup.fits,0.0665,0.9668107360623536,0.4105667174451315,0.523488563154463,1.0
SN04gs,dup,B,SN04gs_B_comb_dup.fits,0.027,0.9663776491136972,0.41038280235167446,0.22264788935383817,1.0
ASAS15ba,dup,V,ASAS15ba_V_comb_dup.fits,0.02313,0.9646730969311323,0.409658945687484,0.19128795815177632,1.0
SN08bt,dup,B,SN08bt_B_comb_dup.fits,0.015,0.9645969448928654,0.4096266068943658,0.12526737774832947,1.0
SN09ag,dup,B,SN09ag_B_comb_dup.fits,0.009,0.9638606519081976,0.40931393205272704,0.07565251355095888,1.0
SN05ir,dup,V,SN05ir_V_comb_dup.fits,0.0764,0.9634116088139526,0.4091232410081215,0.5924155614784606,1.0
LSQ13dby,dup,B,LSQ13dby_B_comb_dup.fits,0.09993,0.9604367342155734,0.40785992808335825,0.7517479033280686,1.0
LSQ14asu,dup,V,LSQ14asu_V_comb_dup.fits,0.0684,0.9587593909631164,0.40714762598791937,0.5327744436116569,1.0
LSQ12fvl,dup,V,LSQ12fvl_V_comb_dup.fits,0.056,0.9574407006312644,0.4065876297645839,0.4419835521307197,1.0
SN05ir,dup,B,SN05ir_B_comb_dup.fits,0.0764,0.9571243777419024,0.4064532998016513,0.5885494532733926,1.0
SN05be,dup,V,SN05be_V_comb_dup.fits,0.034,0.9567846348621638,0.406309024284524,0.27526663501622806,1.0
LSQ14mc,dup,B,LSQ14mc_B_comb_dup.fits,0.05662,0.956778345219042,0.40630635331901427,0.4462413081878795,1.0
ASAS14mf,dup,B,ASAS14mf_B_comb_dup.fits,0.0311,0.9551702404880934,0.4056234541164438,0.2522380879894443,1.0
SN09ab,dup,V,SN09ab_V_comb_dup.fits,0.011,0.9543176725741572,0.40526140185867776,0.0913262353652913,1.0
SN05hj,dup,B,SN05hj_B_comb_dup.fits,0.0574,0.9537911178471608,0.40503779465433637,0.45056174821530104,1.0
ASAS15da,swo,V,ASAS15da_V_comb_swo.fits,0.048,0.9535341094224082,0.4049286532253364,0.38088473964316316,1.0
ASAS14lo,swo,V,ASAS14lo_V_comb_swo.fits,0.01993,0.9508339893041102,0.40378201778540296,0.16308774294273817,1.0
SN2012bl,dup,B,SN2012bl_B_comb_dup.fits,0.0187,0.9506011384669316,0.40368313513928744,0.15321278818646888,1.0
SN07N,dup,B,SN07N_B_comb_dup.fits,0.013,0.9501021127875264,0.4034712184450762,0.10719346018545146,1.0
SN07on,dup,B,SN07on_B_comb_dup.fits,0.006,0.9493285325364944,0.40314270915933936,0.04985654256531103,1.0
SN06kf,dup,B,SN06kf_B_comb_dup.fits,0.021,0.946556304759829,0.4019654524162964,0.17084951766340298,1.0
LSQ14ip,dup,V,LSQ14ip_V_comb_dup.fits,0.0613,0.9450705082187074,0.40133449271971283,0.474591297585664,1.0
LSQ15bv,swo,V,LSQ15bv_V_comb_swo.fits,0.0689,0.9432267368556632,0.4005515151130227,0.5276656768669887,1.0
SN2012bl,dup,V,SN2012bl_V_comb_dup.fits,0.0187,0.9431536409979682,0.4005204741602972,0.15201244052638527,1.0
SN08gl,dup,B,SN08gl_B_comb_dup.fits,0.034,0.9423881286646256,0.40019539100374857,0.2711247647639351,1.0
SN06ef,dup,B,SN06ef_B_comb_dup.fits,0.018,0.941586278289194,0.39985487650153695,0.14620271853392547,1.0
SN07bc,dup,V,SN07bc_V_comb_dup.fits,0.021,0.9402739902963212,0.39929759910123547,0.16971558575623294,1.0
SN06et,dup,V,SN06et_V_comb_dup.fits,0.023,0.9308448334099674,0.39529340485027736,0.18357140752026105,1.0
ASAS14jc,dup,V,ASAS14jc_V_comb_dup.fits,0.011325,0.9288113020023652,0.39442984357225386,0.09147533942222885,1.0
SN05kc,dup,B,SN05kc_B_comb_dup.fits,0.015,0.928595008698901,0.3943379922633097,0.12059198647246193,1.0
LSQ12gpw,dup,B,LSQ12gpw_B_comb_dup.fits,0.058,0.9269709164641456,0.39364830379298155,0.44215663678255324,1.0
SN2012U,swo,V,SN2012U_V_comb_swo.fits,0.01972,0.9255134414645654,0.3930293711477224,0.15711193566768122,1.0
LSQ14auy,dup,V,LSQ14auy_V_comb_dup.fits,0.0825,0.9254195088546056,0.392989481641024,0.6101470854630164,1.0
LSQ14xi,dup,V,LSQ14xi_V_comb_dup.fits,0.0508,0.9251797659815796,0.3928876722167617,0.38982082840058996,1.0
SN07S,dup,B,SN07S_B_comb_dup.fits,0.014,0.9251427106888132,0.3928719362827804,0.11227015875330304,1.0
LSQ15bv,dup,B,LSQ15bv_B_comb_dup.fits,0.0689,0.9251073758406484,0.3928569309543523,0.5175292329762468,1.0
ASAS15hx,dup,V,ASAS15hx_V_comb_dup.fits,0.0081,0.9251056799179233,0.3928562107622813,0.06542126765454266,1.0
ASAS14kd,swo,V,ASAS14kd_V_comb_swo.fits,0.026,0.9248759412447334,0.39275864973052654,0.20544105485496147,1.0
SN08gp,dup,V,SN08gp_V_comb_dup.fits,0.033,0.922475788481922,0.39173939869778795,0.25789885050733663,1.0
SN07af,dup,V,SN07af_V_comb_dup.fits,0.005,0.9224433048452932,0.3917256041674172,0.040419789576699755,1.0
SN2012fr,swo,V,SN2012fr_V_comb_swo.fits,0.005457,0.9193848360360314,0.3904267920498137,0.04394337421881377,1.0
LSQ14bbv,dup,V,LSQ14bbv_V_comb_dup.fits,0.0588,0.9187699117302396,0.39016565774059575,0.4438710769185508,1.0
LSQ14act,dup,B,LSQ14act_B_comb_dup.fits,0.0591,0.9168290861165976,0.389341464988484,0.4450360485805016,1.0
LSQ14gfb,swo,V,LSQ14gfb_V_comb_swo.fits,0.0527,0.916354410455358,0.3891398887949055,0.39964375687461395,1.0
LSQ14ajn,dup,V,LSQ14ajn_V_comb_dup.fits,0.02101,0.914122712559554,0.3881921739576239,0.16507196375105873,1.0
SN06ef,dup,V,SN06ef_V_comb_dup.fits,0.018,0.9133118909509432,0.38784784972345504,0.14181247582430964,1.0
SN2012G,dup,B,SN2012G_B_comb_dup.fits,0.0258,0.9130998938206988,0.38775782283129745,0.20131351845986026,1.0
SN08R,dup,V,SN08R_V_comb_dup.fits,0.013,0.91274548193666,0.38760731796159986,0.10297876950338743,1.0
LSQ14foj,dup,V,LSQ14foj_V_comb_dup.fits,0.04607,0.9114122397147488,0.38704114211953305,0.3502223828330246,1.0
SN05eq,dup,B,SN05eq_B_comb_dup.fits,0.029,0.9105038696043865,0.38665539285080264,0.2247728524429663,1.0
SN06D,dup,V,SN06D_V_comb_dup.fits,0.009,0.9100697745498192,0.38647104965418205,0.07143051831729488,1.0
SN08fw,dup,B,SN08fw_B_comb_dup.fits,0.009,0.9073081215952498,0.3852982836246092,0.07121375878140658,1.0
SN08bt,dup,V,SN08bt_V_comb_dup.fits,0.015,0.902762110775602,0.3833677705778732,0.1172371973041722,1.0
ASAS15cd,dup,V,ASAS15cd_V_comb_dup.fits,0.03435,0.9025596065082684,0.3832817749334243,0.26222927347209146,1.0
SN05lu,dup,B,SN05lu_B_comb_dup.fits,0.032,0.9015273670438272,0.3828434231932905,0.24469762564980296,1.0
SN2013fy,swo,V,SN2013fy_V_comb_swo.fits,0.0309,0.9009541962002934,0.38260001994693915,0.2364475748675558,1.0
LSQ12hnr,dup,V,LSQ12hnr_V_comb_dup.fits,0.1243,0.9002447916002521,0.3822987635509193,0.8524767373054836,1.0
ASAS15hg,swo,V,ASAS15hg_V_comb_swo.fits,0.02977,0.8987575781608887,0.381667202153053,0.22755372152514672,1.0
CSP13aam,swo,V,CSP13aam_V_comb_swo.fits,0.07495,0.8986183474207886,0.3816080763016344,0.5430025209580147,1.0
LSQ14wp,swo,V,LSQ14wp_V_comb_swo.fits,0.06945,0.8983699440933257,0.3815025891209952,0.5062575743982978,1.0
SN05A,dup,V,SN05A_V_comb_dup.fits,0.019,0.8965454302821316,0.38072778944360836,0.1467653150088121,1.0
SN05kc,dup,V,SN05kc_V_comb_dup.fits,0.015,0.8927893520790445,0.3791327298928741,0.11594208504257018,1.0
SN09le,dup,B,SN09le_B_comb_dup.fits,0.018,0.8915555408243254,0.37860877849483726,0.1384343068691855,1.0
CSP14ade,swo,V,CSP14ade_V_comb_swo.fits,0.06246,0.8915543874079707,0.3786082886840098,0.45556753165174424,1.0
LSQ14ba,dup,V,LSQ14ba_V_comb_dup.fits,0.07755,0.8907621722352282,0.37827186587564526,0.5552433516346641,1.0
SN2011jn,dup,V,SN2011jn_V_comb_dup.fits,0.047,0.890737793856205,0.37826151333126523,0.34880209601237244,1.0
ASAS14me,swo,V,ASAS14me_V_comb_swo.fits,0.018,0.890277784482631,0.3780661653366086,0.13823590609053446,1.0
CSP15aae,swo,V,CSP15aae_V_comb_swo.fits,0.016,0.8893209648723254,0.3776598414596208,0.1230418897620944,1.0
ASAS15dd,swo,V,ASAS15dd_V_comb_swo.fits,0.02437,0.8881640392257479,0.3771685403731455,0.1852812578648852,1.0
ASAS15bm,swo,V,ASAS15bm_V_comb_swo.fits,0.0206,0.8877375167378415,0.3769874129494995,0.15725685803917713,1.0
LSQ12gxj,dup,B,LSQ12gxj_B_comb_dup.fits,0.036,0.8856652184900862,0.37610738891024087,0.26914947687081314,1.0
LSQ14jp,dup,V,LSQ14jp_V_comb_dup.fits,0.0454,0.881927579833133,0.3745201599137661,0.3342298396058789,1.0
LSQ14act,dup,V,LSQ14act_V_comb_dup.fits,0.0591,0.8817930731520616,0.3744630401855069,0.4280292923553076,1.0
LSQ13dpm,dup,B,LSQ13dpm_B_comb_dup.fits,0.05086,0.8816770196647689,0.37441375680712835,0.3719034706424133,1.0
LSQ12hvj,dup,V,LSQ12hvj_V_comb_dup.fits,0.071,0.8816435747227549,0.37439955404794745,0.5070005717481172,1.0
LSQ12hnr,dup,B,LSQ12hnr_B_comb_dup.fits,0.1243,0.8815572784692627,0.3743629074032604,0.8347808057423127,1.0
SN07jh,dup,V,SN07jh_V_comb_dup.fits,0.04077,0.8809856016287246,0.374120138601566,0.3014799757839815,1.0
SN07al,dup,V,SN07al_V_comb_dup.fits,0.012,0.8801235693080698,0.3737540671803235,0.09177132367685381,1.0
SN09D,dup,V,SN09D_V_comb_dup.fits,0.025,0.8780265851303245,0.3728635599918144,0.18775905733253687,1.0
ASAS14jz,swo,V,ASAS14jz_V_comb_swo.fits,0.012,0.8771500348923416,0.37249132337873114,0.09146127040837403,1.0
ASAS15hx,swo,V,ASAS15hx_V_comb_swo.fits,0.0081,0.8762644882963814,0.37211526636417125,0.06196733505094736,1.0
SN2012ij,dup,V,SN2012ij_V_comb_dup.fits,0.01,0.8745407640853914,0.3713832680891322,0.07617599384486329,1.0
SN09le,dup,V,SN09le_V_comb_dup.fits,0.018,0.873351772785314,0.37087834997337793,0.13560775720907348,1.0
SN05lu,dup,V,SN05lu_V_comb_dup.fits,0.032,0.8727366462363741,0.37061712977940264,0.2368830863691694,1.0
SN2011iv,swo,V,SN2011iv_V_comb_swo.fits,0.006,0.8703409304728404,0.3695997629667712,0.04570829608429943,1.0
SN05A,dup,B,SN05A_B_comb_dup.fits,0.019,0.8698619031513131,0.36939633879321787,0.1423971969719287,1.0
ASAS15be,dup,B,ASAS15be_B_comb_dup.fits,0.0219,0.8679917231526943,0.3686021464715731,0.1632059125378244,1.0
LSQ14gfb,dup,V,LSQ14gfb_V_comb_dup.fits,0.0527,0.8675147603513294,0.36839959901901026,0.37834363431361007,1.0
ASAS14hu,swo,V,ASAS14hu_V_comb_swo.fits,0.015,0.8656105840672355,0.36759096980417405,0.11241251446151507,1.0
ASAS15hx,dup,B,ASAS15hx_B_comb_dup.fits,0.0081,0.8646338139956649,0.36717617374634715,0.06114484149918636,1.0
LSQ14age,dup,B,LSQ14age_B_comb_dup.fits,0.08054,0.8634667447530351,0.3666805650712416,0.5570411834061847,1.0
SN07bm,dup,B,SN07bm_B_comb_dup.fits,0.006,0.8588294357041272,0.36471128123628643,0.04510373895865059,1.0
ASAS14mf,dup,V,ASAS14mf_V_comb_dup.fits,0.0311,0.8552723796294902,0.3632007386017684,0.22585740279940597,1.0
LSQ14gfn,dup,B,LSQ14gfn_B_comb_dup.fits,0.1217,0.8542659211242145,0.3627733350269604,0.7943507984319119,1.0
LSQ13dby,dup,V,LSQ13dby_V_comb_dup.fits,0.09993,0.8532702679010855,0.3623505200329951,0.6678671400367803,1.0
ASAS15fr,dup,B,ASAS15fr_B_comb_dup.fits,0.03344,0.8525875477212029,0.3620605954668597,0.24141090847822524,1.0
SN07on,dup,V,SN07on_V_comb_dup.fits,0.006,0.8511728156613224,0.3614598140768483,0.04470163095284719,1.0
ASAS15aj,swo,V,ASAS15aj_V_comb_swo.fits,0.01092,0.851093513146932,0.3614261373997036,0.08086341211831316,1.0
SN2011jn,dup,B,SN2011jn_B_comb_dup.fits,0.047,0.8504647275430127,0.3611591167391456,0.333031652634111,1.0
SN08cf,dup,V,SN08cf_V_comb_dup.fits,0.046,0.8481512135667371,0.3601766578114846,0.32544533526623926,1.0
SN05eq,dup,V,SN05eq_V_comb_dup.fits,0.029,0.8456989736756186,0.3591352874119532,0.20877469823796788,1.0
LSQ12ca,swo,V,LSQ12ca_V_comb_swo.fits,0.098,0.8451099698327207,0.35888516050983993,0.6501437477940576,1.0
LSQ12cdl,dup,V,LSQ12cdl_V_comb_dup.fits,0.111,0.8441021096817707,0.3584571617109182,0.7246473468263608,1.0
LSQ14fom,swo,V,LSQ14fom_V_comb_swo.fits,0.05626,0.8422690281478047,0.35767872365666686,0.39050224975137093,1.0
SN06kf,dup,V,SN06kf_V_comb_dup.fits,0.021,0.8419199444951958,0.3575304814785244,0.15196308524372498,1.0
LSQ12gef,dup,V,LSQ12gef_V_comb_dup.fits,0.065,0.8417656972973367,0.3574649787246369,0.4462851885860599,1.0
ASAS14lp,swo,V,ASAS14lp_V_comb_swo.fits,0.0051,0.8404232637795336,0.35689489969858307,0.03755775178209611,1.0
SN09ds,dup,B,SN09ds_B_comb_dup.fits,0.019,0.8381957671037367,0.35594896895517136,0.13721342125331068,1.0
SN08bz,dup,B,SN08bz_B_comb_dup.fits,0.06,0.8359002586102615,0.35497415625204404,0.41149534590071,1.0
SN2012G,dup,V,SN2012G_V_comb_dup.fits,0.0258,0.8352182323602395,0.35468452637078784,0.18414274514337198,1.0
SN08fp,dup,B,SN08fp_B_comb_dup.fits,0.006,0.8351796126899297,0.3546681261068308,0.043861704860487544,1.0
LSQ14ahc,dup,B,LSQ14ahc_B_comb_dup.fits,0.05086,0.8346798647831175,0.35445590271087885,0.35207942553182303,1.0
LSQ12gzm,dup,B,LSQ12gzm_B_comb_dup.fits,0.1,0.8317355588100525,0.35320557108605766,0.6514153025169875,1.0
LSQ12fuk,dup,B,LSQ12fuk_B_comb_dup.fits,0.02,0.831560163743154,0.35313108765906775,0.1431186606706067,1.0
PS15sv,swo,V,PS15sv_V_comb_swo.fits,0.0333,0.8303976654209512,0.3526374200751452,0.23418269477025414,1.0
LSQ12gpw,dup,V,LSQ12gpw_V_comb_dup.fits,0.058,0.8286629954703587,0.35190077357247385,0.3952646588966655,1.0
LSQ12gyc,dup,B,LSQ12gyc_B_comb_dup.fits,0.093,0.8275377913251721,0.3514229433673331,0.6076307775094341,1.0
LSQ12cdl,swo,V,LSQ12cdl_V_comb_swo.fits,0.111,0.8257991991608045,0.3506846312538294,0.7089346085259924,1.0
LSQ14mc,dup,V,LSQ14mc_V_comb_dup.fits,0.05662,0.8243151272186982,0.3500544039270161,0.3844604788216828,1.0
LSQ12gyc,dup,V,LSQ12gyc_V_comb_dup.fits,0.093,0.8217457457871616,0.3489632880954865,0.6033778900032386,1.0
SN2012E,swo,V,SN2012E_V_comb_swo.fits,0.02,0.8171386943777579,0.34700685349695937,0.14063660168020609,1.0
LSQ14asu,swo,V,LSQ14asu_V_comb_swo.fits,0.0684,0.8167806329205213,0.3468547987962224,0.4538780546596476,1.0
LSQ12gzm,dup,V,LSQ12gzm_V_comb_dup.fits,0.1,0.8164085573368798,0.3466967928439516,0.6394111947262742,1.0
LSQ14gov,dup,V,LSQ14gov_V_comb_dup.fits,0.0896,0.8163215445565376,0.34665984191832744,0.5797515418539472,1.0
LSQ15alq,swo,V,LSQ15alq_V_comb_swo.fits,0.0471,0.8143645374025619,0.34582877749873187,0.31953583433776644,1.0
ASAS15fr,swo,V,ASAS15fr_V_comb_swo.fits,0.03344,0.8056314616198103,0.3421201816758027,0.2281152517041883,1.0
SN07S,dup,V,SN07S_V_comb_dup.fits,0.014,0.8028829838644878,0.34095301063820166,0.09743340029310535,1.0
LSQ12cdl,dup,B,LSQ12cdl_B_comb_dup.fits,0.111,0.8023945168113226,0.3407455777797138,0.6888420856270034,1.0
LSQ14age,dup,V,LSQ14age_V_comb_dup.fits,0.08054,0.8007302224597013,0.34003881704224975,0.5165684879220493,1.0
LSQ12gxj,dup,V,LSQ12gxj_V_comb_dup.fits,0.036,0.7989239436867538,0.33927176107261886,0.24278921314020613,1.0
SN06ej,dup,B,SN06ej_B_comb_dup.fits,0.02,0.7972258734188999,0.33855065702416426,0.13720943382144654,1.0
LSQ13dcy,swo,V,LSQ13dcy_V_comb_swo.fits,0.083,0.7920113108690948,0.33633623619790676,0.525048643259464,1.0
ASAS14lt,swo,V,ASAS14lt_V_comb_swo.fits,0.032046,0.7911186311674059,0.33595715003224724,0.21502668433690253,1.0
KISS13v,swo,V,KISS13v_V_comb_swo.fits,0.08,0.7899542247840825,0.3354626721693717,0.5065174688180784,1.0
LSQ12hno,dup,B,LSQ12hno_B_comb_dup.fits,0.048,0.7884104520831977,0.33480709226459626,0.31492686712125745,1.0
SN2011jh,dup,V,SN2011jh_V_comb_dup.fits,0.008,0.7847219420808316,0.33324072628680124,0.054815234684582215,1.0
LSQ12fxd,dup,B,LSQ12fxd_B_comb_dup.fits,0.031,0.7828882369711913,0.3324620234243427,0.20610239705099584,1.0
LSQ12gyc,swo,V,LSQ12gyc_V_comb_swo.fits,0.093,0.7809068477759397,0.33162060490515155,0.5733913786785414,1.0
SN08cf,dup,B,SN08cf_B_comb_dup.fits,0.046,0.7779377360954346,0.3303597392662802,0.2985036197438827,1.0
SN2011im,swo,V,SN2011im_V_comb_swo.fits,0.016228,0.7730231876178323,0.32827272268598023,0.10844562563515557,1.0
SN06lu,dup,B,SN06lu_B_comb_dup.fits,0.068,0.7725656267694627,0.32807841448424097,0.4269974769157282,1.0
LSQ14ajn,swo,V,LSQ14ajn_V_comb_swo.fits,0.02101,0.7711766103293638,0.3274885535124737,0.13925880597530788,1.0
ASAS15al,dup,V,ASAS15al_V_comb_dup.fits,0.032,0.7699072029891015,0.32694948584870853,0.20897254085571798,1.0
LSQ14gfn,swo,V,LSQ14gfn_V_comb_swo.fits,0.1217,0.7688926126915571,0.32651862901967593,0.7149652651438593,1.0
ASAS15fr,dup,V,ASAS15fr_V_comb_dup.fits,0.03344,0.7683716528580216,0.32629739774782784,0.21756510432407467,1.0
SN07ba,dup,V,SN07ba_V_comb_dup.fits,0.039,0.7640801387564493,0.3244749595064735,0.2506507604033334,1.0
SN07cg,dup,V,SN07cg_V_comb_dup.fits,0.033,0.7607609635086523,0.32306543555800826,0.21268783468302407,1.0
LSQ12hjm,dup,B,LSQ12hjm_B_comb_dup.fits,0.07,0.7603518172472615,0.32289168713835553,0.4315959350942775,1.0
ASAS15al,dup,B,ASAS15al_B_comb_dup.fits,0.032,0.759389103507723,0.3224828602551421,0.20611765916989488,1.0
ASAS15go,swo,V,ASAS15go_V_comb_swo.fits,0.01892,0.7582883463855413,0.3220154117447965,0.1236217971629296,1.0
PS1-14xw,swo,V,PS1-14xw_V_comb_swo.fits,0.024,0.7555960792151557,0.32087211114479236,0.15530209939758993,1.0
ASAS14lw,swo,V,ASAS14lw_V_comb_swo.fits,0.016,0.7551230088514117,0.32067121665829335,0.10447494850776991,1.0
LSQ12gln,dup,V,LSQ12gln_V_comb_dup.fits,0.112,0.7535598368635138,0.32000739863483274,0.6520030053397137,1.0
KISS13l,swo,V,KISS13l_V_comb_swo.fits,0.13201,0.7514979282143676,0.3191317866518716,0.7492169905682546,1.0
SN2011iy,swo,V,SN2011iy_V_comb_swo.fits,0.0043,0.7506722311319042,0.3187811453855864,0.028312249456990703,1.0
SN2012ar,dup,B,SN2012ar_B_comb_dup.fits,0.0283,0.7494291214179506,0.3182532452954811,0.18069505266634037,1.0
LSQ12gln,dup,B,LSQ12gln_B_comb_dup.fits,0.112,0.7488619371841748,0.3180123843282184,0.6479382389338201,1.0
LSQ12btn,swo,V,LSQ12btn_V_comb_swo.fits,0.054,0.7483567274282795,0.31779784149851836,0.33391359234824725,1.0
SN05hc,dup,V,SN05hc_V_comb_dup.fits,0.046,0.7469973020882007,0.31722054670992195,0.28663142082734494,1.0
SN06ax,dup,B,SN06ax_B_comb_dup.fits,0.017,0.7442688776661972,0.316061891538899,0.10927661970982504,1.0
LSQ12gzm,swo,V,LSQ12gzm_V_comb_swo.fits,0.1,0.7427329521278665,0.3154096440172373,0.5817084595876986,1.0
SN2012bo,swo,V,SN2012bo_V_comb_swo.fits,0.0254,0.7412570552175561,0.3147828883067852,0.16097061742029672,1.0
SN06fw,dup,V,SN06fw_V_comb_dup.fits,0.0835,0.7411352227489061,0.31473115082098146,0.4939945924459999,1.0
ASAS15da,dup,B,ASAS15da_B_comb_dup.fits,0.048,0.7381648715712563,0.3134697588161369,0.29485650502052163,1.0
LSQ13dpm,dup,V,LSQ13dpm_V_comb_dup.fits,0.05086,0.7368879520166881,0.3129275010086825,0.31082945423006053,1.0
SN06lu,dup,V,SN06lu_V_comb_dup.fits,0.068,0.7353246819291851,0.31226364132615525,0.40641438476956215,1.0
LSQ14gfn,dup,V,LSQ14gfn_V_comb_dup.fits,0.1217,0.7333942054655929,0.31144384345341936,0.6819565878389083,1.0
SN2011iy,dup,B,SN2011iy_B_comb_dup.fits,0.0043,0.7323007662380131,0.31097950256678253,0.027619353842373528,1.0
SN05hj,dup,V,SN05hj_V_comb_dup.fits,0.0574,0.7314406000621805,0.31061422362428004,0.34552550271544336,1.0
SN2011jt,swo,V,SN2011jt_V_comb_swo.fits,0.028,0.7303459328824848,0.3101493612743924,0.17429000162044989,1.0
ASAS15da,dup,V,ASAS15da_V_comb_dup.fits,0.048,0.7282648206785681,0.30926559429257644,0.2909019760011038,1.0
LSQ12fuk,dup,V,LSQ12fuk_V_comb_dup.fits,0.02,0.7273728993191746,0.3088868301652387,0.1251871358171627,1.0
SN2012bo,dup,B,SN2012bo_B_comb_dup.fits,0.0254,0.7260858443904761,0.3083402682606828,0.15767605292791312,1.0
SN06ax,dup,V,SN06ax_V_comb_dup.fits,0.017,0.7242660877013625,0.30756748874704076,0.10633972776430009,1.0
LSQ12hjm,dup,V,LSQ12hjm_V_comb_dup.fits,0.07,0.7211972687706356,0.3062642813375393,0.4093707709273217,1.0
ASAS15db,swo,V,ASAS15db_V_comb_swo.fits,0.011,0.720506923084837,0.3059711185171975,0.06895102829069158,1.0
SN07cg,dup,B,SN07cg_B_comb_dup.fits,0.033,0.7204559976421788,0.30594949247287806,0.20141967513185915,1.0
LSQ12btn,dup,B,LSQ12btn_B_comb_dup.fits,0.054,0.7173677454783814,0.3046380325291282,0.320086440260412,1.0
LSQ13ry,swo,V,LSQ13ry_V_comb_swo.fits,0.03,0.7166613616390106,0.3043380589320538,0.18280071626956385,1.0
SN2012bl,swo,V,SN2012bl_V_comb_swo.fits,0.0187,0.7159305208231876,0.30402769941334445,0.11538983786618633,1.0
LSQ12agq,dup,B,LSQ12agq_B_comb_dup.fits,0.064,0.7139719688096574,0.3031959789522998,0.3731458698101939,1.0
LSQ13aiz,swo,V,LSQ13aiz_V_comb_swo.fits,0.009,0.7122928363436993,0.302482917047845,0.05590719296099564,1.0
LSQ12hno,dup,V,LSQ12hno_V_comb_dup.fits,0.048,0.7099501953435847,0.3014880890120221,0.28358628458173474,1.0
LSQ12btn,dup,V,LSQ12btn_V_comb_dup.fits,0.054,0.7097539318874537,0.3014047435960761,0.31668918898380044,1.0
LSQ15aja,swo,V,LSQ15aja_V_comb_swo.fits,0.07,0.7093785558409925,0.3012453360662934,0.4026621548067642,1.0
SN2012ar,swo,V,SN2012ar_V_comb_swo.fits,0.0283,0.7091158778182752,0.30113378698071824,0.17097511589418513,1.0
KISS13j,swo,V,KISS13j_V_comb_swo.fits,0.0766,0.7088357286172307,0.301014818568828,0.43691247597997024,1.0
ASAS15be,dup,V,ASAS15be_V_comb_dup.fits,0.0219,0.708179904205638,0.3007363155838647,0.13315696961605467,1.0
LSQ12hzj,swo,V,LSQ12hzj_V_comb_swo.fits,0.029,0.707328835983382,0.30037490018651747,0.1746157544044576,1.0
SN2012bo,dup,V,SN2012bo_V_comb_dup.fits,0.0254,0.7062059946277672,0.2998980733657232,0.1533589652617637,1.0
LSQ12fxd,dup,V,LSQ12fxd_V_comb_dup.fits,0.031,0.7059257065029221,0.2997790459583268,0.18584131601344248,1.0
SN2011iy,dup,V,SN2011iy_V_comb_dup.fits,0.0043,0.7056195018479968,0.2996490128139379,0.02661304698578577,1.0
LSQ12agq,swo,V,LSQ12agq_V_comb_swo.fits,0.064,0.7034735218284027,0.29873769900712605,0.3676590267664709,1.0
LSQ13vy,swo,V,LSQ13vy_V_comb_swo.fits,0.032,0.7026958425108862,0.2984074490081261,0.19072965558464583,1.0
SN2012ar,dup,V,SN2012ar_V_comb_dup.fits,0.0283,0.6978056017310357,0.2963307549566338,0.16824809225065787,1.0
LSQ13dhj,swo,V,LSQ13dhj_V_comb_swo.fits,0.0935,0.6975612823216292,0.2962270020563126,0.5146508813993892,1.0
SN06os,dup,V,SN06os_V_comb_dup.fits,0.033,0.6936206828725078,0.29455358354714173,0.19391725943866253,1.0
LSQ12hnr,swo,V,LSQ12hnr_V_comb_swo.fits,0.1243,0.6934454462073141,0.29447916738716234,0.6566504099749916,1.0
LSQ13dpm,swo,V,LSQ13dpm_V_comb_swo.fits,0.05086,0.6899434260929171,0.2929919963730601,0.29102760873639966,1.0
LSQ13abo,swo,V,LSQ13abo_V_comb_swo.fits,0.067,0.6870275875946608,0.291753753771716,0.374574862171821,1.0
CSP12G,swo,V,CSP12G_V_comb_swo.fits,0.03697,0.6838840023712296,0.2904187960410543,0.21318169903100637,1.0
SN07bm,dup,V,SN07bm_V_comb_dup.fits,0.006,0.6779711913824789,0.28790785640419003,0.03560548156169085,1.0
LSQ12agq,dup,V,LSQ12agq_V_comb_dup.fits,0.064,0.6750374892037354,0.2866620277962104,0.35279739551031253,1.0
LSQ13pf,swo,V,LSQ13pf_V_comb_swo.fits,0.085,0.6730757830339689,0.2858289678883393,0.455896473517217,1.0
LSQ12cda,swo,V,LSQ12cda_V_comb_swo.fits,0.13749,0.6640323482137802,0.2819885747172043,0.6852652491840496,1.0
LSQ12blp,swo,V,LSQ12blp_V_comb_swo.fits,0.074,0.657661539302649,0.27928314127035786,0.3927988052784238,1.0
SN06ej,dup,V,SN06ej_V_comb_dup.fits,0.02,0.6532940530366834,0.2774284406212863,0.11243752884194382,1.0
SN2011jh,swo,V,SN2011jh_V_comb_swo.fits,0.008,0.6509040059725075,0.2764134810836268,0.04546764137868657,1.0
LSQ12bld,swo,V,LSQ12bld_V_comb_swo.fits,0.083,0.650838972457441,0.27638586389257913,0.4314611606924937,1.0
LSQ12aor,dup,B,LSQ12aor_B_comb_dup.fits,0.093,0.6501989241289842,0.27611406039328096,0.47741732395282155,1.0
SN07ux,dup,V,SN07ux_V_comb_dup.fits,0.031,0.6414907777408578,0.27241605110951345,0.1688782392362904,1.0
SN08bz,dup,V,SN08bz_V_comb_dup.fits,0.06,0.6239888105634579,0.26498364997366786,0.30717599234611676,1.0
LSQ11bk,swo,V,LSQ11bk_V_comb_swo.fits,0.037,0.6166350597901793,0.2618607995508527,0.19236780824512545,1.0
LSQ12aor,dup,V,LSQ12aor_V_comb_dup.fits,0.093,0.6075850768311154,0.25801762564116865,0.4461275321901905,1.0
ASAS15cb,swo,V,ASAS15cb_V_comb_swo.fits,0.04004,0.606792872435626,0.2576812074094821,0.20410863360077844,1.0
LSQ12hvj,swo,V,LSQ12hvj_V_comb_swo.fits,0.071,0.5755787356386388,0.24442578398005527,0.33099401665419587,1.0
SN06bd,dup,B,SN06bd_B_comb_dup.fits,0.026,0.5161824675752712,0.21920251131907068,0.1146586973530538,1.0
KISS13l,dup,B,KISS13l_B_comb_dup.fits,0.13201,0.5042021835879869,0.21411495313704965,0.502671835068556,1.0
SN07nq,dup,V,SN07nq_V_comb_dup.fits,0.045,0.4626260362880688,0.19645918900014653,0.17386230665930927,1.0
SN07ux,dup,B,SN07ux_B_comb_dup.fits,0.031,0.445140580028106,0.18903379940536202,0.11718727684988749,1.0
SN08ar,dup,B,SN08ar_B_comb_dup.fits,0.026,0.4064766110156376,0.17261472352138707,0.09028992972672156,1.0
SN08ar,dup,V,SN08ar_V_comb_dup.fits,0.026,0.3993512487375966,0.169588860762542,0.08870718562305896,1.0
SN07hx,dup,B,SN07hx_B_comb_dup.fits,0.0798,0.398751919133273,0.16933434891328702,0.2550992159511369,1.0
ASAS14hr,dup,B,ASAS14hr_B_comb_dup.fits,0.03362,0.3973755846850063,0.16874987348758685,0.11309852019161126,1.0
SN06os,dup,B,SN06os_B_comb_dup.fits,0.033,0.3960573292225119,0.16819006193626423,0.11072673257862238,1.0
SN07al,dup,B,SN07al_B_comb_dup.fits,0.012,0.3943364720698818,0.1674592811888091,0.04111783990100892,1.0
SN07nq,dup,B,SN07nq_B_comb_dup.fits,0.045,0.3608878715622877,0.1532549683886968,0.13562746770291553,1.0
SN07ol,dup,B,SN07ol_B_comb_dup.fits,0.056,0.3602886506109948,0.1530005026801356,0.1663201256061491,1.0
