object,z,flux_B,flux_V,mag_B,mag_V,B_minus_V,B_minus_V_err,annulus_tag,epoch,zp_err_B,zp_err_V,n_ref_B,n_ref_V,bkg_frac_B,bkg_frac_V,zp_diff,zp_diff_n_mad,flag_high_bkg,flag_large_err,flag_zp_outlier,flag_low_flux,flag_exclude,ra_deg,dec_deg,ebv_sfd,A_B,A_V,colour_excess_BV,ebv_applied,mag_B_dered,mag_V_dered,B_minus_V_dered,B_minus_V_dered_err,gal_b_deg
ASAS14ad,0.0264,62517.64301340677,135372.70520760998,17.45182223707851,17.04091197804045,0.410910259038058,0.421827494071081,ann20-30,CSP-II,0.4172058541882531,0.0622712613116036,1,6,0.0117720220577971,0.0072261414523976,-0.4279110195241742,-1.620798463881242,False,True,False,False,True,190.04626,18.0591,0.015620338610691207,0.05663934780236631,0.04283096847051529,0.013808379331851021,0.013808379331851021,17.395182889276143,16.998081009569937,0.397101879706207,0.4218332797926049,80.56740096115152
ASAS14hp,0.03892,9526.299992532213,20552.057727941406,19.61051074167885,19.02696815906986,0.5835425826089917,0.0888604609982633,ann20-30,CSP-II,0.0535165240843546,0.0709377415678888,4,4,0.0464856774070104,0.0429219838099911,-0.2512850608511812,0.0561711617432145,False,False,False,False,False,322.63092,-70.64288,0.02974439403972433,0.10785317278804041,0.0815591284569241,0.026294044331116304,0.026294044331116304,19.50265756889081,18.945409030612936,0.5572485382778755,0.08895999535783718,-38.23739635548575
ASAS14hr,0.03362,146812.38003068417,354784.36292684166,16.659929047286113,16.049711370274693,0.6102176770114198,0.173931676567942,ann20-30,CSP-II,0.0709892492223504,0.1587852468228148,3,3,0.0017033268775791,0.0005531793138909,-0.3477868001813604,-0.860061576029233,False,False,False,False,False,27.67179,-14.51799,0.012971295705597286,0.04703391822849576,0.03556729282474776,0.011466625403748001,0.011466625403748001,16.612895129057616,16.014144077449945,0.5987510516076718,0.17394135244756442,-71.30645526943914
ASAS14hu,0.015,54056.36522764221,135868.3313201361,17.878225115722373,17.082678623930555,0.7955464917918178,0.0831311672576835,ann20-30,CSP-II,0.0354258312297459,0.0752050626707173,12,12,0.080305537787971,0.0410932449387243,-0.205132011714312,0.4943698394119745,False,False,False,False,False,100.86218,-69.63741,0.06195200417031356,0.22463796712155695,0.16987239543499977,0.054765571686557185,0.054765571686557185,17.653587148600817,16.912806228495555,0.7407809201052606,0.08359169950649484,-25.994329514752515
ASAS14jc,0.011325,584688.0545702113,1349285.394244378,15.296415376895087,14.466697484007698,0.8297178928873912,0.2134647868225587,ann20-30,CSP-II,0.0716808704943485,0.201069808818661,5,5,0.003387914192808,0.0048776762565264,-0.0782311024327313,1.6992265429689646,False,False,False,False,False,113.89703,-62.77018,0.13522027508431364,0.49030871745572124,0.370773994281188,0.11953472317453323,0.11953472317453323,14.806106659439365,14.095923489726509,0.710183169712858,0.21431985930925157,-19.116319137162296
ASAS14jg,0.014827,270446.3668021391,738335.9928916531,15.559736130638145,15.051398048183174,0.5083380824549693,0.1953565191118619,ann20-30,CSP-II,0.0854762939699503,0.1756643752405875,6,6,0.0047106019931522,0.0029598904819845,-0.5820941394012173,-3.084685260365766,False,False,True,False,False,353.30792,-60.56986,0.013062820426893662,0.04736578686791642,0.03581825361054242,0.011547533257373996,0.011547533257373996,15.512370343770229,15.01557979457263,0.49679054919759524,0.19536525587966277,-54.02107353998559
ASAS14jz,0.012,186813.6584264261,372979.0697977293,16.545718894455597,15.874542359225842,0.6711765352297547,0.1559788878282803,ann20-30,CSP-II,0.0427226448328121,0.1500139629055797,9,9,0.0215641617545262,0.0180994938183464,-0.0795130549118567,1.6870550853579829,False,False,False,False,False,281.18475,-52.80152,0.04691791134112833,0.17012434652293132,0.12864891289737387,0.041475433625557445,0.041475433625557445,16.375594547932664,15.745893446328468,0.6297011016041973,0.1561199886784668,-20.333677023116046
ASAS14kq,0.0336,57037.65467079553,105745.17727648864,17.736530220381326,17.269074118103735,0.4674561022775911,0.1117295118018041,ann20-30,CSP-II,0.0505421993549225,0.0996442165498669,7,7,0.0026847253699759,0.0058378518469482,-0.2027911730845026,0.5165948583739179,False,False,False,False,False,356.31463,-29.78364,0.016091889656449854,0.05834919189428717,0.0441239614379855,0.014225230456301668,0.014225230456301668,17.67818102848704,17.22495015666575,0.4532308718212894,0.11175269191977782,-75.22742519830858
ASAS14lt,0.032046,272747.25598548475,788248.9326129797,16.04440809722751,15.172500882550578,0.8719072146769324,0.0822094312962453,ann20-30,CSP-II,0.0583295733130127,0.0579314376757039,5,6,0.0038153920422445,0.0027302143335613,-0.2803502886575515,-0.2197877321778023,False,False,False,False,False,47.76058,-13.11077,0.04816439654989737,0.17464410188992785,0.1320667753398186,0.04257732655010926,0.04257732655010926,15.869763995337582,15.040434107210759,0.8293298881268232,0.08249120565064882,-54.52037183199874
ASAS14me,0.018,112508.32034969912,216105.16441329345,16.927671801150733,16.541420324211103,0.3862514769396306,0.0651357358775738,ann20-30,CSP-II,0.0439882927823078,0.0480384656958466,11,11,0.003747651447731,0.0063028979897065,-0.3224497844127398,-0.6195000743837706,False,False,False,False,False,21.66757,-57.99719,0.018047322025991165,0.06543958966624397,0.04948575699526778,0.015953832670976192,0.015953832670976192,16.86223221148449,16.491934567215836,0.3702976442686544,0.06518573404205501,-58.5154259893991
ASAS14mf,0.0311,53120.55922019648,99558.88280390046,17.348702667119674,17.37776151443421,-0.0290588473145341,0.3830182936579513,ann20-30,CSP-II,0.3752110199778634,0.0769396111493946,5,5,0.0008645747969523,0.0013180018669255,-0.7111022877627384,-4.309549079284158,False,True,True,False,True,1.22691,-32.4374,0.012246584865123727,0.04440611672093864,0.03358013570016926,0.010825981020769378,0.010825981020769378,17.304296550398735,17.34418137873404,-0.03988482833530348,0.38302221038001727,-78.60323071256593
ASAS14my,0.020514,369365.3749492551,916384.840479744,15.811811130420056,15.078556556611712,0.7332545738083454,0.3798523065770777,ann20-30,CSP-II,0.2379034280320895,0.2961245240477503,1,1,-4.552739191554069e-05,0.0001560015781171,-0.2532997131347656,0.0370431088162886,False,True,False,False,True,174.62483,-8.97664,0.032628949298379895,0.1183125701559255,0.08946857897615768,0.028843991179767825,0.028843991179767825,15.69349856026413,14.989087977635554,0.7044105826285776,0.3798803408878933,49.799858464717765
ASAS15aj,0.01092,3164639.731498852,8911714.716074243,12.81813876758557,11.822797096935725,0.9953416706498466,0.4020914517977244,ann20-30,CSP-II,0.2656772212226067,0.3018164172675766,7,6,0.0017711826311361,0.0010706475162872,-0.1287508269557555,1.2195686027854489,False,True,False,False,True,163.22192,-32.92635,0.0656372355023969,0.23800061593169117,0.17997729974757232,0.05802331618411885,0.05802331618411885,12.580138151653879,11.642819797188153,0.9373183544657278,0.4021986117112531,23.66831434431607
ASAS15al,0.032,34951.140330557275,53952.949085846674,18.41332153265558,18.06644424209854,0.346877290557039,0.2382705919703838,ann20-30,CSP-II,0.1395718314592776,0.1931128656020105,5,5,0.0083113547320017,0.0127186029251331,-0.1245073058416927,1.2598585809259466,False,False,False,False,False,74.45679,-21.59281,0.02935918895137666,0.10645641913769176,0.0805028961046748,0.025953523033016956,0.025953523033016956,18.306865113517887,17.985941345993865,0.320923767524022,0.23830677452199603,-34.15499885248909
ASAS15as,0.028,11303.815546933582,20395.310773716606,20.14700599769888,19.76366270299529,0.3833432947035859,0.2608335909845884,ann20-30,CSP-II,0.2053995347970405,0.1607644030594924,6,5,0.0502441644238447,0.0540174159779972,-0.2574198680179123,-0.0020755725135452,False,True,False,False,True,144.81896,6.43015,0.03904330975378929,0.14157104116723998,0.10705675534489024,0.034514285822349736,0.034514285822349736,20.00543495653164,19.6566059476504,0.3488290088812362,0.2608920424727759,39.969032187029995
ASAS15ba,0.02313,35128.79021717496,71215.94157099858,18.274262976253127,17.71210256611147,0.562160410141658,0.2431185565454258,ann20-30,CSP-II,0.1162548468242213,0.213521528485088,5,5,0.0103827113943834,0.0109993287589989,-0.2051246574162242,0.4944396645645385,False,False,False,False,False,211.22954,8.9207,0.021950066895527715,0.0795909425631835,0.060187083427536994,0.019403859135646503,0.019403859135646503,18.194672033689944,17.651915482683933,0.5427565510060115,0.24313837867830515,64.84031238180476
ASAS15be,0.0219,63640.134309288725,112652.64155449536,17.597669726609855,17.147822966125034,0.4498467604848208,0.2035093696307922,ann20-30,CSP-II,0.0766753973202142,0.1885124584034427,6,6,0.0108307180057758,0.0125260790791695,-0.1701789702019134,0.8262303959228323,False,False,False,False,False,43.19329,-34.31459,0.01695191004808198,0.06146762583434526,0.04648213735184079,0.014985488482504465,0.014985488482504465,17.53620210077551,17.101340828773193,0.43486127200231633,0.2035234934548538,-63.0634883066295
ASAS15cb,0.04004,231558.8294259724,466879.1844554752,16.339326589077025,15.854399055505231,0.4849275335717919,0.1172603512284467,ann20-30,CSP-II,0.086449952569199,0.0792237064962372,4,4,0.0012626165595989,0.0003938310323112,-0.2764303817520499,-0.1825702989919359,False,False,False,False,False,189.95929,3.79711,0.0283829756154236,0.10291666958152597,0.0778261191374915,0.025090550444034465,0.025090550444034465,16.2364099194955,15.77657293636774,0.45983698312775745,0.11732905047212838,66.5048535954431
ASAS15cd,0.03435,322724.2551011601,640437.3082487828,15.891160044227266,15.407822986737306,0.48333705748996,0.1973271989909012,ann20-30,CSP-II,0.1352434475629346,0.1436914519130713,6,6,0.0005323790590043,-0.0001198932043326,-0.2607754836729832,-0.0339353601183911,False,False,False,False,False,149.81246,12.98841,0.026139125729452754,0.09478046989499568,0.07167348275015946,0.023106987144836222,0.023106987144836222,15.79637957433227,15.336149503987148,0.46023007034512375,0.19736183051107034,47.412255439670346
ASAS15da,0.048,49000.21332953579,144585.82244127963,17.66322844468111,16.672958222916442,0.9902702217646676,0.4873100982950185,ann20-30,CSP-II,0.3525857542775247,0.3363843304627158,4,4,0.0190530817118212,0.0087926039719998,-0.1845491255247218,0.6897934068590044,False,True,False,False,True,80.96617,-24.70233,0.030869307847275106,0.11193211025421954,0.08464364211722834,0.027288468136991192,0.027288468136991192,17.55129633442689,16.588314580799214,0.9629817536276765,0.4873296576332371,-29.475262686918132
ASAS15dd,0.02437,313568.9132903396,967875.0408478308,15.92602518336665,15.01698756114239,0.9090376222242612,0.0846425615793009,ann20-30,CSP-II,0.0596025103915363,0.06009911801127,7,7,0.0015236680617145,0.0004434137931105,-0.3146781020236631,-0.5457120796609143,False,False,False,False,False,235.99613,19.21158,0.04721061834013693,0.1711857021013365,0.12945151548865547,0.041734186612681023,0.041734186612681023,15.754839481265314,14.887536045653734,0.8673034356115802,0.08490554654679888,49.75809221169462
ASAS15eb,0.01648,1118667.8422271493,3568376.315392713,14.634143271244348,13.498395135393242,1.135748135851106,0.1213917761339653,ann20-30,CSP-II,0.0665034693262247,0.101554181994316,23,22,0.004248047897247,0.0031636486025143,-0.123675599944228,1.2677551864870993,False,False,False,False,False,121.53083,-22.56357,0.16755847145142352,0.6075670174828617,0.4594453287198033,0.14812168876305837,0.14812168876305837,14.026576253761487,13.038949806673438,0.9876264470880476,0.12368358096699202,5.0569598390833255
ASAS15fr,0.03344,127247.44771227396,242846.7741703033,17.04984535080548,16.452802488856616,0.5970428619488644,0.0992866189211211,ann20-30,CSP-II,0.0442331332997589,0.088889046655219,8,8,-0.0030387375511429,-0.0012211879325032,-0.1046652850079929,1.448248025485038,False,False,False,False,False,140.08517,-7.64077,0.03251026365096426,0.1178822159983964,0.089143142930944,0.02873907306745241,0.02873907306745241,16.931963134807084,16.363659345925672,0.568303788881412,0.09939304108135437,28.22888872805252
ASAS15ga,0.00663,6449184.111861361,18907404.83387913,12.645829640479686,11.742674670495669,0.9031549699840192,0.2154609096324477,ann20-30,CSP-II,0.1360999701586712,0.1670335346643021,3,3,0.0016103693284654,0.001041078217756,-0.2646628994177895,-0.0708443069979604,False,False,False,False,False,194.86372,14.17105,0.024114998569396254,0.08744098481263081,0.06612332607728454,0.021317658735346273,0.021317658735346273,12.558388655667056,11.676551344418383,0.8818373112486729,0.21548790525116507,76.90858871268397
ASAS15go,0.01892,349931.06008600834,843656.1142894755,15.879808912806649,15.091271063431144,0.7885378493755031,0.1256163150072386,ann20-30,CSP-II,0.084500451902078,0.0929469323019453,8,7,0.0015971503916954,0.0018328203841114,-0.1669195654456068,0.8571767121665375,False,False,False,False,False,92.87667,-16.48461,0.1374156872024212,0.49826928179597924,0.3767938143090389,0.12147546748694033,0.12147546748694033,15.38153963101067,14.714477249122105,0.6670623818885628,0.12711105223208471,-16.100865426178927
ASAS15gr,0.024,73090.15769808272,131079.90844224396,17.457200127542116,16.95336171691257,0.5038384106295446,0.2145250960176616,ann20-30,CSP-II,0.1418208818903929,0.1609591696089979,8,4,0.0079611695558972,0.0035169535052962,-0.1303546654942948,1.2043410080777206,False,False,False,False,False,101.33575,-34.89391,0.08339816216617658,0.3024017360145563,0.2286777606596562,0.07372397535490008,0.07372397535490008,17.15479839152756,16.724683956252914,0.43011443527464455,0.21484915305782673,-16.275743376201707
ASAS15hf,0.00618,1376463.700348716,3538976.66250816,14.403024825857871,13.483747914590392,0.919276911267481,0.1229688697456539,ann20-30,CSP-II,0.0456744115128527,0.1141717612173789,8,6,0.004843232355246,0.0019281393578562,-0.1060054285311906,1.435524074830986,False,False,False,False,False,157.37817,-35.25978,0.08561317625233204,0.310433377090956,0.23475132928389447,0.0756820478070615,0.0756820478070615,14.092591448766916,13.248996585306498,0.8435948634604196,0.12356364311133965,19.17981942455877
ASAS15hg,0.02977,108896.49100571036,311483.0858589545,17.0359748767057,16.195490521745683,0.8404843549600187,0.1176054348480216,ann20-30,CSP-II,0.1100365949787674,0.041508867381211,5,4,0.0019333706087421,0.0002080151021228,-0.3005671024788086,-0.4117356370037351,False,False,False,False,False,148.45258,9.19382,0.04202130422261354,0.1523692491111967,0.11522241617840633,0.03714683293279038,0.03714683293279038,16.883605627594505,16.080268105567278,0.8033375220272283,0.11775552393851353,44.46585680448957
ASAS15hx,0.0081,59682.49294550338,114935.52825740156,17.62271785294438,17.037397819885854,0.585320033058526,0.1706231159548152,ann20-30,CSP-II,0.0813374243432298,0.1499882365365354,6,6,0.0744076532193504,0.059402776498797,-0.1261983190775808,1.243803308788042,False,False,False,False,False,205.81955,-31.55599,0.04173992646032243,0.15134897334512912,0.1144508783542041,0.036898094990925015,0.036898094990925015,17.47136887959925,16.92294694153165,0.548421938067601,0.17072522167250997,30.028812707600697
CSP12G,0.03697,16788.390602359763,29714.88920758621,18.867582945158016,18.40881310543061,0.458769839727406,0.0635863369312722,ann20-30,CSP-II,0.0519312176951853,0.036692926743891,18,19,0.0031900115297093,-0.0089242440969785,-0.1611427859638539,0.9120241637960328,False,False,False,False,False,135.51008,10.30009,0.028151958252520867,0.10207900062364066,0.07719266952841222,0.024886331095228434,0.024886331095228434,18.765503944534377,18.3316204359022,0.43388350863217756,0.06371088665924399,33.638785982786715
CSP12J,0.0147,532457.9655747476,1473588.4454432554,15.082370202652186,14.136650150844623,0.9457200518075606,0.0863046972158051,ann20-30,CSP-II,0.0665663163249176,0.0549311049628788,17,17,0.0082940126129323,0.0051303055053424,-0.1595071458185017,0.927553697862346,False,False,False,False,False,91.75833,-69.35472,0.06797155467136419,0.24646485723836656,0.1863780029088806,0.06008685432948596,0.06008685432948596,14.835905345413819,13.950272147935744,0.8856331974780747,0.08683851548207193,-29.151417850816294
CSP13aam,0.07495,2033.5509116726232,7475.878791994399,20.4484399091268,19.53542466664929,0.9130152424775028,0.1985248815808093,ann20-30,CSP-II,0.1697559633652588,0.1029322180301545,10,10,0.1412741421500409,0.0684415930551236,-0.5005027616422666,-2.3100184829418846,True,False,False,False,True,78.69792,-66.84142,0.16001698846251425,0.5802216001650766,0.43876658236421406,0.14145501780086256,0.14145501780086256,19.868218308961723,19.096658084285078,0.7715602246766402,0.1998108414762248,-34.22917092020869
CSP13aao,0.0614,32654.89947399741,102269.83629053085,17.57854549225477,16.683720106468165,0.8948253857866035,0.0577860287309006,ann20-30,CSP-II,0.0379650883894929,0.043564632215439,13,13,-0.0016952936115957,0.0005320285861374,-0.344672638204841,-0.830494262803399,False,False,False,False,False,89.62654,-63.56064,0.04482745636682037,0.16254435678609064,0.12291688535782144,0.039627471428269195,0.039627471428269195,17.41600113546868,16.560803221110344,0.8551979143583344,0.05813282833888702,-29.933895380804717
CSP14aaq,0.03591,358308.48260715645,1121392.1886061446,15.716340474735055,14.683371531765832,1.032968942969223,0.1289589069651676,ann20-30,CSP-II,0.0562036325566977,0.1160670124242133,11,11,0.0069651732392443,0.0061523237818281,-0.2057821489666764,0.4881971316577277,False,False,False,False,False,93.45017,-67.92081,0.05215512233130399,0.18911447357330827,0.14300934543243554,0.046105128140872725,0.046105128140872725,15.527226001161747,14.540362186333397,0.9868638148283503,0.12916972232832832,-28.50505553487414
CSP14acy,0.0664,5441.450301768327,17953.101329230125,20.26049514472145,19.8966442718756,0.3638508728458447,0.1611310598585732,ann20-30,CSP-II,0.0398719006547501,0.1561199858740861,6,6,0.0110621880462678,-0.0046938539923267,-0.9322111649021956,-6.408860379302571,False,False,True,False,False,10.61979,-64.76417,0.017763187156959126,0.06440931663113379,0.048706659184381926,0.015702657446751866,0.015702657446751866,20.196085828090315,19.84793761269122,0.34814821539909285,0.16115064607841287,-52.33689346637025
CSP14ade,0.06246,32975.676584254856,95930.51801163064,18.400471523428934,17.467753284017306,0.9327182394116278,0.127859000765754,ann20-30,CSP-II,0.0552762886672137,0.1152929138672276,6,5,0.0060797202535918,0.0016703623577509,-0.2266894470471854,0.2896934456859386,False,False,False,False,False,84.32767,-75.72139,0.08049550947363597,0.291876717351404,0.22071868697670982,0.0711580303746942,0.0711580303746942,18.10859480607753,17.247034597040596,0.8615602090369336,0.1283649048149817,-30.77464889895169
KISS13l,0.13201,836.3932075032894,1350.9293000862092,21.81788065524833,21.98560719348692,-0.1677265382385897,0.3039777571095767,ann20-30,CSP-II,0.2905114395473557,0.089473908540378,6,9,0.0759556194514501,0.0747923288693075,-0.6882818481119486,-4.092881130669524,False,True,True,True,True,168.72529,29.585,0.013900819673992208,0.050404372137895746,0.038116047546086634,0.012288324591809112,0.012288324591809112,21.767476283110437,21.947491145940834,-0.18001486283039883,0.30398411552604754,68.65879151895169
KISS13v,0.08,1153.5440241347026,1886.1534444966017,22.53105289888044,22.31080472777171,0.2202481711087252,0.0980964549443035,ann20-30,CSP-II,0.0643830803614304,0.0740117114773964,7,6,0.0376112719175272,0.0545221131445494,-0.3136089472980394,-0.5355610236472105,False,False,False,False,False,208.23596,21.93936,0.01956419993260402,0.07093978895562217,0.05364503621520022,0.01729475274042195,0.01729475274042195,22.460113109924816,22.25715969155651,0.20295341836830325,0.09813547599890665,75.09449482836467
KISS15m,0.0243,1718.047696057598,2727.103691611397,21.23125007838361,21.25449709201124,-0.0232470136276319,0.3158172498244069,ann20-30,CSP-II,0.3098353974238754,0.0611764806918564,1,7,0.820790902285503,0.8528044062855145,-0.5249131006721051,-2.5417816813515954,True,True,False,False,True,181.50348,20.60509,0.02874361093640364,0.1042243332553996,0.07881498118761879,0.02540935206778082,0.02540935206778082,21.12702574512821,21.17568211082362,-0.04865636569541272,0.3158434161844567,77.74620441647572
LSQ11bk,0.037,2954.704244448112,4800.227959361424,21.705936106792755,21.448193421765414,0.2577426850273419,0.1085340778062295,ann20-30,CSP-II,0.0935077374202661,0.0550994472548615,8,10,0.0302760748526152,0.0100071420924791,-0.2691269303762098,-0.113227908940514,False,False,False,False,False,65.18438,-8.59882,0.09726564162727286,0.3526852165404914,0.2667023893419822,0.08598282719850919,0.08598282719850919,21.353250890252266,21.18149103242343,0.17175985782883268,0.1094025047131862,-37.30139968296116
LSQ11ot,0.027,76906.46544660715,197956.1843358544,18.10413588115261,17.274230245191873,0.8299056359607384,0.0601297272765645,ann20-30,CSP-II,0.0414869499632718,0.0435249018964893,17,17,-0.0152140207968316,-0.0084261020047733,-0.1966099191468018,0.5752825800410779,False,False,False,False,False,78.95142,6.7776,0.16243612295308324,0.5889933818278799,0.44539984913735425,0.1435935326905256,0.1435935326905256,17.51514249932473,16.82883039605452,0.6863121032702129,0.06436950465628874,-17.719168609206168
LSQ11pn,0.033,222740.20834801195,553895.7216779119,16.820245018337424,15.429757890827345,1.3904871275100792,0.0624872019108283,ann20-30,CSP-II,0.0475259679944674,0.0405700969783594,15,16,-0.003016313193019,-0.0008190976725891,0.4014136547939166,6.253198648780919,False,False,True,False,False,79.17312,6.49172,0.14794827695022472,0.5364604522215148,0.4056741753975162,0.13078627682399863,0.13078627682399863,16.28378456611591,15.024083715429828,1.2597008506860805,0.06589794904171907,-17.679301243136354
LSQ12agq,0.064,17987.69726546159,41067.79426221217,19.37646586682237,18.638209680666485,0.738256186155887,0.1317550952497153,ann20-30,CSP-II,0.0659141934329687,0.1140820942494603,12,10,-0.0021893617039448,-0.0048725833420943,-0.158058333651013,0.9413093995517672,False,False,False,False,False,154.42354,-7.41511,0.03700285873753741,0.13417236578231065,0.10146183865832759,0.03271052712398306,0.03271052712398306,19.24229350104006,18.536747842008158,0.7055456590319039,0.13185900263550687,39.231332920855266
LSQ12aor,0.093,13496.157657881762,26515.476090529784,19.743074437186188,19.15849254973732,0.5845818874488735,0.1231776106351938,ann20-30,CSP-II,0.1036562470484591,0.0665440170836135,11,9,-0.0103705126180367,0.0058978751194171,-0.14864132871066,1.0307188576403428,False,False,False,False,False,163.82346,-14.30036,0.04114599363052985,0.14919537290430124,0.11282231453491284,0.036373058369388395,0.036373058369388395,19.593879064281886,19.045670235202408,0.5482088290794851,0.1233150134646997,39.89542675656259
LSQ12bld,0.083,4943.098990926687,7233.341682351807,20.963165051396253,20.494567654670696,0.4685973967255563,0.2917109008463241,ann20-30,CSP-II,0.2592875431839407,0.1336608380274866,5,5,0.1284192740509932,0.1781873477798689,0.0552482151181124,2.966541737539358,True,True,False,False,True,205.68342,8.09271,0.02331487727981154,0.08453974501659664,0.06392939350124324,0.020610351515353398,0.020610351515353398,20.878625306379657,20.430638261169452,0.4479870452102029,0.291729539486949,67.41909727153293
LSQ12btn,0.054,11870.156988834928,35348.37497387137,19.93362536550072,18.83817632956422,1.0954490359364968,0.0767518493988765,ann20-30,CSP-II,0.0632040560370448,0.0435441578930392,14,15,0.10805467174562,0.1015352431415143,-0.089333440473581,1.5938157426098285,True,False,False,False,True,140.37708,-9.6916,0.03289929041555049,0.11929282704678607,0.09020985431943944,0.029082972727346626,0.029082972727346626,19.814332538453936,18.74796647524478,1.06636606320915,0.07689277833643354,27.22650514412626
LSQ12ca,0.098,5383.44495846675,14720.49147159404,20.607461112963943,19.70218903077868,0.9052720821852702,0.1327782053656186,ann20-30,CSP-II,0.0928316037725184,0.0949333722203975,11,9,0.0685146569515848,0.0541597697875733,-0.1868830000692511,0.6676345081863579,False,False,False,False,False,82.76508,-19.7998,0.04217579345352024,0.15292942706246437,0.1156460256495525,0.03728340141291188,0.03728340141291188,20.45453168590148,19.586543005129126,0.8679886807723584,0.13291214072405064,-26.241281786065663
LSQ12cda,0.13749,365.19436560220805,1407.3287796150034,23.6120782534382,22.329397225423552,1.2826810280146503,0.0884554438853919,ann20-30,CSP-II,0.0743510147954963,0.047919642651439,8,10,0.3672520886234453,0.2077210356045652,-0.1819977234711771,0.7140176136443259,True,False,False,True,True,207.50971,9.62981,0.0286845614496352,0.10401021981637723,0.07865306749489973,0.025357152321477505,0.025357152321477505,23.50806803362182,22.25074415792865,1.2573238756931728,0.08854843857128365,67.69813788368393
LSQ12cdl,0.111,13345.566071259236,29796.5900286282,19.52880592494469,18.84216022414713,0.6866457007975626,0.1670942247960065,ann20-30,CSP-II,0.1102947092757325,0.1255211419082858,13,15,0.0032232913246741,0.0006901883530411,-0.1854282137050127,0.6814469316994685,False,False,False,False,False,193.4165,-18.50731,0.048772185592632154,0.17684794495888417,0.13373333289499736,0.04311461206388681,0.04311461206388681,19.35195797998581,18.70842689125213,0.6435310887336758,0.1672365600769697,44.36124126869167
LSQ12fuk,0.02,102476.8862973781,329952.4632739475,17.575307935391184,16.522468526383676,1.0528394090075075,0.2228080514439835,ann20-30,CSP-II,0.0998489552292707,0.1991823634960885,5,2,0.0009309861590599,0.0010954449973763,-0.2167242255191581,0.3843079289740958,False,False,False,False,False,74.56621,-16.2995,0.07177468787060096,0.26025501821879904,0.19680619414118783,0.06344882407761121,0.06344882407761121,17.315052917172384,16.325662332242487,0.9893905849298963,0.22303920523565288,-32.199012875317656
LSQ12fvl,0.056,21910.5501114764,68845.634030565,19.080767645587663,17.94233550769926,1.1384321378884046,0.1394768652386544,ann20-30,CSP-II,0.0443332423997442,0.1322435614883662,9,9,0.0809679063197275,0.0858825714727163,-0.1046256678810415,1.448624169054484,False,False,False,False,False,75.2085,-38.65314,0.018180276485285533,0.06592168253564534,0.04985031812265293,0.016071364412992416,0.016071364412992416,19.014845963052018,17.892485189576604,1.1223607734754122,0.1395005667691232,-37.3989503198526
LSQ12fxd,0.031,7634.687161746298,16349.05594589582,20.16328631578419,19.60003723316454,0.5632490826196523,0.1347704599611451,ann20-30,CSP-II,0.1246548799340234,0.0512273148503103,10,9,0.0158947700390886,0.0308985506843645,-0.2635045019501376,-0.0598459385687248,False,False,False,False,False,80.57092,-25.59642,0.021635152012125597,0.07844906119596741,0.059323586817248385,0.019125474378719025,0.019125474378719025,20.084837254588223,19.54071364634729,0.5441236082409333,0.13480519627468376,-30.093884780583313
LSQ12gdj,0.03,11099.620619459498,23162.95745268924,19.709018119727325,19.204648622807632,0.5043694969196935,0.1012175057348649,ann20-30,CSP-II,0.0795547686307693,0.0625781292089511,11,12,0.2173328411871348,0.1419401609547608,-0.2943451890858242,-0.3526618754134676,True,False,False,False,True,358.6805,-25.67614,0.020123571551500973,0.07296807044574252,0.05517883319421567,0.017789237251526854,0.017789237251526854,19.636050049281582,19.149469789613416,0.4865802596681666,0.10125751708102654,-77.22420249907056
LSQ12gln,0.112,341.69137132317286,1011.2350310517884,23.705505005750467,22.69861640649081,1.0068885992596537,0.1398434974196894,ann20-30,CSP-II,0.100514248451821,0.0972270005129043,14,12,-0.0880468330687528,-0.0858306795073475,-0.1711566362251844,0.8169479765245269,False,False,False,True,False,80.74754,-33.46426,0.02003179151001783,0.07263527601532466,0.05492717232046889,0.017708103694855766,0.017708103694855766,23.63286972973514,22.643689234170342,0.9891804955647979,0.13987219645141866,-32.06695321436398
LSQ12gpw,0.058,15659.50744609994,32398.077774215923,19.095082267770408,18.67661287259101,0.4184693951793932,0.1744473658908218,ann20-30,CSP-II,0.1651692388086368,0.0561338224034476,13,13,0.059556556718001,0.0427117839010198,-0.3708834698037222,-1.0793521814463756,False,False,False,False,False,48.2425,-11.71111,0.06153733665346764,0.22313438270547364,0.16873537710380826,0.054399005601665384,0.054399005601665384,18.871947885064934,18.507877495487204,0.3640703895777278,0.1746643647473456,-53.422970004826226
LSQ12gxj,0.036,6173.153523304159,13922.278918494583,20.28391356514738,19.91797442445496,0.3659391406924186,0.2729542787837876,ann20-30,CSP-II,0.2692311422667857,0.0449291702583018,10,14,0.0431718204739767,0.0459026703739273,-0.5170689902110119,-2.4673060205703266,False,True,False,False,True,43.24167,1.60667,0.057597912351512605,0.2088500301865847,0.15793347566784757,0.05091655451873714,0.05091655451873714,20.075063534960794,19.760040948787115,0.3150225861736815,0.27307582498601657,-48.99742498566719
LSQ12gyc,0.093,827.2312744149009,1581.0882916714604,22.462108307091043,21.848842973920235,0.6132653331708084,0.1208094874986401,ann20-30,CSP-II,0.040150976881276,0.1139422280156191,7,7,0.0611987092041171,0.0108461348066278,-0.0900576107668946,1.5869401304699682,False,False,False,True,False,41.45833,-17.92944,0.020562975597829544,0.07456134951772993,0.05638367908924861,0.01817767042848132,0.01817767042848132,22.387546957573313,21.792459294830987,0.5950876627423272,0.12084449188465547,-62.10760229207059
LSQ12hjm,0.07,15523.093567204767,34980.70039693627,19.51252046133857,18.89611055166472,0.6164099096738553,0.2134548465192609,ann20-30,CSP-II,0.1480347955747917,0.1537812433351053,3,2,0.0103897458149926,0.0186054482192802,-0.2657156542943788,-0.0808396551593075,False,False,False,False,False,47.61971,-16.49361,0.02466992028490502,0.0894531309530656,0.06764492142120956,0.02180820953185604,0.02180820953185604,19.423067330385507,18.82846563024351,0.5946017001419993,0.21348336424985823,-56.15389689859483
LSQ12hno,0.048,19185.345487255807,40132.71788299046,19.037647555882145,18.69458696260285,0.3430605932792865,0.226510221648072,ann20-30,CSP-II,0.207952534910655,0.0897921139927753,18,18,-0.0110854016142729,-0.0134817243921008,-0.458261776369099,-1.9089627729445788,False,False,False,False,False,55.68025,-2.66939,0.10365759826953307,0.37586245132532686,0.28422913445505965,0.09163331687026721,0.09163331687026721,18.66178510455682,18.410357828147788,0.2514272764090193,0.22698421779703376,-42.32379686809449
LSQ12hnr,0.1243,173.47733478620287,583.4099465917134,23.98851507969511,22.923863268129544,1.0646518115655643,0.0718020892891096,ann20-30,CSP-II,0.0561356763094516,0.0447696981401678,15,17,-0.039131986116735,-0.1342183001716601,-0.252175908194669,0.0477130395774729,True,False,False,True,True,160.81167,-8.77806,0.03223249713843347,0.11687503462395976,0.08838150715358457,0.028493527470375188,0.028493527470375188,23.87164004507115,22.83548176097596,1.036158284095189,0.07194667596656927,42.52691747777031
LSQ12hvj,0.071,16746.363395745768,38316.11888497254,19.14275269955334,18.429538935038288,0.7132137645150536,0.0478860823752348,ann20-30,CSP-II,0.0362263316850308,0.0313166054656936,19,20,-0.0016072790666086,-0.0026682318818629,-0.1854387378255744,0.6813470107668324,False,False,False,False,False,166.91096,-29.71142,0.045469627526045144,0.16487286940943968,0.12467771867641578,0.040195150733023904,0.040195150733023904,18.977879830143902,18.30486121636187,0.6730186137820297,0.04831601731201058,27.97312347722802
LSQ12hxx,0.069,23120.51723280914,58916.33643185919,18.37235980164222,17.793618328601426,0.5787414730407932,0.1919718552623364,ann20-30,CSP-II,0.1707459451927082,0.0877440334901019,13,13,0.0088904925299256,0.0068610029136636,-0.4368539968147651,-1.705707281314675,False,False,False,False,False,49.93429,-27.00711,0.01564789890642792,0.056739281434707634,0.04290653880142536,0.013832742633282276,0.013832742633282276,18.31562052020751,17.7507117898,0.5649087304075109,0.19198461302652267,-57.10900029205191
LSQ12hzj,0.029,75581.27077806745,196649.20514027367,17.329553529294422,16.49582627522073,0.8337272540736933,0.0838294270384709,ann20-30,CSP-II,0.0595829044555708,0.0589682146095389,18,19,0.0125373470273145,0.0038713394453737,-0.2044677602117133,0.5006765544724477,False,False,False,False,False,149.80167,-9.00231,0.05726467988623277,0.20764172926748,0.15701975224805026,0.05062197701942975,0.05062197701942975,17.121911800026943,16.33880652297268,0.7831052770542636,0.0842198017230308,34.814644537127606
LSQ12hzs,0.072,13035.337549440132,24702.55900706076,19.18308898535677,18.535819523056247,0.6472694623005211,0.0967451865507646,ann20-30,CSP-II,0.0714893258616936,0.0651836437197464,10,9,0.0069642354399963,0.0039934127330836,-0.0467796969080005,1.997840926406338,False,False,False,False,False,60.47163,-26.66397,0.02254897241852229,0.08176257398956183,0.06182928237158812,0.019933291617973706,0.019933291617973706,19.101326411367207,18.47399024068466,0.6273361706825473,0.09679774235631355,-47.79976689922004
LSQ13cwp,0.0665,1416.8846904024383,7371.815466370369,21.025877021005844,19.59954255632796,1.4263344646778862,0.0778601624302811,ann20-30,CSP-II,0.052178891958573,0.0577889965966301,8,7,0.1439084225120389,0.2072828122509158,-0.3642654042326825,-1.016517165424908,True,False,False,False,True,60.96108,-2.65506,0.13070917282235772,0.47395146065386906,0.35840455187890485,0.11554690877496421,0.11554690877496421,20.551925560351975,19.241138004449056,1.3107875559029218,0.08002495079493942,-37.93949483892897
LSQ13dhj,0.0935,2234.8602398409867,5308.80899062791,20.480738253658068,19.93959523078233,0.5411430228757332,0.1268845987198231,ann20-30,CSP-II,0.1054546073134006,0.070562222106925,5,5,-0.0438427414044335,0.0189369224292934,-0.3982238039761121,-1.3389341268522903,False,False,False,False,False,33.14379,-37.33967,0.01341919079308748,0.0486579858157352,0.036795421154645874,0.011862564661089328,0.011862564661089328,20.432080267842334,19.902799809627684,0.5292804582146439,0.12689879367260826,-70.09836713527642
LSQ13dkp,0.06894,229.15910666240663,776.6455675675161,23.51544484390348,22.434074513416743,1.0813703304867277,0.0727561202757869,ann20-30,CSP-II,0.0545435830874116,0.0481502916042198,13,14,0.8326412433998004,0.752209041976778,-0.243844038132412,0.1268197185958338,True,False,False,True,True,47.54154,-36.62914,0.014421022296320609,0.05229062684645853,0.03954244313651111,0.012748183709947417,0.012748183709947417,23.46315421705702,22.39453207028023,1.0686221467767802,0.07278470616822655,-59.24710807941317
LSQ13dpm,0.05086,20038.353036919336,39721.10689639331,18.70917497999965,18.200400064774115,0.508774915225537,0.0526947289359431,ann20-30,CSP-II,0.0430100803230808,0.0304444978318688,20,23,-0.0042446621878632,-0.0064357732391594,-0.2341233812368237,0.219112190650855,False,False,False,False,False,157.28483,-17.11389,0.05297477761559765,0.1920865436341571,0.14525684022196875,0.04682970341218834,0.04682970341218834,18.51708843636549,18.055143224552147,0.46194521181334863,0.053224766775885085,33.893002009540176
LSQ13dqh,0.1038,902.7488414868238,2568.4626250086844,21.969015824735727,21.094669190300216,0.8743466344355113,0.069550088399659,ann20-30,CSP-II,0.0537274682485456,0.0441653025802146,8,8,0.0416059240533661,-0.1635071159842453,-0.2609191423327672,-0.0352993227585702,True,False,False,True,True,65.52454,-2.89006,0.05058159365201714,0.18340885858221415,0.13869472979383102,0.04471412878838313,0.04471412878838313,21.785606966153512,20.955974460506386,0.8296325056471282,0.06991708118350598,-34.198248948024286
LSQ14act,0.0591,10584.829937468628,37160.66316847279,19.63161047626607,18.544298764097498,1.087311712168571,0.050057026218787,ann20-30,CSP-II,0.0399321020612744,0.0301849813456344,21,22,0.0969945509096531,0.0612990282466252,-0.2761872154271927,-0.1802615639462835,False,False,False,False,False,239.93604,-10.44467,0.2293300401091071,0.8315507254356224,0.6288229699791716,0.20272775545645072,0.20272775545645072,18.800059750830446,17.915475794118326,0.8845839567121202,0.05964753616351674,30.890156819887068
LSQ14age,0.08054,9008.81910778718,18007.446048782225,19.82880325827144,19.32399135550128,0.504811902770161,0.0792720416947246,ann20-30,CSP-II,0.0529462755040724,0.0589978686453759,10,10,0.0075503178841427,0.0038070199594165,-0.2471487364160225,0.0954433643775487,False,False,False,False,False,201.03583,-13.44053,0.05704186726774336,0.2068338107128374,0.15640880004815227,0.05042501066468513,0.05042501066468513,19.6219694475586,19.16758255545313,0.45438689210547584,0.07968154896827631,48.662051034876065
LSQ14ahc,0.05086,22875.06288466953,52400.98718252459,18.82634340141741,18.16890162179344,0.6574417796239764,0.0657241339754466,ann20-30,CSP-II,0.0536883431763251,0.0379107319080442,11,11,0.0072537275244965,0.0016524658307766,-0.2425011506267687,0.1395697219051654,False,False,False,False,False,205.95067,-32.91019,0.04648991311178309,0.16857242494332547,0.12747534175250924,0.04109708319081623,0.04109708319081623,18.657770976474087,18.041426280040934,0.6163446964331603,0.066052247691811,28.68544061861778
LSQ14ahm,0.04977,4725.088253855829,14021.5037804088,20.239196666568933,19.54913443118193,0.6900622353870034,0.0757068536262838,ann20-30,CSP-II,0.0607596049590726,0.0451641239393504,10,11,0.0181327205689326,0.0057811210195861,-0.4908994367639039,-2.218840016044876,False,False,False,False,False,175.34354,-12.39931,0.02737053362533661,0.09924555492547055,0.07505000320067298,0.024195551724797565,0.024195551724797565,20.139951111643462,19.474084427981257,0.6658666836622058,0.07580576863872039,46.97156930033173
LSQ14ajn,0.02101,247850.31108278048,690101.056320388,16.126236448249383,15.29769547500886,0.8285409732405231,0.0919501127542276,ann20-30,CSP-II,0.049225205411473,0.0776640353555844,4,4,0.0009804612206801,6.188146239002467e-05,-0.2832670863479976,-0.2474811763788643,False,False,False,False,False,178.877,11.924,0.01940609063206976,0.07036648463188494,0.05321150051313528,0.01715498411874966,0.01715498411874966,16.055869963617496,15.244483974495724,0.8113859891217734,0.09199107102651921,69.91687039190313
LSQ14asu,0.0684,20051.87641230836,67417.36124733352,18.9537435419392,17.88063298196498,1.0731105599742143,0.0780745605677164,ann20-30,CSP-II,0.044535317586668,0.0641267689447757,9,8,0.0202497834464751,0.0161913608277936,-0.243431266957522,0.1307387615713086,False,False,False,False,False,167.89975,-21.46658,0.037323066107032725,0.13533343770410067,0.10233984726548373,0.03299359043861694,0.03299359043861694,18.8184101042351,17.778293134699496,1.0401169695355974,0.07825282473686694,35.73412124641225
LSQ14auy,0.0825,6129.290987229195,19683.85785181401,20.242404333495426,19.216947019659848,1.0254573138355738,0.0983218113353077,ann20-30,CSP-II,0.0852820570298809,0.0489300452994681,3,3,0.0900102342429299,0.0745440611062462,-0.241292636609522,0.1510439203428716,False,False,False,False,False,217.04704,-4.05483,0.0667423488061822,0.24200775677121664,0.18300752042655158,0.05900023634466506,0.05900023634466506,20.00039657672421,19.033939499233295,0.9664570774909087,0.09877394847938009,51.03952327096571
LSQ14azy,0.0458,80541.51258892947,153381.04552723214,17.315120255263263,16.677501726697102,0.6376185285661613,0.0608026332686909,ann20-30,CSP-II,0.0499949290961637,0.0346044401352845,4,4,0.0027999490741764,0.0011517716483612,-0.0617612522452937,1.85559901907851,False,False,False,False,False,168.14467,12.07356,0.016512528390279304,0.05987442794315275,0.045277352846145855,0.014597075097006897,0.014597075097006897,17.25524582732011,16.632224373850956,0.6230214534691544,0.06084747260324328,62.36974954292137
LSQ14ba,0.07755,8283.569829820666,16966.39243466203,19.93669540326802,19.396382634025656,0.5403127692423624,0.0716246493997871,ann20-30,CSP-II,0.0522965518685199,0.048940382756019,6,6,0.0081640992244473,0.013869039406198,-0.238117156759003,0.1811934142004647,False,False,False,False,False,165.34592,-15.61953,0.048859985414044224,0.17716630711132436,0.13397408000530925,0.04319222710601511,0.04319222710601511,19.759529096156694,19.262408554020347,0.49712054213634727,0.07195727172976536,39.59893419809483
LSQ14bjj,0.08114,8062.418172510969,15640.895409477216,20.671881199266025,20.178559114971485,0.4933220842945403,0.0720020138223605,ann20-30,CSP-II,0.0559389457542449,0.0453334792662006,5,5,-0.0128178570296997,-0.0013058677376714,-0.226168645728368,0.2946381774751025,False,False,False,False,False,215.2045,-5.25058,0.04146396156915429,0.15034832464975345,0.11369418262262106,0.036654142027132394,0.036654142027132394,20.52153287461627,20.064864932348865,0.45666794226740787,0.07224046140042067,51.0758281956645
LSQ14fms,0.078,4112.492142561117,11209.085520765042,20.53089271204925,19.717081717051165,0.8138109949980858,0.0963918041124922,ann20-30,CSP-II,0.0766241768534917,0.0584817528942653,9,9,0.0067161376094625,0.0158870623422175,-0.2748517587108843,-0.1675821120332629,False,False,False,False,False,3.74929,-51.211,0.014909812098879724,0.05406297867053787,0.040882704775128204,0.01318027389540967,0.01318027389540967,20.476829733378715,19.676199012276037,0.8006307211026762,0.09641486981960817,-64.94803761072046
LSQ14foj,0.04607,4297.001194548281,6253.989020194713,20.570663663745822,20.42016721450216,0.1504964492436649,0.1296064264320858,ann20-30,CSP-II,0.0874201019212829,0.0956846463784456,5,5,0.0910618802478286,0.0609385253340585,-0.2569826508144537,0.0020755725135452,False,False,False,False,False,6.64442,-32.80917,0.011989206178235949,0.04347286160228355,0.032874403340722974,0.010598458261560577,0.010598458261560577,20.52719080214354,20.387292811161437,0.13989799098210431,0.12961751946332037,-82.17652716319098
LSQ14gfb,0.0527,62399.874113448015,193499.516389178,17.673605306415958,16.707380662348726,0.966224644067232,0.085636526975824,ann20-30,CSP-II,0.0679826794024336,0.0520765787446426,7,7,-0.0007602679498993,0.0010552614742174,-0.2625157819312704,-0.0504585673558849,False,False,False,False,False,77.524,-36.31208,0.01603633430603728,0.05814774819369118,0.043971628667154226,0.014176119526536954,0.014176119526536954,17.615457558222268,16.66340903368157,0.952048524540695,0.08566655933922347,-35.23345422682654
LSQ14gfn,0.1217,5851.40529393722,17372.602873245105,20.227472176346726,19.26475366490741,0.9627185114393164,0.0845451740522555,ann20-30,CSP-II,0.0331917059839159,0.0777572961811524,11,11,0.0318108655031651,0.0185635460543519,-0.2187932680092146,0.3646634699375,False,False,False,False,False,52.134,-4.20394,0.033486168383282736,0.1214208465577832,0.09181907370696125,0.02960177285082194,0.02960177285082194,20.106051329788944,19.17293459120045,0.9331167385884944,0.0846777351987966,-46.09843450755006
LSQ14gov,0.0896,3812.797533804037,9403.499856442242,20.397490390611203,19.956970277844093,0.4405201127671105,0.2776364148775572,ann20-30,CSP-II,0.2714899103543762,0.0580965355407347,9,7,0.0511337996694825,0.0177147047553241,-0.5395943326645423,-2.681172178099839,False,True,False,False,True,61.50554,-16.02817,0.036614024866047694,0.13276245416428895,0.10039565618270277,0.032366797981586176,0.032366797981586176,20.264727936446914,19.85657462166139,0.4081533147855243,0.27768470910750476,-43.714525943257335
LSQ14ie,0.08954,3732.7198215799945,7667.205319861076,20.80225932741551,20.29495741138781,0.5073019160277035,0.0813602675305345,ann20-30,CSP-II,0.05186679209712,0.0626843601721696,28,30,0.0062340109351359,0.0027779346304532,-0.2742273350215782,-0.1616535408970955,False,False,False,False,False,193.88929,-32.94456,0.071430657329312,0.25900756347608533,0.1958628623969735,0.06314470107911183,0.06314470107911183,20.543251763939423,20.099094548990834,0.4441572149485916,0.08198516217257869,29.919212530600237
LSQ14jp,0.0454,27816.14138726629,81185.2899817455,18.472361357538915,17.624097743016417,0.848263614522498,0.0918367263325936,ann20-30,CSP-II,0.0615108677466382,0.0681938226861002,10,10,0.039113843830811,0.042722803902474,-0.3146875382006158,-0.5458016711470728,False,False,False,False,False,194.33958,-15.79264,0.052615085933854486,0.19078230159615636,0.144270565630629,0.04651173596552735,0.04651173596552735,18.28157905594276,17.47982717738579,0.8017518785569706,0.09213775473713465,47.0550726659864
LSQ14mc,0.05662,16958.94289568584,38736.975761739646,19.028605999392617,18.42006364672383,0.6085423526687883,0.0718973184154439,ann20-30,CSP-II,0.064542074745381,0.0316787781155363,8,8,-0.0134043608349685,-0.0177989673684561,-0.2882749824248236,-0.2950284886324922,False,False,False,False,False,135.55604,17.06031,0.020535985969808337,0.07446348512652502,0.05630967352921446,0.01815381159731056,0.01815381159731056,18.954142514266092,18.363753973194616,0.5903885410714778,0.07195596676957931,36.39744160900321
LSQ14q,0.06695,7770.078220711343,14397.617325881458,19.890785393101503,19.49933502457932,0.3914503685221824,0.1324230935536642,ann20-30,CSP-II,0.1053325054433262,0.0802554608942853,4,4,0.029007005533775,0.0286901720586568,-0.2782127200896802,-0.1994926544443739,False,False,False,False,False,133.49004,17.32714,0.01995873642455573,0.07237037827543907,0.05472685527613181,0.017643522999307264,0.017643522999307264,19.818415014826062,19.444608169303187,0.37380684552287513,0.132453179766514,34.65795536400908
LSQ14wp,0.06945,3866.222211522668,8237.908555167973,21.359330687026446,20.641334356638275,0.7179963303881713,0.1348278064130849,ann20-30,CSP-II,0.0599508237960914,0.1207660387208851,7,7,-0.0116184894262582,0.0150219668502025,-0.103329057698744,1.4609347937685673,False,False,False,False,False,153.52379,6.67508,0.0205969366079049,0.07468449214026317,0.056476800178875235,0.018207691961387933,0.018207691961387933,21.284646194886182,20.5848575564594,0.6997886384267834,0.1348592758966036,47.45056254856719
LSQ14xi,0.0508,82078.91485849612,202944.29888935384,17.35069856402006,16.63447587168767,0.7162226923323907,0.0854591459773489,ann20-30,CSP-II,0.0639159374622231,0.0567275820875791,13,13,-0.0001592162634202,0.0010487527806931,-0.2666404314199191,-0.0896199225767065,False,False,False,False,False,187.67154,-13.77275,0.03709647276765923,0.13451181025553238,0.10171852832892161,0.03279328192661077,0.03279328192661077,17.21618675376453,16.53275734335875,0.6834294104057799,0.08562006689012508,48.79008980872748
LSQ15aae,0.0516,8223.017657927014,19954.11318840788,19.945150942744185,19.20669562476248,0.7384553179817033,0.1009397329841494,ann20-30,CSP-II,0.0445152872664386,0.0905937022893856,9,10,0.0719197253144286,0.0602143739864026,-0.2240477033730279,0.3147753981550523,False,False,False,False,False,247.56537,5.933,0.06315801767640905,0.2290109720946592,0.1731792844687136,0.05583168762594559,0.05583168762594559,19.716139970649525,19.03351634029377,0.6826236303557577,0.10133424611105718,33.95836027385386
LSQ15agh,0.0603,66003.42008707066,173346.1106474957,17.565336159334365,16.7757666860131,0.789569473321265,0.1790474925583886,ann20-30,CSP-II,0.067633095836281,0.1657822938043947,5,5,0.0024783248550321,0.0013380944026376,-0.2587996816532438,-0.0151761698031967,False,False,False,False,False,163.226,23.598,0.02178734530500031,0.07900091407593111,0.059740900826310846,0.01926001324962027,0.01926001324962027,17.486335245258434,16.71602578518679,0.7703094600716448,0.17907400945718457,63.053701516811806
LSQ15aja,0.07,788.520672384923,1805.3689543777805,23.091140351394365,22.2415063380774,0.8496340133169653,0.153652470492493,ann20-30,CSP-II,0.0880389453766472,0.1259294476499209,8,7,0.2096234060650309,0.2038442562901329,-0.0497482026124131,1.9696565420882357,True,False,False,True,True,255.78713,12.46156,0.05441161051300733,0.19729649972016458,0.1491966360266661,0.048099863693498474,0.048099863693498474,22.8938438516742,22.092309702050734,0.8015341496234668,0.15384508366783178,29.597167249192793
LSQ15alq,0.0471,24647.44662549573,53998.5203248066,18.80338926451845,18.1859932389404,0.61739602557806,0.1197701185311805,ann20-30,CSP-II,0.1023290699786092,0.0622385951824584,5,6,0.0405390026233266,0.0231111035569673,-0.2341287858522314,0.2190608766993559,False,False,False,False,False,197.32742,-25.87222,0.06680412044082125,0.24223174071841785,0.18317689824873187,0.05905484246968598,0.05905484246968598,18.561157523800034,18.00281634069167,0.558341183108374,0.12014225167734491,36.82514247120386
LSQ15bv,0.0689,39672.51122120423,130687.21452287192,18.266806601770465,17.144582583190964,1.122224018579498,0.1041433486569933,ann20-30,CSP-II,0.0648451514886809,0.0814919836419639,8,8,0.0168089558646008,0.0152165639151127,-0.172134505984232,0.8076636227632787,False,False,False,False,False,164.94704,-16.81961,0.043597262463291056,0.15808367369189336,0.11954369367434407,0.03853998001754928,0.03853998001754928,18.10872292807857,17.02503888951662,1.0836840385619488,0.10432574715295236,38.37920343267518
PS15sv,0.0333,40979.73157056646,87523.21369508922,18.1925643821794,17.581526461457827,0.6110379207215715,0.0921442517501324,ann20-30,CSP-II,0.0541917336893143,0.0745239500451916,5,5,0.0147429725079936,0.0026876857428348,-0.2128474454745621,0.4211158955315541,False,False,False,False,False,243.29892,1.59197,0.07775627372866534,0.2819442485401405,0.21320770256400035,0.06873654597614015,0.06873654597614015,17.91062013363926,17.368318758893828,0.5423013747454313,0.09279825309272619,35.39968528562798
SN2011iv,0.006,11995178.527313162,66394536.17177487,11.516741101955937,10.600436517050746,0.9163045849051912,0.0689577342091839,ann20-30,CSP-II,0.0537208657176232,0.0432346816087912,9,10,0.0,0.0,-0.9415094781612154,-6.497142922944905,False,False,True,False,False,54.71396,-35.59222,0.00980388833331669,0.035548899096606315,0.026882261809954365,0.00866663728665195,0.00866663728665195,11.481192202859331,10.573554255240792,0.9076379476185392,0.06897167490116524,-53.556737595173715
SN2011jh,0.008,2373392.755073825,5239693.228790628,14.064908945535374,13.054184798189702,1.0107241473456714,0.331929357559432,ann20-30,CSP-II,0.1095982020183317,0.313313473256683,7,9,0.0,0.0,0.1508835260236871,3.874548197805624,False,True,True,False,True,191.81008,-10.06314,0.03236807937581826,0.117366655816717,0.08875327364849367,0.02861338216822333,0.02861338216822333,13.947542289718657,12.96543152454121,0.9821107651774481,0.33196092810175465,52.794678727565476
SN2011jn,0.047,901.7932865479085,1836.6624535400315,22.51843773102944,22.055235350502024,0.463202380527413,0.185805219275859,ann20-30,CSP-II,0.1151237833855578,0.1458427029684558,7,7,0.7571531212505533,0.8341575041581202,-0.30910349460083,-0.49278414430471,True,False,False,True,True,194.31162,-17.40014,0.059169864796877775,0.2145499297534788,0.16224376927303885,0.052306160480439956,0.052306160480439956,22.303887801275962,21.892991581228983,0.41089622004697307,0.1859936005119792,45.44932746814921
SN2011jt,0.028,24350.295436104378,65216.60896348388,18.73007999923676,17.75629589748972,0.9737841017470394,0.0891251142963358,ann20-30,CSP-II,0.0514970582561581,0.0727415905056851,11,11,0.0012391831843998,-0.0007409781828699,-0.0958508444694068,1.5319364547574792,False,False,False,False,False,223.34588,2.96197,0.03884237670238272,0.14084245792283973,0.10650579691793341,0.034336661004906316,0.034336661004906316,18.58923754131392,17.64979010057179,0.9394474407421332,0.08929428066417494,52.13734942278994
SN2012E,0.02,596.088840838484,1422.8441601653851,22.73261733447488,22.02484942830344,0.7077679061714335,0.1510199534265903,ann20-30,CSP-II,0.1393687306739757,0.0581668569143488,6,8,0.7804472493246974,0.6737413174327994,-0.2368479540424175,0.1932438195908437,True,False,False,True,True,38.34496,9.58489,0.06306969232020851,0.22869070435307604,0.17293709634201174,0.0557536080110643,0.0557536080110643,22.503926630121803,21.85191233196143,0.6520142981603692,0.15128318820017492,-45.745457117533086
SN2012G,0.0258,75634.04378232024,107545.7984783457,17.779832816817503,16.987510050935573,0.7923227658819307,0.4437534741132867,ann20-30,CSP-II,0.0647627573340283,0.4390021993681868,6,8,0.022581494894058,0.0283786025803544,0.4101324465489071,6.33597894367706,False,True,True,False,True,189.89629,16.58678,0.020543119907599387,0.07448935278495537,0.05632923478663752,0.018160117998317855,0.018160117998317855,17.70534346403255,16.931180816148935,0.7741626478836129,0.44376298674932957,79.10715027248663
SN2012U,0.01972,623509.5568919845,1798473.170940213,14.940770829063943,14.149696788000234,0.7910740410637089,0.104874576645525,ann20-30,CSP-II,0.0686804557691908,0.0792569985674094,11,11,0.001257373387396,0.0011585777296483,-0.359078081399204,-0.9672662914570732,False,False,False,False,False,31.51804,-55.19375,0.02283492856911684,0.08279945099161766,0.06261337413651838,0.02018607685509928,0.02018607685509928,14.857971378072326,14.087083413863716,0.7708879642086096,0.10492429773730858,-58.8383065596804
SN2012aq,0.052,1544.4054858115956,3231.326998533159,21.92957907820209,21.3691618941832,0.5604171840188883,0.1146010104226864,ann20-30,CSP-II,0.0836753849086652,0.0783059483710363,9,8,0.2473841250802352,0.2591348087772107,-0.2411317501573329,0.1525714517177767,True,False,False,False,True,223.52138,22.09461,0.033756054148900885,0.12239945234391461,0.09255910047628622,0.029840351867628387,0.029840351867628387,21.807179625858176,21.276602793706914,0.53057683215126,0.11470042294102505,61.74543054677103
SN2012ar,0.0283,3579.846412721423,13054.373927406772,21.18791439417353,19.908739425886555,1.279174968286977,0.1088634321746385,ann20-30,CSP-II,0.075587705887663,0.0783437654410501,12,14,0.5480517373272472,0.4076144295296428,-0.1255541667867596,1.249919192512605,True,False,False,False,True,245.15008,-10.46064,0.20025218363781805,0.7261144178707282,0.5490914875348971,0.17702293033583105,0.17702293033583105,20.4617999763028,19.359647938351657,1.102152037951146,0.11248767524568208,26.90621065866381
SN2012bl,0.0187,37084.02090903819,70184.58616896273,18.464298274131803,17.99808371330323,0.4662145608285719,0.0630037787325907,ann20-30,CSP-II,0.0441782939172732,0.0449194220927237,18,14,0.0182477361714842,-0.0080232692020839,-0.2264227547774346,0.292225547077608,False,False,False,False,False,305.98033,-48.35481,0.031007968573293104,0.1124348940467608,0.08502384982796969,0.027411044218791106,0.027411044218791106,18.351863380085042,17.91305986347526,0.4388035166097808,0.06315624345558767,-34.95797457265358
SN2012bo,0.0254,184515.31774944463,427987.8875837348,16.81064571838741,16.081279619197094,0.7293660991903153,0.0954189965994234,ann20-30,CSP-II,0.0637216439197543,0.0710234961699635,20,19,0.0002665770395467,0.0017613159634958,-0.1841315329240522,0.6937582267103427,False,False,False,False,False,192.68846,-14.26903,0.044798726900263534,0.16244018374035557,0.12283810916052261,0.03960207457983296,0.03960207457983296,16.648205534647055,15.958441510036572,0.6897640246104823,0.09562914835134242,48.602384679844725
SN2012gm,0.0148,502907.75058643846,1124323.1897670894,14.495838339828447,13.968646227162866,0.527192112665583,0.1454362694877709,ann20-30,CSP-II,0.1016614751651259,0.1040031391342108,10,11,-0.0214068885029813,-0.0032557193418328,-0.3463149860595074,-0.846087483005442,False,False,False,False,False,349.40429,14.00247,0.03929823211569328,0.14249538965150382,0.10775575246123097,0.03473963719027286,0.03473963719027286,14.353342950176943,13.860890474701636,0.4924524754753101,0.14554244620645063,-42.988983530195604
SN2012hl,0.0332,24041.629160056626,58037.73867431319,17.81959512410671,17.229238607301802,0.5903565168049063,0.1119630397508053,ann20-30,CSP-II,0.1003442244535801,0.0496664765113245,14,15,-0.1188799555074914,-0.059637846423289,-0.366509955082055,-1.0378279830750812,True,False,False,False,True,12.57398,24.53117,0.053614906806632015,0.19440765208084768,0.14701207446378498,0.0473955776170627,0.0473955776170627,17.62518747202586,17.082226532838018,0.5429609391878436,0.11221955531077626,-38.33984333055835
SN2012id,0.0157,79327.52106944042,323481.36380898487,17.134471855472395,15.80550230599004,1.3289695494823557,0.1004411497604303,ann20-30,CSP-II,0.0923247565409494,0.039554568571173,21,20,0.018029677256726,0.006227356046491,-0.1970939063916397,0.5706873783228216,False,False,False,False,False,70.67142,18.58325,0.4308982761929314,1.5624371494755693,1.181523073321018,0.3809140761545513,0.3809140761545513,15.572034705996826,14.623979232669022,0.9480554733278044,0.11748561707954584,-17.70185989197543
SN2012ij,0.01,688828.4160803921,2289577.096517847,14.620052191124344,13.881189534158944,0.7388626569654004,0.1886826752937708,ann20-30,CSP-II,0.1622275947484252,0.0963501917909626,8,7,0.0072089115969404,0.002477468748769,-0.5652478864453414,-2.924739039975288,False,False,False,False,False,175.066,17.45617,0.02344195197870401,0.08500051787478073,0.0642778323256064,0.020722685549174336,0.020722685549174336,14.535051673249564,13.816911701833337,0.7181399714162261,0.188711805026187,70.93923891446983
SN2013fy,0.0309,46883.19421950648,122881.27274735695,17.231971450609933,16.560824095924183,0.6711473546857505,0.0807674539801066,ann20-30,CSP-II,0.0548946659146703,0.0592448924089274,7,7,0.0454201417817528,0.0529793208640236,-0.3750239148286489,-1.1186635068910409,False,False,False,False,False,324.36296,-47.03189,0.02455011006184918,0.08901869908426512,0.06731640178959045,0.02170229729467467,0.02170229729467467,17.14295275152567,16.493507694134593,0.6494450573910758,0.08084206181778159,-47.36104702158239
