object,z,flux_B,flux_V,mag_B,mag_V,B_minus_V,B_minus_V_err,annulus_tag,epoch,zp_err_B,zp_err_V,n_ref_B,n_ref_V
ASAS14ad,0.0264,62517.64301340677,135372.70520760998,17.45182223707851,17.04091197804045,0.410910259038058,0.42182749407108105,ann20-30,CSP-II,0.4172058541882531,0.0622712613116036,1,6
ASAS14hp,0.03892,9526.299992532213,20552.057727941406,19.61051074167885,19.02696815906986,0.5835425826089917,0.08886046099826338,ann20-30,CSP-II,0.0535165240843546,0.0709377415678888,4,4
ASAS14hr,0.03362,146812.38003068417,354784.36292684166,16.659929047286113,16.049711370274693,0.6102176770114198,0.17393167656794203,ann20-30,CSP-II,0.0709892492223504,0.1587852468228148,3,3
ASAS14hu,0.015,54056.36522764221,135868.3313201361,17.878225115722373,17.082678623930555,0.7955464917918178,0.08313116725768355,ann20-30,CSP-II,0.0354258312297459,0.0752050626707173,12,12
ASAS14jc,0.011325,584688.0545702113,1349285.394244378,15.296415376895089,14.466697484007698,0.8297178928873912,0.2134647868225587,ann20-30,CSP-II,0.0716808704943485,0.201069808818661,5,5
ASAS14jg,0.014827,270446.3668021391,738335.9928916531,15.559736130638143,15.051398048183174,0.5083380824549693,0.19535651911186197,ann20-30,CSP-II,0.0854762939699503,0.1756643752405875,6,6
ASAS14jz,0.012,186813.65842642615,372979.0697977293,16.545718894455597,15.874542359225842,0.6711765352297547,0.15597888782828032,ann20-30,CSP-II,0.0427226448328121,0.1500139629055797,9,9
ASAS14kq,0.0336,57037.65467079553,105745.17727648864,17.736530220381326,17.269074118103735,0.46745610227759116,0.11172951180180415,ann20-30,CSP-II,0.0505421993549225,0.0996442165498669,7,7
ASAS14lt,0.032046,272747.25598548475,788248.9326129797,16.04440809722751,15.172500882550578,0.8719072146769324,0.08220943129624537,ann20-30,CSP-II,0.0583295733130127,0.0579314376757039,5,6
ASAS14me,0.018,112508.32034969912,216105.16441329345,16.927671801150733,16.541420324211103,0.3862514769396306,0.06513573587757386,ann20-30,CSP-II,0.0439882927823078,0.0480384656958466,11,11
ASAS14mf,0.0311,53120.55922019648,99558.88280390046,17.348702667119674,17.37776151443421,-0.02905884731453412,0.3830182936579513,ann20-30,CSP-II,0.3752110199778634,0.0769396111493946,5,5
ASAS14my,0.020514,369365.3749492551,916384.840479744,15.811811130420057,15.078556556611712,0.7332545738083454,0.3798523065770777,ann20-30,CSP-II,0.2379034280320895,0.2961245240477503,1,1
ASAS15aj,0.01092,3164639.731498852,8911714.716074243,12.81813876758557,11.822797096935723,0.9953416706498466,0.40209145179772443,ann20-30,CSP-II,0.2656772212226067,0.3018164172675766,7,6
ASAS15al,0.032,34951.140330557275,53952.949085846674,18.41332153265558,18.06644424209854,0.346877290557039,0.23827059197038386,ann20-30,CSP-II,0.1395718314592776,0.1931128656020105,5,5
ASAS15as,0.028,11303.815546933582,20395.310773716606,20.14700599769888,19.763662702995294,0.38334329470358597,0.26083359098458847,ann20-30,CSP-II,0.2053995347970405,0.1607644030594924,6,5
ASAS15ba,0.02313,35128.79021717496,71215.94157099858,18.274262976253127,17.71210256611147,0.562160410141658,0.2431185565454258,ann20-30,CSP-II,0.1162548468242213,0.213521528485088,5,5
ASAS15be,0.0219,63640.134309288725,112652.64155449536,17.597669726609855,17.147822966125034,0.44984676048482086,0.20350936963079222,ann20-30,CSP-II,0.0766753973202142,0.1885124584034427,6,6
ASAS15cb,0.04004,231558.8294259724,466879.1844554752,16.339326589077025,15.854399055505233,0.48492753357179197,0.11726035122844675,ann20-30,CSP-II,0.086449952569199,0.0792237064962372,4,4
ASAS15cd,0.03435,322724.2551011601,640437.3082487828,15.891160044227266,15.407822986737306,0.48333705748996003,0.1973271989909012,ann20-30,CSP-II,0.1352434475629346,0.1436914519130713,6,6
ASAS15da,0.048,49000.21332953579,144585.82244127963,17.66322844468111,16.672958222916442,0.9902702217646677,0.48731009829501853,ann20-30,CSP-II,0.3525857542775247,0.3363843304627158,4,4
ASAS15dd,0.02437,313568.9132903396,967875.0408478308,15.92602518336665,15.01698756114239,0.9090376222242611,0.08464256157930093,ann20-30,CSP-II,0.0596025103915363,0.06009911801127,7,7
ASAS15eb,0.01648,1118667.8422271493,3568376.315392713,14.634143271244348,13.498395135393242,1.135748135851106,0.12139177613396537,ann20-30,CSP-II,0.0665034693262247,0.101554181994316,23,22
ASAS15fr,0.03344,127247.44771227396,242846.7741703033,17.04984535080548,16.452802488856616,0.5970428619488644,0.09928661892112119,ann20-30,CSP-II,0.0442331332997589,0.088889046655219,8,8
ASAS15ga,0.00663,6449184.111861361,18907404.83387913,12.645829640479686,11.742674670495667,0.9031549699840191,0.2154609096324477,ann20-30,CSP-II,0.1360999701586712,0.1670335346643021,3,3
ASAS15go,0.01892,349931.06008600834,843656.1142894755,15.879808912806647,15.091271063431144,0.7885378493755031,0.1256163150072386,ann20-30,CSP-II,0.084500451902078,0.0929469323019453,8,7
ASAS15gr,0.024,73090.15769808272,131079.90844224396,17.457200127542116,16.95336171691257,0.5038384106295446,0.2145250960176616,ann20-30,CSP-II,0.1418208818903929,0.1609591696089979,8,4
ASAS15hf,0.00618,1376463.700348716,3538976.66250816,14.403024825857873,13.483747914590392,0.919276911267481,0.12296886974565391,ann20-30,CSP-II,0.0456744115128527,0.1141717612173789,8,6
ASAS15hg,0.02977,108896.49100571036,311483.0858589545,17.0359748767057,16.195490521745683,0.8404843549600187,0.11760543484802163,ann20-30,CSP-II,0.1100365949787674,0.041508867381211,5,4
ASAS15hx,0.0081,59682.49294550338,114935.52825740156,17.62271785294438,17.037397819885854,0.585320033058526,0.17062311595481525,ann20-30,CSP-II,0.0813374243432298,0.1499882365365354,6,6
CSP12G,0.03697,16788.390602359763,29714.88920758621,18.867582945158016,18.40881310543061,0.45876983972740604,0.06358633693127226,ann20-30,CSP-II,0.0519312176951853,0.036692926743891,18,19
CSP12J,0.0147,532457.9655747476,1473588.4454432554,15.082370202652186,14.136650150844625,0.9457200518075606,0.08630469721580511,ann20-30,CSP-II,0.0665663163249176,0.0549311049628788,17,17
CSP13aam,0.07495,2033.5509116726232,7475.878791994399,20.448439909126794,19.53542466664929,0.9130152424775027,0.1985248815808093,ann20-30,CSP-II,0.1697559633652588,0.1029322180301545,10,10
CSP13aao,0.0614,32654.89947399741,102269.83629053085,17.57854549225477,16.683720106468165,0.8948253857866035,0.057786028730900635,ann20-30,CSP-II,0.0379650883894929,0.043564632215439,13,13
CSP14aaq,0.03591,358308.48260715645,1121392.1886061446,15.716340474735055,14.683371531765832,1.032968942969223,0.12895890696516768,ann20-30,CSP-II,0.0562036325566977,0.1160670124242133,11,11
CSP14acy,0.0664,5441.450301768327,17953.101329230125,20.260495144721446,19.8966442718756,0.3638508728458447,0.1611310598585732,ann20-30,CSP-II,0.0398719006547501,0.1561199858740861,6,6
CSP14ade,0.06246,32975.676584254856,95930.51801163064,18.400471523428934,17.467753284017306,0.9327182394116278,0.12785900076575407,ann20-30,CSP-II,0.0552762886672137,0.1152929138672276,6,5
KISS13l,0.13201,836.3932075032894,1350.9293000862092,21.81788065524833,21.98560719348692,-0.16772653823858974,0.30397775710957675,ann20-30,CSP-II,0.2905114395473557,0.089473908540378,6,9
KISS13v,0.08,1153.5440241347026,1886.1534444966017,22.531052898880436,22.31080472777171,0.2202481711087252,0.09809645494430354,ann20-30,CSP-II,0.0643830803614304,0.0740117114773964,7,6
KISS15m,0.0243,1718.047696057598,2727.103691611397,21.23125007838361,21.254497092011242,-0.02324701362763193,0.31581724982440695,ann20-30,CSP-II,0.3098353974238754,0.0611764806918564,1,7
LSQ11bk,0.037,2954.704244448112,4800.227959361424,21.705936106792755,21.448193421765414,0.2577426850273419,0.10853407780622958,ann20-30,CSP-II,0.0935077374202661,0.0550994472548615,8,10
LSQ11ot,0.027,76906.46544660715,197956.18433585437,18.10413588115261,17.274230245191873,0.8299056359607384,0.06012972727656459,ann20-30,CSP-II,0.0414869499632718,0.0435249018964893,17,17
LSQ11pn,0.033,222740.20834801195,553895.7216779119,16.820245018337424,15.429757890827345,1.3904871275100792,0.06248720191082832,ann20-30,CSP-II,0.0475259679944674,0.0405700969783594,15,16
LSQ12agq,0.064,17987.69726546159,41067.79426221217,19.37646586682237,18.638209680666485,0.738256186155887,0.13175509524971532,ann20-30,CSP-II,0.0659141934329687,0.1140820942494603,12,10
LSQ12aor,0.093,13496.157657881762,26515.476090529784,19.743074437186188,19.158492549737314,0.5845818874488735,0.12317761063519389,ann20-30,CSP-II,0.1036562470484591,0.0665440170836135,11,9
LSQ12bld,0.083,4943.098990926687,7233.341682351807,20.963165051396253,20.494567654670696,0.46859739672555634,0.2917109008463241,ann20-30,CSP-II,0.2592875431839407,0.1336608380274866,5,5
LSQ12btn,0.054,11870.156988834928,35348.37497387137,19.933625365500717,18.83817632956422,1.0954490359364968,0.07675184939887655,ann20-30,CSP-II,0.0632040560370448,0.0435441578930392,14,15
LSQ12ca,0.098,5383.44495846675,14720.49147159404,20.607461112963946,19.702189030778676,0.9052720821852702,0.1327782053656186,ann20-30,CSP-II,0.0928316037725184,0.0949333722203975,11,9
LSQ12cda,0.13749,365.19436560220805,1407.3287796150034,23.612078253438202,22.329397225423552,1.2826810280146503,0.08845544388539194,ann20-30,CSP-II,0.0743510147954963,0.047919642651439,8,10
LSQ12cdl,0.111,13345.566071259236,29796.5900286282,19.52880592494469,18.84216022414713,0.6866457007975626,0.16709422479600658,ann20-30,CSP-II,0.1102947092757325,0.1255211419082858,13,15
LSQ12fuk,0.02,102476.8862973781,329952.4632739475,17.575307935391184,16.522468526383676,1.0528394090075075,0.22280805144398358,ann20-30,CSP-II,0.0998489552292707,0.1991823634960885,5,2
LSQ12fvl,0.056,21910.550111476397,68845.634030565,19.080767645587663,17.94233550769926,1.1384321378884046,0.13947686523865443,ann20-30,CSP-II,0.0443332423997442,0.1322435614883662,9,9
LSQ12fxd,0.031,7634.687161746298,16349.05594589582,20.16328631578419,19.60003723316454,0.5632490826196523,0.1347704599611451,ann20-30,CSP-II,0.1246548799340234,0.0512273148503103,10,9
LSQ12gdj,0.03,11099.620619459498,23162.95745268924,19.709018119727325,19.204648622807632,0.5043694969196935,0.10121750573486492,ann20-30,CSP-II,0.0795547686307693,0.0625781292089511,11,12
LSQ12gln,0.112,341.69137132317286,1011.2350310517884,23.705505005750467,22.698616406490814,1.0068885992596535,0.13984349741968946,ann20-30,CSP-II,0.100514248451821,0.0972270005129043,14,12
LSQ12gpw,0.058,15659.50744609994,32398.077774215923,19.095082267770408,18.676612872591015,0.4184693951793932,0.17444736589082188,ann20-30,CSP-II,0.1651692388086368,0.0561338224034476,13,13
LSQ12gxj,0.036,6173.153523304159,13922.278918494583,20.28391356514738,19.91797442445496,0.3659391406924186,0.27295427878378764,ann20-30,CSP-II,0.2692311422667857,0.0449291702583018,10,14
LSQ12gyc,0.093,827.2312744149009,1581.0882916714604,22.462108307091043,21.848842973920235,0.6132653331708084,0.12080948749864016,ann20-30,CSP-II,0.040150976881276,0.1139422280156191,7,7
LSQ12hjm,0.07,15523.093567204767,34980.70039693627,19.51252046133857,18.896110551664716,0.6164099096738553,0.21345484651926092,ann20-30,CSP-II,0.1480347955747917,0.1537812433351053,3,2
LSQ12hno,0.048,19185.345487255807,40132.71788299046,19.037647555882142,18.694586962602855,0.3430605932792865,0.22651022164807208,ann20-30,CSP-II,0.207952534910655,0.0897921139927753,18,18
LSQ12hnr,0.1243,173.47733478620287,583.4099465917134,23.98851507969511,22.923863268129544,1.0646518115655645,0.07180208928910961,ann20-30,CSP-II,0.0561356763094516,0.0447696981401678,15,17
LSQ12hvj,0.071,16746.363395745768,38316.11888497254,19.14275269955334,18.429538935038288,0.7132137645150536,0.04788608237523484,ann20-30,CSP-II,0.0362263316850308,0.0313166054656936,19,20
LSQ12hxx,0.069,23120.51723280914,58916.33643185919,18.37235980164222,17.793618328601426,0.5787414730407932,0.1919718552623364,ann20-30,CSP-II,0.1707459451927082,0.0877440334901019,13,13
LSQ12hzj,0.029,75581.27077806745,196649.20514027367,17.329553529294422,16.49582627522073,0.8337272540736933,0.0838294270384709,ann20-30,CSP-II,0.0595829044555708,0.0589682146095389,18,19
LSQ12hzs,0.072,13035.337549440132,24702.55900706076,19.18308898535677,18.535819523056247,0.6472694623005211,0.09674518655076463,ann20-30,CSP-II,0.0714893258616936,0.0651836437197464,10,9
LSQ13cwp,0.0665,1416.8846904024383,7371.815466370369,21.025877021005844,19.599542556327957,1.4263344646778862,0.07786016243028111,ann20-30,CSP-II,0.052178891958573,0.0577889965966301,8,7
LSQ13dhj,0.0935,2234.8602398409867,5308.80899062791,20.480738253658068,19.939595230782334,0.5411430228757332,0.1268845987198231,ann20-30,CSP-II,0.1054546073134006,0.070562222106925,5,5
LSQ13dkp,0.06894,229.15910666240663,776.6455675675161,23.515444843903474,22.434074513416746,1.0813703304867275,0.07275612027578691,ann20-30,CSP-II,0.0545435830874116,0.0481502916042198,13,14
LSQ13dpm,0.05086,20038.353036919336,39721.10689639331,18.709174979999652,18.200400064774115,0.508774915225537,0.052694728935943166,ann20-30,CSP-II,0.0430100803230808,0.0304444978318688,20,23
LSQ13dqh,0.1038,902.7488414868238,2568.4626250086844,21.969015824735727,21.094669190300216,0.8743466344355113,0.06955008839965904,ann20-30,CSP-II,0.0537274682485456,0.0441653025802146,8,8
LSQ14act,0.0591,10584.829937468628,37160.66316847279,19.63161047626607,18.544298764097498,1.087311712168571,0.05005702621878703,ann20-30,CSP-II,0.0399321020612744,0.0301849813456344,21,22
LSQ14age,0.08054,9008.81910778718,18007.446048782225,19.828803258271442,19.32399135550128,0.504811902770161,0.07927204169472467,ann20-30,CSP-II,0.0529462755040724,0.0589978686453759,10,10
LSQ14ahc,0.05086,22875.06288466953,52400.98718252459,18.826343401417418,18.16890162179344,0.6574417796239764,0.0657241339754466,ann20-30,CSP-II,0.0536883431763251,0.0379107319080442,11,11
LSQ14ahm,0.04977,4725.088253855829,14021.5037804088,20.239196666568933,19.54913443118193,0.6900622353870034,0.07570685362628382,ann20-30,CSP-II,0.0607596049590726,0.0451641239393504,10,11
LSQ14ajn,0.02101,247850.31108278048,690101.056320388,16.126236448249383,15.29769547500886,0.8285409732405231,0.09195011275422764,ann20-30,CSP-II,0.049225205411473,0.0776640353555844,4,4
LSQ14asu,0.0684,20051.87641230836,67417.36124733352,18.953743541939193,17.88063298196498,1.0731105599742143,0.07807456056771649,ann20-30,CSP-II,0.044535317586668,0.0641267689447757,9,8
LSQ14auy,0.0825,6129.290987229195,19683.85785181401,20.242404333495422,19.216947019659848,1.0254573138355738,0.09832181133530778,ann20-30,CSP-II,0.0852820570298809,0.0489300452994681,3,3
LSQ14azy,0.0458,80541.51258892947,153381.04552723214,17.315120255263263,16.677501726697102,0.6376185285661613,0.06080263326869096,ann20-30,CSP-II,0.0499949290961637,0.0346044401352845,4,4
LSQ14ba,0.07755,8283.569829820666,16966.39243466203,19.93669540326802,19.396382634025656,0.5403127692423624,0.07162464939978719,ann20-30,CSP-II,0.0522965518685199,0.048940382756019,6,6
LSQ14bjj,0.08114,8062.418172510969,15640.895409477216,20.671881199266025,20.178559114971485,0.4933220842945403,0.0720020138223605,ann20-30,CSP-II,0.0559389457542449,0.0453334792662006,5,5
LSQ14fms,0.078,4112.492142561117,11209.085520765042,20.53089271204925,19.717081717051165,0.8138109949980858,0.09639180411249226,ann20-30,CSP-II,0.0766241768534917,0.0584817528942653,9,9
LSQ14foj,0.04607,4297.001194548281,6253.989020194713,20.570663663745826,20.42016721450216,0.1504964492436649,0.1296064264320858,ann20-30,CSP-II,0.0874201019212829,0.0956846463784456,5,5
LSQ14gfb,0.0527,62399.874113448015,193499.516389178,17.673605306415958,16.707380662348726,0.966224644067232,0.085636526975824,ann20-30,CSP-II,0.0679826794024336,0.0520765787446426,7,7
LSQ14gfn,0.1217,5851.40529393722,17372.602873245105,20.227472176346726,19.26475366490741,0.9627185114393164,0.0845451740522555,ann20-30,CSP-II,0.0331917059839159,0.0777572961811524,11,11
LSQ14gov,0.0896,3812.797533804037,9403.499856442242,20.397490390611203,19.956970277844093,0.44052011276711056,0.27763641487755725,ann20-30,CSP-II,0.2714899103543762,0.0580965355407347,9,7
LSQ14ie,0.08954,3732.7198215799945,7667.205319861076,20.80225932741551,20.294957411387806,0.5073019160277035,0.08136026753053455,ann20-30,CSP-II,0.05186679209712,0.0626843601721696,28,30
LSQ14jp,0.0454,27816.14138726629,81185.2899817455,18.472361357538915,17.624097743016417,0.848263614522498,0.0918367263325936,ann20-30,CSP-II,0.0615108677466382,0.0681938226861002,10,10
LSQ14mc,0.05662,16958.94289568584,38736.975761739646,19.028605999392617,18.42006364672383,0.6085423526687883,0.0718973184154439,ann20-30,CSP-II,0.064542074745381,0.0316787781155363,8,8
LSQ14q,0.06695,7770.078220711343,14397.617325881458,19.890785393101503,19.49933502457932,0.3914503685221824,0.1324230935536642,ann20-30,CSP-II,0.1053325054433262,0.0802554608942853,4,4
LSQ14wp,0.06945,3866.222211522668,8237.908555167973,21.359330687026446,20.641334356638275,0.7179963303881713,0.13482780641308498,ann20-30,CSP-II,0.0599508237960914,0.1207660387208851,7,7
LSQ14xi,0.0508,82078.91485849612,202944.29888935384,17.35069856402006,16.63447587168767,0.7162226923323907,0.08545914597734897,ann20-30,CSP-II,0.0639159374622231,0.0567275820875791,13,13
LSQ15aae,0.0516,8223.017657927014,19954.11318840788,19.945150942744185,19.20669562476248,0.7384553179817033,0.1009397329841494,ann20-30,CSP-II,0.0445152872664386,0.0905937022893856,9,10
LSQ15agh,0.0603,66003.42008707066,173346.1106474957,17.565336159334365,16.7757666860131,0.789569473321265,0.1790474925583886,ann20-30,CSP-II,0.067633095836281,0.1657822938043947,5,5
LSQ15aja,0.07,788.520672384923,1805.3689543777805,23.091140351394365,22.2415063380774,0.8496340133169653,0.15365247049249303,ann20-30,CSP-II,0.0880389453766472,0.1259294476499209,8,7
LSQ15alq,0.0471,24647.44662549573,53998.5203248066,18.803389264518458,18.185993238940398,0.61739602557806,0.11977011853118052,ann20-30,CSP-II,0.1023290699786092,0.0622385951824584,5,6
LSQ15bv,0.0689,39672.51122120423,130687.21452287192,18.266806601770462,17.144582583190964,1.122224018579498,0.10414334865699339,ann20-30,CSP-II,0.0648451514886809,0.0814919836419639,8,8
PS15sv,0.0333,40979.73157056646,87523.21369508922,18.1925643821794,17.581526461457827,0.6110379207215715,0.0921442517501324,ann20-30,CSP-II,0.0541917336893143,0.0745239500451916,5,5
SN2011iv,0.006,11995178.527313162,66394536.17177487,11.516741101955937,10.600436517050746,0.9163045849051912,0.0689577342091839,ann20-30,CSP-II,0.0537208657176232,0.0432346816087912,9,10
SN2011jh,0.008,2373392.755073825,5239693.228790628,14.064908945535374,13.054184798189702,1.0107241473456714,0.33192935755943204,ann20-30,CSP-II,0.1095982020183317,0.313313473256683,7,9
SN2011jn,0.047,901.7932865479085,1836.6624535400315,22.518437731029437,22.055235350502024,0.463202380527413,0.18580521927585905,ann20-30,CSP-II,0.1151237833855578,0.1458427029684558,7,7
SN2011jt,0.028,24350.295436104378,65216.60896348388,18.73007999923676,17.75629589748972,0.9737841017470394,0.0891251142963358,ann20-30,CSP-II,0.0514970582561581,0.0727415905056851,11,11
SN2012E,0.02,596.088840838484,1422.8441601653851,22.732617334474874,22.02484942830344,0.7077679061714335,0.1510199534265903,ann20-30,CSP-II,0.1393687306739757,0.0581668569143488,6,8
SN2012G,0.0258,75634.04378232024,107545.7984783457,17.779832816817503,16.987510050935573,0.7923227658819307,0.44375347411328675,ann20-30,CSP-II,0.0647627573340283,0.4390021993681868,6,8
SN2012U,0.01972,623509.5568919845,1798473.170940213,14.940770829063943,14.149696788000234,0.7910740410637089,0.10487457664552506,ann20-30,CSP-II,0.0686804557691908,0.0792569985674094,11,11
SN2012aq,0.052,1544.4054858115956,3231.326998533159,21.92957907820209,21.3691618941832,0.5604171840188883,0.1146010104226864,ann20-30,CSP-II,0.0836753849086652,0.0783059483710363,9,8
SN2012ar,0.0283,3579.846412721423,13054.373927406772,21.187914394173532,19.908739425886555,1.279174968286977,0.10886343217463852,ann20-30,CSP-II,0.075587705887663,0.0783437654410501,12,14
SN2012bl,0.0187,37084.02090903819,70184.58616896273,18.464298274131803,17.99808371330323,0.46621456082857193,0.06300377873259073,ann20-30,CSP-II,0.0441782939172732,0.0449194220927237,18,14
SN2012bo,0.0254,184515.31774944463,427987.8875837348,16.81064571838741,16.081279619197094,0.7293660991903153,0.09541899659942342,ann20-30,CSP-II,0.0637216439197543,0.0710234961699635,20,19
SN2012gm,0.0148,502907.75058643846,1124323.1897670894,14.495838339828449,13.968646227162866,0.527192112665583,0.14543626948777091,ann20-30,CSP-II,0.1016614751651259,0.1040031391342108,10,11
SN2012hl,0.0332,24041.629160056626,58037.73867431319,17.81959512410671,17.229238607301802,0.5903565168049063,0.11196303975080531,ann20-30,CSP-II,0.1003442244535801,0.0496664765113245,14,15
SN2012id,0.0157,79327.52106944042,323481.36380898487,17.134471855472395,15.80550230599004,1.3289695494823555,0.10044114976043039,ann20-30,CSP-II,0.0923247565409494,0.039554568571173,21,20
SN2012ij,0.01,688828.4160803921,2289577.096517847,14.620052191124344,13.881189534158944,0.7388626569654004,0.18868267529377084,ann20-30,CSP-II,0.1622275947484252,0.0963501917909626,8,7
SN2013fy,0.0309,46883.19421950648,122881.27274735695,17.231971450609933,16.560824095924183,0.6711473546857505,0.08076745398010667,ann20-30,CSP-II,0.0548946659146703,0.0592448924089274,7,7
