object,offset_kpc,n_radii,rho_colour_vs_radius,slope_mag_per_kpc,colour_range,step_at_nucleus_entry,offset_bin
ASAS14ad,3.406821292672388,19,0.38070175438596493,0.004745699177939391,0.08263399685800932,0.04242659771371726,"(2.0, 5.0]"
ASAS14hp,12.339900360431226,19,-0.7035087719298245,-0.032544500200740074,0.43056640751910513,,"(10.0, 45.0]"
ASAS14hr,1.233079252835939,19,-0.9385964912280702,-0.015201430589001658,0.12868647572030056,,"(0.0, 2.0]"
ASAS14hu,9.627358067266844,19,0.6964912280701754,0.012273395377302114,0.17457840054879614,,"(5.0, 10.0]"
ASAS14jc,0.7265781854261975,19,-0.3140350877192983,-0.0035860390418205987,0.10671937864173042,,"(0.0, 2.0]"
ASAS14jg,4.587228929903871,19,0.9771929824561404,0.010434045851451487,0.08674528729361786,0.05663841782625445,"(2.0, 5.0]"
ASAS14kq,6.788975829486634,19,0.08771929824561404,-0.003855013223389889,0.1561361981092274,0.015231018934774077,"(5.0, 10.0]"
ASAS14lt,2.834105951167041,19,0.5017543859649122,0.001040142121077281,0.020698249902201482,0.0065868964960764664,"(2.0, 5.0]"
ASAS14me,0.9355174110106624,19,-0.9789473684210527,-0.011829041917566785,0.111384418439333,,"(0.0, 2.0]"
ASAS14mf,1.083880097025785,19,-0.9456140350877192,-0.012701338848743608,0.12291286712096383,,"(0.0, 2.0]"
ASAS14my,2.0720506885826167,19,-0.9929824561403509,-0.012399787975452402,0.11562925978730154,-0.0883759056019493,"(2.0, 5.0]"
ASAS15aj,1.491478032593413,19,-0.9649122807017543,-0.0070011884194501875,0.06673445440096915,,"(0.0, 2.0]"
ASAS15al,5.20230729570593,19,0.43684210526315786,0.04006308228102462,0.9902423597481315,0.20351546897524747,"(5.0, 10.0]"
ASAS15as,1.850035360388266,19,0.06491228070175438,-0.00013798512767537998,0.10765994152094649,,"(0.0, 2.0]"
ASAS15ba,0.4371632849799454,19,-0.4263157894736842,-0.004424210141564065,0.12651757187418977,,"(0.0, 2.0]"
ASAS15be,3.237316592137151,19,0.9543859649122807,0.021038902454871722,0.1918472987706954,0.13360504130678819,"(2.0, 5.0]"
ASAS15cb,0.4562481452803057,19,-0.9982456140350877,-0.010592905594786482,0.11030052683882496,,"(0.0, 2.0]"
ASAS15cd,2.158009229081465,19,0.8157894736842105,0.006453062380510596,0.07924939077615345,0.022386964860801162,"(2.0, 5.0]"
ASAS15da,0.7530314601305846,19,-0.9052631578947368,-0.005893911522046332,0.06408964393703598,,"(0.0, 2.0]"
ASAS15dd,1.1856907022389205,19,-0.9982456140350877,-0.008156332987684393,0.09052541490087762,,"(0.0, 2.0]"
ASAS15eb,0.41583006596619,19,-0.8105263157894737,-0.003399417177324862,0.032137618501975496,,"(0.0, 2.0]"
ASAS15fr,1.7625757160511362,19,-1.0,-0.027721583422754735,0.24907018853594498,,"(0.0, 2.0]"
ASAS15ga,0.4136571115501835,19,-0.8368421052631579,-0.0136853747562872,0.10793114658062075,,"(0.0, 2.0]"
ASAS15go,1.538299480861977,19,-0.5333333333333333,-0.0007264890533854525,0.014941640694018488,,"(0.0, 2.0]"
ASAS15gr,9.365701990707912,19,0.6175438596491227,0.01883509727534176,0.1839099556869891,,"(5.0, 10.0]"
ASAS15hf,0.3709724649889891,19,-0.7649122807017543,-0.006927418670145987,0.06615843627479912,,"(0.0, 2.0]"
ASAS15hg,5.445269976638,19,0.4736842105263158,0.002735629241053141,0.0549826147650756,0.025659506355476314,"(5.0, 10.0]"
CSP12G,2.510513572961164,19,-0.8087719298245614,-0.013493185239513747,0.13317731122011622,-0.08023245378347643,"(2.0, 5.0]"
CSP12J,0.524396932751884,19,-0.9894736842105263,-0.008905354852006603,0.08527837569915953,,"(0.0, 2.0]"
CSP13aam,8.937441407672392,13,-0.8406593406593407,-0.2083863162234863,1.5503229063656594,-0.227247257897373,"(5.0, 10.0]"
CSP13aao,0.0569505842748359,19,-0.5596491228070175,-0.0022472741975338214,0.10465349803677482,,"(0.0, 2.0]"
CSP14aaq,0.3725521324302648,19,-1.0,-0.009941014408925619,0.10110196078230871,,"(0.0, 2.0]"
CSP14acy,4.3233963634400885,19,-0.25789473684210523,2.590638667222978e-05,0.15661436206034218,-0.01533765891386829,"(2.0, 5.0]"
CSP14ade,2.015897757293228,19,-0.9964912280701754,-0.020899915399852715,0.2024827790411976,-0.15407967234393682,"(2.0, 5.0]"
KISS13l,6.423653047138713,16,-0.011764705882352941,-0.04913596449051468,1.2876885096953632,0.15214893440423816,"(5.0, 10.0]"
KISS13v,1.293878291800686,19,-0.9122807017543859,-0.08908762707258942,1.2465643350408466,,"(0.0, 2.0]"
KISS15m,7.3577738929403695,16,0.7676470588235293,0.4702989694945465,6.419183041324208,1.8633630620188724,"(5.0, 10.0]"
LSQ11bk,0.7810124551041021,18,0.5851393188854489,0.03429417575348556,0.5126167921113989,,"(0.0, 2.0]"
LSQ11ot,6.05034043443309,19,0.8280701754385964,0.0050139144651170885,0.04721323734116578,0.033140699359007764,"(5.0, 10.0]"
LSQ11pn,4.911619536571509,19,0.5368421052631579,0.004446494317996427,0.07908089201147894,0.032657771682693904,"(2.0, 5.0]"
LSQ12aor,8.899745299364538,18,0.9009287925696594,0.013165526335366207,0.11857573997016202,0.044285486673617536,"(5.0, 10.0]"
LSQ12bld,11.381313466439863,19,-0.6070175438596491,-0.11570349450068872,1.4397263657836703,,"(10.0, 45.0]"
LSQ12btn,11.004843049391653,19,-0.015789473684210527,0.008989467424674316,0.23730768726048246,,"(10.0, 45.0]"
LSQ12ca,11.556493801162729,19,0.2368421052631579,0.009379474641176087,0.2400077684299975,,"(10.0, 45.0]"
LSQ12cda,17.938651482350476,15,-0.7071428571428571,-0.0704044257069145,0.7220180793180482,,"(10.0, 45.0]"
LSQ12fvl,9.225739272369127,19,0.15964912280701754,0.005180235843185087,0.19139470334788045,,"(5.0, 10.0]"
LSQ12fxd,24.697723563212445,19,-0.4508771929824561,-0.013527482208175784,0.26355422405144846,,"(10.0, 45.0]"
LSQ12gdj,16.366160531264175,19,0.41578947368421054,0.009207576500014676,0.2033827754349955,,"(10.0, 45.0]"
LSQ12gln,12.072728787911034,17,-0.9166666666666667,-0.246205038677222,4.10396909240071,,"(10.0, 45.0]"
LSQ12gpw,10.73078281425864,18,0.9133126934984519,0.026174104375519053,0.30375918876398156,,"(10.0, 45.0]"
LSQ12gxj,12.10624969106145,19,-0.3140350877192983,-0.004362920386023707,0.5853049753586228,,"(10.0, 45.0]"
LSQ12gyc,3.001934072161524,18,-0.9587203302373581,-0.10075788206215641,1.5573080423392465,-0.4307163379042107,"(2.0, 5.0]"
LSQ12hjm,4.398596656612187,19,0.9859649122807018,0.017704808078541405,0.17445377385479988,0.10032779904917255,"(2.0, 5.0]"
LSQ12hno,2.2687799065382515,19,-0.9947368421052631,-0.02848493596486985,0.336287742772447,-0.21450774101453796,"(2.0, 5.0]"
LSQ12hxx,0.9536730227405682,18,0.7358101135190918,0.007839375545950624,0.10146428268558061,,"(0.0, 2.0]"
LSQ12hzj,1.2027918363046863,19,0.8666666666666666,0.0023108447599309266,0.02917672233026436,,"(0.0, 2.0]"
LSQ12hzs,5.880318007903076,19,0.9157894736842105,0.018937878801103102,0.1549566355959987,0.10996492378816769,"(5.0, 10.0]"
LSQ13cwp,3.584319794077636,18,-0.9360165118679051,-0.24178315030968947,5.012799456693752,-0.45313413249753176,"(2.0, 5.0]"
LSQ13dhj,21.56432829439068,18,0.7874097007223942,0.057709451446589684,0.5716550636159557,,"(10.0, 45.0]"
LSQ14act,6.206364643672926,18,-0.2053663570691434,-0.012999008608824573,0.419758527011896,0.01837161740280635,"(5.0, 10.0]"
LSQ14ahc,8.107433019008687,19,0.7684210526315789,0.0055805426036763415,0.05613794031168362,0.031022058203191927,"(5.0, 10.0]"
LSQ14ajn,0.4679615269367295,19,0.01754385964912281,9.471107146039615e-05,0.013031415634124022,,"(0.0, 2.0]"
LSQ14asu,7.981124815932261,17,0.8161764705882354,0.006344539136693067,0.06757588827893457,0.011516525255942156,"(5.0, 10.0]"
LSQ14auy,12.098688651977293,18,0.05675954592363261,-0.0058984571292789115,0.2488506314559309,,"(10.0, 45.0]"
LSQ14azy,4.459761026042016,19,-0.756140350877193,-0.0031669061164944024,0.03155689495234004,-0.021154308513203546,"(2.0, 5.0]"
LSQ14bjj,1.6988988869141264,19,-0.943859649122807,-0.018420720327290988,0.17582409568328017,,"(0.0, 2.0]"
LSQ14fms,7.78101877981477,16,0.3323529411764706,0.004795605690433696,0.14216926679783648,0.06968004260256033,"(5.0, 10.0]"
LSQ14foj,5.926828194426727,19,0.8912280701754386,0.11398586933514135,1.3512913428831186,0.5171254266423821,"(5.0, 10.0]"
LSQ14gfb,5.82669135195514,19,-0.16842105263157894,-0.0023204298839668573,0.11025037096104762,0.0033935140266230235,"(5.0, 10.0]"
LSQ14gfn,6.9060558162534464,18,0.8968008255933952,0.0214617279127326,0.1578900706426316,0.12933998092544274,"(5.0, 10.0]"
LSQ14gov,6.628379769647499,18,0.5768833849329206,0.0326642948209639,0.4761472479288711,0.036403144244267605,"(5.0, 10.0]"
LSQ14ip,13.454587854976769,10,0.9636363636363635,0.5376443266819502,2.8360621166382822,,"(10.0, 45.0]"
LSQ14jp,7.173595622651559,19,0.6701754385964912,0.017922997546448646,0.24283226107414735,0.11461310183426132,"(5.0, 10.0]"
LSQ14mc,2.0108427256631085,17,0.44117647058823534,0.004387004295734085,0.09001117057389374,,"(2.0, 5.0]"
LSQ14q,9.805652441528563,19,0.5982456140350877,0.015685062723271134,0.35139283236838903,,"(5.0, 10.0]"
LSQ14wp,3.928810283670037,18,0.6491228070175438,0.0099825333835771,0.14112669278331158,0.055257625653258424,"(2.0, 5.0]"
LSQ14xi,4.337945802057566,19,0.975438596491228,0.011803329287905616,0.09424277089542943,0.0745034793333359,"(2.0, 5.0]"
LSQ15aae,12.710746584402653,19,0.9368421052631579,0.021373354543574936,0.21226966981940476,,"(10.0, 45.0]"
LSQ15agh,2.0229017842774675,18,-0.954592363261094,-0.01793812082513935,0.13646959264534697,,"(2.0, 5.0]"
LSQ15aja,0.2757386414827857,19,0.014035087719298246,0.00493541006358823,0.6203511002841237,,"(0.0, 2.0]"
LSQ15alq,13.344569655528137,19,0.7210526315789473,0.01840751098274448,0.3097513808807474,,"(10.0, 45.0]"
LSQ15bv,5.047337228983216,19,0.26491228070175443,0.0050567510305637615,0.1483286122454599,0.013458738254108926,"(5.0, 10.0]"
SN04dt,5.132055794061254,19,0.8,0.005304911822573048,0.044521778296847,0.032525554377163646,"(5.0, 10.0]"
SN04ef,6.812106856917237,19,0.7315789473684211,0.010890541068886213,0.11265165190956972,0.038178669987589675,"(5.0, 10.0]"
SN04ey,1.7156594276177997,19,0.4666666666666667,0.011395273373805645,0.14689221863885904,,"(0.0, 2.0]"
SN04gs,8.73663892106534,19,0.7526315789473684,0.008280375982151852,0.10998625352670843,0.04235392139028482,"(5.0, 10.0]"
SN04gu,2.761921175312917,19,-0.6263157894736843,-0.003323822505811948,0.07479706709218714,-0.012530974850790133,"(2.0, 5.0]"
SN05A,2.4009014672467712,19,-0.5087719298245614,-0.004957414817907429,0.09646982626359679,0.004499922730526018,"(2.0, 5.0]"
SN05M,4.613579212747207,19,0.887719298245614,0.015740515707552135,0.212789255868098,0.06777713809874897,"(2.0, 5.0]"
SN05W,1.998106117993111,19,0.9508771929824561,0.18659638115624808,1.6490237528033036,,"(0.0, 2.0]"
SN05ag,13.63803743362315,18,0.21775025799793604,0.0010031929401746562,0.05352020812063074,,"(10.0, 45.0]"
SN05al,4.2220950445492695,19,0.6789473684210526,0.0037138411975680755,0.03414586506423145,0.024865743025668907,"(2.0, 5.0]"
SN05am,5.896972091200347,19,0.9157894736842105,0.0251573771028038,0.3366958631163557,0.10641711952693189,"(5.0, 10.0]"
SN05be,4.7597244946704205,19,-0.1736842105263158,-0.008080814839065545,0.554166777582755,-0.14732130632985996,"(2.0, 5.0]"
SN05bg,0.3208057358564077,19,-0.9122807017543859,-0.0023657065723322592,0.023348100160330176,,"(0.0, 2.0]"
SN05bl,0.3110290851217607,19,0.8421052631578947,0.0029594437129196716,0.0345635633096717,,"(0.0, 2.0]"
SN05bo,4.070257242562431,19,0.9263157894736841,0.011375242113557596,0.1343712969388169,0.07306682457750113,"(2.0, 5.0]"
SN05hj,0.7596634969017623,19,-0.8245614035087718,-0.0032481275581279535,0.03303201642885889,,"(0.0, 2.0]"
SN05hk,0.0514962217379418,19,-0.6614035087719298,-0.03518878322082331,0.6855865186636603,,"(0.0, 2.0]"
SN05iq,13.320081323496042,19,0.7350877192982455,0.008487413268581682,0.1401304765575121,,"(10.0, 45.0]"
SN05ir,0.0521234362241662,17,0.7254901960784315,0.009811048481790808,0.08679081298289792,,"(0.0, 2.0]"
SN05kc,3.259665547554683,19,-0.02631578947368421,0.005702092170381669,0.18611597847272,0.06443353800619578,"(2.0, 5.0]"
SN05lu,2.2769070029870178,18,-0.8740970072239421,-0.007767890475038551,0.0698080090067007,,"(2.0, 5.0]"
SN06D,2.271830731715238,19,-0.10526315789473684,-0.004777767217032397,0.1342589743854401,-0.05500871453863465,"(2.0, 5.0]"
SN06ax,0.1839744039298186,19,-0.7701754385964912,-0.025411784094255645,0.21496839166813586,,"(0.0, 2.0]"
SN06bd,7.963202294443812,19,0.6350877192982456,0.004000139023143144,0.04774809639301747,0.03249239195092035,"(5.0, 10.0]"
SN06ef,4.069976141205946,19,0.8842105263157896,0.01134284586493782,0.13789969905636745,0.05518754437752893,"(2.0, 5.0]"
SN06ej,3.3063235105444795,19,0.980701754385965,0.010321049539401078,0.09441278323796443,0.07361907781764776,"(2.0, 5.0]"
SN06et,4.948783130230779,19,0.38421052631578945,0.004487945864692819,0.09165577438894501,0.040693258504241214,"(2.0, 5.0]"
SN06fw,0.2881179180111232,19,-0.5333333333333333,-0.009085356498190297,0.1478102545406157,,"(0.0, 2.0]"
SN06hx,1.9582075228532168,18,-0.5149638802889577,-0.002533334274029273,0.028666005823674734,,"(0.0, 2.0]"
SN06kf,5.069444458014958,19,0.6736842105263158,0.008324923231591747,0.14213223711973555,0.03907799028267367,"(5.0, 10.0]"
SN06lu,6.73482397942136,18,0.7213622291021672,0.0068755113529411094,0.08139058370617125,0.025719315975984314,"(5.0, 10.0]"
SN06os,7.889199487240432,19,0.819298245614035,0.007739648914247406,0.0804658985012443,0.056179870645964414,"(5.0, 10.0]"
SN06ot,6.774334915640054,19,0.2912280701754386,0.001550903723668338,0.06058209302069706,0.011971941989230128,"(5.0, 10.0]"
SN07N,4.08683999665237,19,0.4263157894736842,0.0020069190138717655,0.035593078900507336,0.015485429480178614,"(2.0, 5.0]"
SN07S,3.190261257692701,19,0.05087719298245614,0.0012511841975362183,0.0534720712058383,0.012940730472694284,"(2.0, 5.0]"
SN07al,1.0598070253839285,19,-0.021052631578947368,-0.0010622327778414544,0.21154115189488487,,"(0.0, 2.0]"
SN07as,5.0850877110423625,19,0.6070175438596491,0.00977045242302437,0.1018815392107485,0.07057480747109057,"(5.0, 10.0]"
SN07ba,9.43858159984029,19,0.8596491228070176,0.006989004095724467,0.08830355719220484,,"(5.0, 10.0]"
SN07bc,2.5131281927812705,19,-0.11578947368421051,0.0001565241730060225,0.0679764965481846,-0.00484998376186585,"(2.0, 5.0]"
SN07bd,4.83093380438223,19,0.6315789473684211,0.009480997200336185,0.10223310526109475,0.06490599342941716,"(2.0, 5.0]"
SN07bm,1.3864852449919347,19,-1.0,-0.020064317498544697,0.19346575468305105,,"(0.0, 2.0]"
SN07cg,1.9958198878433575,19,0.0,-0.00021857480332955245,0.04267490976125354,,"(0.0, 2.0]"
SN07hj,4.460958441773122,19,-0.39122807017543854,-0.003179368292168613,0.0635042880473855,-0.024122598858077993,"(2.0, 5.0]"
SN07hx,0.2169066955695104,19,-0.5859649122807017,-0.006627708179935189,0.1001963409712967,,"(0.0, 2.0]"
SN07jd,7.187969952756879,19,0.28070175438596495,0.0012643098806637404,0.05328448982325984,0.019480203716675693,"(5.0, 10.0]"
SN07jg,0.2761071412011406,19,-0.20175438596491227,-0.011872720165677942,0.5107373976726137,,"(0.0, 2.0]"
SN07jh,3.9393831976739695,19,0.4929824561403509,0.006424884395932817,0.06555056562698058,0.05068927098536857,"(2.0, 5.0]"
SN07le,2.5044430097821264,19,-1.0,-0.012888988913279577,0.12088543635347793,-0.06741750121977219,"(2.0, 5.0]"
SN07nq,19.26360582944707,19,-0.9596491228070174,-0.020768018450862805,0.16793785404792194,,"(10.0, 45.0]"
SN07on,5.139013420573674,19,-0.010526315789473684,0.001914048714372843,0.11394653575044233,-0.018999164675060243,"(5.0, 10.0]"
SN07so,4.683590214096783,19,0.25263157894736843,0.0026701410844600522,0.07864014125699392,0.01975555791631578,"(2.0, 5.0]"
SN07st,2.6063283345659194,19,-0.9947368421052631,-0.01616111754237095,0.13597475416423432,-0.07573193149017188,"(2.0, 5.0]"
SN07ux,4.228274971881828,19,0.9578947368421052,0.011916741739359882,0.09559215964322298,0.07015238795588652,"(2.0, 5.0]"
SN08C,1.2734019674645412,19,-0.7964912280701755,-0.015430045773812243,0.17520987445276104,,"(0.0, 2.0]"
SN08J,2.453889338343463,19,-0.9596491228070174,-0.008190797233064156,0.06861654988327082,-0.025776308490743083,"(2.0, 5.0]"
SN08O,5.581517218047323,19,-0.7403508771929824,-0.002253705253504025,0.02266683552790494,-0.012835275962876258,"(5.0, 10.0]"
SN08R,3.97031338626086,19,-0.6035087719298246,-0.004843306009383657,0.044649152465355835,-0.027964709196443893,"(2.0, 5.0]"
SN08ae,7.290388251462027,19,0.8578947368421052,0.012640708131592102,0.09550074291671884,0.08017808639190138,"(5.0, 10.0]"
SN08ar,3.256971274640432,19,-0.03859649122807017,0.0016688801392090694,0.06068703854494639,0.019655351427698142,"(2.0, 5.0]"
SN08bc,5.837285227343676,19,0.38421052631578945,0.004229333483478345,0.20893285153353036,0.037544330240344426,"(5.0, 10.0]"
SN08bd,3.476056584784479,19,0.34912280701754383,0.002838834196971731,0.03282869792425047,0.021986489275787724,"(2.0, 5.0]"
SN08bi,0.8880200923875899,19,-0.6982456140350877,-0.004080444503371302,0.04545331260860275,,"(0.0, 2.0]"
SN08bq,8.596878571658694,19,0.9666666666666668,0.01731912903262358,0.1623277138940611,0.092478404944355,"(5.0, 10.0]"
SN08bt,5.021429190458327,19,0.524561403508772,0.0026948747871320816,0.04982107834572158,0.014867143783559689,"(5.0, 10.0]"
SN08bz,7.884809504474586,19,0.7842105263157895,0.026123590482392555,0.28995030414089995,0.11230010426099313,"(5.0, 10.0]"
SN08cc,1.7807744532367855,19,0.4280701754385965,0.007829110828900908,0.1319312337789338,,"(0.0, 2.0]"
SN08cd,0.6434768916229315,19,0.9035087719298246,0.0028684148136500155,0.039550479744148936,,"(0.0, 2.0]"
SN08cf,3.130582379372105,19,-0.24912280701754386,-0.0011342186731608994,0.04823381049049147,0.00981762476477166,"(2.0, 5.0]"
SN08fl,6.251551236466852,19,-0.9175438596491228,-0.003980730414958125,0.03512381674334719,-0.02463481731197592,"(5.0, 10.0]"
SN08fp,2.256755299151369,19,-0.8105263157894737,-0.009957088798431862,0.15337345835787486,-0.027350787228963114,"(2.0, 5.0]"
SN08fr,0.5569684690149783,19,-0.9684210526315788,-0.02515261712145243,0.320753441610433,,"(0.0, 2.0]"
SN08fu,2.7252262428548657,19,-0.987719298245614,-0.018778903009841197,0.14609074640017572,-0.09531328243959414,"(2.0, 5.0]"
SN08gg,20.90553734761078,13,-0.4230769230769231,-0.17992383704068243,2.4799307031553814,,"(10.0, 45.0]"
SN08gl,16.53074971664589,19,0.28771929824561404,0.013614065080632625,0.19504870384168183,,"(10.0, 45.0]"
SN08go,18.113050936253185,19,0.6087719298245614,0.017199163095675325,1.3151391742409952,,"(10.0, 45.0]"
SN08gp,11.71003791624436,19,-0.9684210526315788,-0.012848808221369447,0.10554805310719173,,"(10.0, 45.0]"
SN08hj,15.579575384152529,19,-0.11754385964912278,-0.0018965563504172867,0.14144064472881546,,"(10.0, 45.0]"
SN08hu,7.241702660459194,19,0.2175438596491228,0.010111510382596327,0.4366864146286027,0.198835524271751,"(5.0, 10.0]"
SN08ia,2.1718515546224664,19,-0.8315789473684211,-0.015625235622540777,0.12480357007545217,-0.105920430359572,"(2.0, 5.0]"
SN09F,3.0838624079588297,19,0.28421052631578947,0.0048595786783305756,0.07321204291533623,0.03609370837765424,"(2.0, 5.0]"
SN09I,6.35624717909271,19,-0.543859649122807,-0.0075465754679152255,0.10112648714710559,-0.011966620589082044,"(5.0, 10.0]"
SN09P,1.3600315984189688,19,-0.9789473684210527,-0.01064737064758029,0.07961568347722114,,"(0.0, 2.0]"
SN09Y,4.825222950245404,19,0.4456140350877193,0.00801967485622285,0.2702596596339736,0.03475605586296282,"(2.0, 5.0]"
SN09ab,8.323022005572936,19,-0.5596491228070175,-0.055546715420203084,0.758951334112675,0.00782801691698043,"(5.0, 10.0]"
SN09ad,5.510444511396191,19,0.7456140350877193,0.0034286558590008566,0.04992076587590999,0.016438656449983546,"(5.0, 10.0]"
SN09cz,7.999840801021878,19,0.9175438596491228,0.0037950787163892113,0.047939160261389224,0.015787568479462277,"(5.0, 10.0]"
SN09dc,2.1737755456541583,19,-0.980701754385965,-0.03765611878028913,0.5094740737084507,-0.16646260669943236,"(2.0, 5.0]"
SN09ds,5.232647042076666,19,0.22807017543859648,0.00417976994135168,0.10804043463510227,0.008078721763393748,"(5.0, 10.0]"
SN09le,5.8423684972201055,19,0.6736842105263158,0.007723640074987732,0.104140695635768,0.039775448376924705,"(5.0, 10.0]"
SN2011iv,1.2147505613204763,19,-0.9964912280701754,-0.026051526027166268,0.19026696490820583,,"(0.0, 2.0]"
SN2011jh,2.726288777437604,19,-0.9894736842105263,-0.00535680326140687,0.0645797183807294,-0.021411610198603603,"(2.0, 5.0]"
SN2011jn,19.320202858395863,19,0.787719298245614,0.13577084395536732,1.6316144683948877,,"(10.0, 45.0]"
SN2011jt,8.913294308082572,19,-0.8122807017543859,-0.047858752941558905,0.7098929566348969,-0.13578124205654307,"(5.0, 10.0]"
SN2012G,1.7222062352782683,19,0.4666666666666667,0.013978357267695692,0.5856909675536038,,"(0.0, 2.0]"
SN2012U,2.8961784316035417,19,-0.6859649122807018,-0.0037562033351942127,0.047458958609111646,-0.0019652625285973002,"(2.0, 5.0]"
SN2012aq,0.1287445705934463,14,0.9340659340659341,0.20253283031892982,2.209276744359922,,"(0.0, 2.0]"
SN2012ar,16.072481803140303,17,-0.4803921568627451,-0.3550734311479021,5.374438412680913,,"(10.0, 45.0]"
SN2012bl,7.0584207807038615,19,0.7719298245614035,0.01796610818068978,0.30920284525640884,0.05404547279607086,"(5.0, 10.0]"
SN2012bo,6.426044803105958,19,0.780701754385965,0.017272923160562035,0.2489179823826828,0.09122305963778099,"(5.0, 10.0]"
SN2012gm,2.093513293912169,19,0.6333333333333333,0.008587309467897769,0.1644788016675821,0.00845254985159194,"(2.0, 5.0]"
SN2012hl,1.567596326296543,19,0.9456140350877192,0.019687879968721744,0.24013357094907728,,"(0.0, 2.0]"
SN2012id,5.950705900358186,19,-0.06666666666666667,-0.0006461495511958546,0.08100635658831212,-0.003804961061343981,"(5.0, 10.0]"
SN2012ij,1.1113310656837114,19,0.8350877192982457,0.006108594181295678,0.05119331816285988,,"(0.0, 2.0]"
SN2013fy,11.015440470462597,19,-0.23333333333333334,-0.0010628679367980882,0.14966997200989418,,"(10.0, 45.0]"
