object,ned_resolved_name,redshift,ra_deg,dec_deg
ASAS14ad,ASAS14ad,0.0264,190.04626,18.0591
ASAS14hp,ASAS14hp,0.03892,322.63092,-70.64288
ASAS14hr,ASAS14hr,0.03362,27.67179,-14.51799
ASAS14hu,ASAS14hu,0.015,100.86218,-69.63741
ASAS14jc,ASAS14jc,0.011325,113.89703,-62.77018
ASAS14jg,ASAS14jg,0.014827,353.30792,-60.56986
ASAS14jz,ASAS14jz,0.012,281.18475,-52.80152
ASAS14kd,ASAS14kd,0.026,343.35396,4.79925
ASAS14kq,ASAS14kq,0.0336,356.31463,-29.78364
ASAS14lo,ASAS14lo,0.01993,177.97163,18.54195
ASAS14lp,ASAS14lp,0.0051,191.28792,-0.45903
ASAS14lq,ASAS14lq,0.026191,344.33088,-20.96688
ASAS14lt,ASAS14lt,0.032046,47.76058,-13.11077
ASAS14lw,ASAS14lw,0.016,16.70488,-46.98332
ASAS14me,ASAS14me,0.018,21.66757,-57.99719
ASAS14mf,ASAS14mf,0.0311,1.22691,-32.4374
ASAS14mw,ASAS14mw,0.027406,25.35483,-65.61702
ASAS14my,ASAS14my,0.020514,174.62483,-8.97664
ASAS15aj,ASAS15aj,0.01092,163.22192,-32.92635
ASAS15al,ASAS15al,0.032,74.45679,-21.59281
ASAS15as,ASAS15as,0.028,144.81896,6.43015
ASAS15ba,ASAS15ba,0.02313,211.22954,8.9207
ASAS15be,ASAS15be,0.0219,43.19329,-34.31459
ASAS15bm,ASAS15bm,0.0206,226.46492,-5.62696
ASAS15cb,ASAS15cb,0.04004,189.95929,3.79711
ASAS15cd,ASAS15cd,0.03435,149.81246,12.98841
ASAS15da,ASAS15da,0.048,80.96617,-24.70233
ASAS15db,ASAS15db,0.011,236.74454,17.88404
ASAS15dd,ASAS15dd,0.02437,235.99613,19.21158
ASAS15eb,ASAS15eb,0.01648,121.53083,-22.56357
ASAS15fr,ASAS15fr,0.03344,140.08517,-7.64077
ASAS15ga,ASAS15ga,0.00663,194.86372,14.17105
ASAS15go,ASAS15go,0.01892,92.87667,-16.48461
ASAS15gr,ASAS15gr,0.024,101.33575,-34.89391
ASAS15hf,ASAS15hf,0.00618,157.37817,-35.25978
ASAS15hg,ASAS15hg,0.02977,148.45258,9.19382
ASAS15hx,ASAS15hx,0.0081,205.81955,-31.55599
CSP12G,CSP12G,0.03697,135.51008,10.30009
CSP12J,CSP12J,0.0147,91.75833,-69.35472
CSP13aam,CSP13aam,0.07495,78.69792,-66.84142
CSP13aao,CSP13aao,0.0614,89.62654,-63.56064
CSP13abm,CSP13abm,0.02818,46.49954,4.54394
CSP14aaq,CSP14aaq,0.03591,93.45017,-67.92081
CSP14acy,CSP14acy,0.0664,10.61979,-64.76417
CSP14ade,CSP14ade,0.06246,84.32767,-75.72139
CSP15aae,CSP15aae,0.016,212.49067,17.54231
KISS13j,KISS13j,0.0766,182.41542,16.20397
KISS13l,KISS13l,0.13201,168.72529,29.585
KISS13v,KISS13v,0.08,208.23596,21.93936
KISS15m,KISS15m,0.0243,181.50348,20.60509
KISS15n,KISS15n,0.023,195.13458,27.97808
LSQ11bk,LSQ11bk,0.037,65.18438,-8.59882
LSQ11ot,LSQ11ot,0.027,78.95142,6.7776
LSQ11pn,LSQ11pn,0.033,79.17312,6.49172
LSQ12agq,LSQ12agq,0.064,154.42354,-7.41511
LSQ12aor,LSQ12aor,0.093,163.82346,-14.30036
LSQ12bld,LSQ12bld,0.083,205.68342,8.09271
LSQ12blp,LSQ12blp,0.074,204.02329,-11.62153
LSQ12btn,LSQ12btn,0.054,140.37708,-9.6916
LSQ12ca,LSQ12ca,0.098,82.76508,-19.7998
LSQ12cda,LSQ12cda,0.13749,207.50971,9.62981
LSQ12cdl,LSQ12cdl,0.111,193.4165,-18.50731
LSQ12fuk,LSQ12fuk,0.02,74.56621,-16.2995
LSQ12fvl,LSQ12fvl,0.056,75.2085,-38.65314
LSQ12fxd,LSQ12fxd,0.031,80.57092,-25.59642
LSQ12gdj,LSQ12gdj,0.03,358.6805,-25.67614
LSQ12gef,LSQ12gef,0.065,25.14042,18.51011
LSQ12gln,LSQ12gln,0.112,80.74754,-33.46426
LSQ12gpw,LSQ12gpw,0.058,48.2425,-11.71111
LSQ12gxj,LSQ12gxj,0.036,43.24167,1.60667
LSQ12gyc,LSQ12gyc,0.093,41.45833,-17.92944
LSQ12gzm,LSQ12gzm,0.1,40.18333,-34.74056
LSQ12hjm,LSQ12hjm,0.07,47.61971,-16.49361
LSQ12hno,LSQ12hno,0.048,55.68025,-2.66939
LSQ12hnr,LSQ12hnr,0.1243,160.81167,-8.77806
LSQ12hvj,LSQ12hvj,0.071,166.91096,-29.71142
LSQ12hxx,LSQ12hxx,0.069,49.93429,-27.00711
LSQ12hzj,LSQ12hzj,0.029,149.80167,-9.00231
LSQ12hzs,LSQ12hzs,0.072,60.47163,-26.66397
LSQ13abo,LSQ13abo,0.067,224.84008,-17.15161
LSQ13aiz,LSQ13aiz,0.009,198.8117,-17.96545
LSQ13cwp,LSQ13cwp,0.0665,60.96108,-2.65506
LSQ13dby,LSQ13dby,0.09993,51.67838,-34.63503
LSQ13dcy,LSQ13dcy,0.083,73.8185,-20.00142
LSQ13dhj,LSQ13dhj,0.0935,33.14379,-37.33967
LSQ13dkp,LSQ13dkp,0.06894,47.54154,-36.62914
LSQ13dpm,LSQ13dpm,0.05086,157.28483,-17.11389
LSQ13dqh,LSQ13dqh,0.1038,65.52454,-2.89006
LSQ13pf,LSQ13pf,0.085,207.05975,-11.64408
LSQ13ry,LSQ13ry,0.03,158.2,4.19771
LSQ13vy,LSQ13vy,0.032,241.732,3.001
LSQ14act,LSQ14act,0.0591,239.93604,-10.44467
LSQ14age,LSQ14age,0.08054,201.03583,-13.44053
LSQ14ahc,LSQ14ahc,0.05086,205.95067,-32.91019
LSQ14ahm,LSQ14ahm,0.04977,175.34354,-12.39931
LSQ14ajn,LSQ14ajn,0.02101,178.877,11.924
LSQ14asu,LSQ14asu,0.0684,167.89975,-21.46658
LSQ14auy,LSQ14auy,0.0825,217.04704,-4.05483
LSQ14azy,LSQ14azy,0.0458,168.14467,12.07356
LSQ14ba,LSQ14ba,0.07755,165.34592,-15.61953
LSQ14bbv,LSQ14bbv,0.0588,149.888,-56.99107
LSQ14bjj,LSQ14bjj,0.08114,215.2045,-5.25058
LSQ14fms,LSQ14fms,0.078,3.74929,-51.211
LSQ14foj,LSQ14foj,0.04607,6.64442,-32.80917
LSQ14fom,LSQ14fom,0.05626,329.95717,-30.27097
LSQ14gfb,LSQ14gfb,0.0527,77.524,-36.31208
LSQ14gfn,LSQ14gfn,0.1217,52.134,-4.20394
LSQ14gov,LSQ14gov,0.0896,61.50554,-16.02817
LSQ14ie,LSQ14ie,0.08954,193.88929,-32.94456
LSQ14ip,LSQ14ip,0.0613,146.08417,4.59792
LSQ14jp,LSQ14jp,0.0454,194.33958,-15.79264
LSQ14mc,LSQ14mc,0.05662,135.55604,17.06031
LSQ14q,LSQ14q,0.06695,133.49004,17.32714
LSQ14wp,LSQ14wp,0.06945,153.52379,6.67508
LSQ14xi,LSQ14xi,0.0508,187.67154,-13.77275
LSQ15aae,LSQ15aae,0.0516,247.56537,5.933
LSQ15agh,LSQ15agh,0.0603,163.226,23.598
LSQ15aja,LSQ15aja,0.07,255.78713,12.46156
LSQ15alq,LSQ15alq,0.0471,197.32742,-25.87222
LSQ15bv,LSQ15bv,0.0689,164.94704,-16.81961
PS1-14xw,PS1-14xw,0.024,253.24013,2.39347
PS15sv,PS15sv,0.0333,243.29892,1.59197
SN04dt,SN2004dt,0.02,30.55321,-0.09764
SN04ef,SN2004ef,0.031,340.54175,19.99456
SN04eo,SN2004eo,0.016,308.22579,9.92853
SN04ey,SN2004ey,0.016,327.28254,0.44422
SN04gs,SN2004gs,0.027,129.59658,17.62772
SN04gu,SN2004gu,0.046,191.603,11.94892
SN05A,SN2005A,0.019,37.68021,-2.93883
SN05ag,SN2005ag,0.08,224.18188,9.32847
SN05al,SN2005al,0.012,207.50137,-30.57617
SN05am,SN2005am,0.008,139.05196,-16.30444
SN05be,SN2005be,0.034,224.88633,16.66989
SN05bg,SN2005bg,0.023,184.32158,16.37156
SN05bl,SN2005bl,0.024,181.05108,20.40689
SN05bo,SN2005bo,0.014,192.42096,-11.09647
SN05el,SN2005el,0.015,77.953,5.19428
SN05eq,SN2005eq,0.029,47.20546,-7.03325
SN05gj,SN2005gj,0.062,45.29979,-0.55386
SN05hc,SN2005hc,0.046,29.2021,-0.21258
SN05hj,SN2005hj,0.0574,21.7017,-1.23813
SN05hk,SN2005hk,0.013,6.96204,-1.19814
SN05iq,SN2005iq,0.034,359.63542,-18.70917
SN05ir,SN2005ir,0.0764,19.1825,0.79463
SN05kc,SN2005kc,0.015,338.53058,5.56842
SN05ke,SN2005ke,0.005,53.76812,-24.94411
SN05ki,SN2005ki,0.019,160.11758,9.20233
SN05ku,SN2005ku,0.04541,344.928,-0.01373
SN05lu,SN2005lu,0.032,39.01546,-17.26389
SN05M,SN2005M,0.025,144.38483,23.20075
SN05mc,SN2005mc,0.025,126.7765,21.646
SN05na,SN2005na,0.026,105.40258,14.13325
SN05W,SN2005W,0.009,27.69063,21.75989
SN06ax,SN2006ax,0.017,171.01442,-12.29144
SN06bd,SN2006bd,0.026,174.61858,20.52622
SN06bh,SN2006bh,0.011,340.06708,-66.48508
SN06br,SN2006br,0.025,202.5075,13.41578
SN06bt,SN2006bt,0.032,239.12721,20.046
SN06D,SN2006D,0.009,193.14142,-9.77522
SN06dd,SN2006dd,0.006,50.67342,-37.20361
SN06ef,SN2006ef,0.018,31.08129,-8.72839
SN06ej,SN2006ej,0.02,9.74904,-9.01572
SN06eq,SN2006eq,0.05,322.15454,1.22804
SN06et,SN2006et,0.023,10.69092,-23.55844
SN06ev,SN2006ev,0.029,322.74692,13.98922
SN06fw,SN2006fw,0.0835,26.7931,-0.14688
SN06gj,SN2006gj,0.028,49.39917,-1.69172
SN06gt,SN2006gt,0.045,14.07208,-1.62944
SN06hb,SN2006hb,0.015,75.50533,-21.13197
SN06hx,SN2006hx,0.045,18.4888,0.37167
SN06is,SN2006is,0.031,79.39321,-23.78172
SN06kf,SN2006kf,0.021,55.46033,8.15694
SN06lu,SN2006lu,0.068,138.82346,-25.60008
SN06ob,SN2006ob,0.059,27.95046,0.26342
SN06os,SN2006os,0.033,43.75421,16.00967
SN06ot,SN2006ot,0.053,33.77017,-20.76617
SN06py,SN2006py,0.058,340.42521,-0.13692
SN07af,SN2007af,0.005,215.58763,-0.39378
SN07ai,SN2007ai,0.032,243.22392,-21.63019
SN07al,SN2007al,0.012,149.827,-19.47383
SN07as,SN2007as,0.018,141.90004,-80.17756
SN07ax,SN2007ax,0.007,125.68025,22.55469
SN07ba,SN2007ba,0.039,229.17763,7.39661
SN07bc,SN2007bc,0.021,169.81071,20.80903
SN07bd,SN2007bd,0.031,127.88867,-1.19944
SN07bm,SN2007bm,0.006,171.25958,-9.79828
SN07ca,SN2007ca,0.014,202.77421,-15.10183
SN07cg,SN2007cg,0.033,201.38992,-24.65225
SN07hj,SN2007hj,0.014,345.44954,15.5865
SN07hx,SN2007hx,0.0798,31.6115,-0.90012
SN07jd,SN2007jd,0.0727,44.97227,1.16063
SN07jg,SN2007jg,0.037,52.4617,0.05684
SN07jh,SN2007jh,0.04077,54.00642,1.10339
SN07le,SN2007le,0.007,354.70171,-6.52258
SN07N,SN2007N,0.013,192.25521,-9.45283
SN07nq,SN2007nq,0.045,14.38988,-1.38861
SN07ol,SN2007ol,0.056,24.3487,-0.312
SN07on,SN2007on,0.006,54.7125,-35.57531
SN07S,SN2007S,0.014,150.13025,4.40728
SN07so,SN2007so,0.03,41.92971,13.25411
SN07st,SN2007st,0.021,27.17696,-48.64939
SN07ux,SN2007ux,0.031,152.33325,14.99244
SN08ae,SN2008ae,0.03,149.01333,10.49967
SN08ar,SN2008ar,0.026,186.158,10.83817
SN08bc,SN2008bc,0.015,144.63012,-63.97378
SN08bd,SN2008bd,0.03,154.59717,-13.10311
SN08bi,SN2008bi,0.013,128.97246,0.70642
SN08bq,SN2008bq,0.034,100.26046,-38.03861
SN08bt,SN2008bt,0.015,162.57033,-12.10889
SN08bz,SN2008bz,0.06,189.74058,11.1295
SN08C,SN2008C,0.017,104.29779,20.43711
SN08cc,SN2008cc,0.0104,315.87342,-67.18364
SN08cd,SN2008cd,0.007,198.7574,-15.95186
SN08cf,SN2008cf,0.046,211.88577,-26.55215
SN08fl,SN2008fl,0.02,294.18683,-37.55125
SN08fp,SN2008fp,0.006,109.13583,-29.32547
SN08fr,SN2008fr,0.048,17.95475,14.64083
SN08fu,SN2008fu,0.052,45.61875,-24.45597
SN08fw,SN2008fw,0.009,157.23321,-44.66544
SN08gg,SN2008gg,0.032,21.346,-18.17244
SN08gl,SN2008gl,0.034,20.22842,4.80531
SN08go,SN2008go,0.062,332.68679,-20.78811
SN08gp,SN2008gp,0.033,50.75304,1.36189
SN08ha,SN2008ha,0.005,353.71954,18.2265
SN08hj,SN2008hj,0.038,1.00796,-11.16875
SN08hu,SN2008hu,0.05,122.3115,-18.65364
SN08hv,SN2008hv,0.013,136.89192,3.39225
SN08ia,SN2008ia,0.022,132.64646,-61.27794
SN08J,SN2008J,0.016,38.60033,-10.84531
SN08O,SN2008O,0.0389,104.39358,-45.81231
SN08R,SN2008R,0.013,45.97375,-11.99428
SN09aa,SN2009aa,0.027,170.92617,-22.27069
SN09ab,SN2009ab,0.011,64.15162,2.76417
SN09ad,SN2009ad,0.028,75.88914,6.65995
SN09ag,SN2009ag,0.009,107.92004,-26.68508
SN09al,SN2009al,0.022,162.84196,8.57853
SN09cz,SN2009cz,0.021,138.75008,29.73531
SN09D,SN2009D,0.025,58.59513,-19.18172
SN09dc,SN2009dc,0.021,237.8005,25.70778
SN09ds,SN2009ds,0.019,177.26677,-9.72902
SN09F,SN2009F,0.013,74.84817,-11.13058
SN09I,SN2009I,0.026,41.29333,-4.71372
SN09le,SN2009le,0.018,32.32142,-23.41244
SN09P,SN2009P,0.025,170.16158,-3.54619
SN09Y,SN2009Y,0.009,220.60235,-17.24631
SN10ae,SN2010ae,0.003662,108.97771,-57.34358
SN2011im,SN2011im,0.016228,341.10583,-0.16722
SN2011iv,SN2011iv,0.006,54.71396,-35.59222
SN2011iy,SN2011iy,0.0043,197.24329,-15.51781
SN2011jh,SN2011jh,0.008,191.81008,-10.06314
SN2011jn,SN2011jn,0.047,194.31162,-17.40014
SN2011jt,SN2011jt,0.028,223.34588,2.96197
SN2012aq,SN2012aq,0.052,223.52138,22.09461
SN2012ar,SN2012ar,0.0283,245.15008,-10.46064
SN2012bl,SN2012bl,0.0187,305.98033,-48.35481
SN2012bo,SN2012bo,0.0254,192.68846,-14.26903
SN2012E,SN2012E,0.02,38.34496,9.58489
SN2012fr,SN2012fr,0.005457,53.39996,-36.12714
SN2012G,SN2012G,0.0258,189.89629,16.58678
SN2012gm,SN2012gm,0.0148,349.40429,14.00247
SN2012hl,SN2012hl,0.0332,12.57398,24.53117
SN2012id,SN2012id,0.0157,70.67142,18.58325
SN2012ij,SN2012ij,0.01,175.066,17.45617
SN2012U,SN2012U,0.01972,31.51804,-55.19375
SN2013fy,SN2013fy,0.0309,324.36296,-47.03189
SN2013hn,SN2013hn,0.0151,207.24654,-30.29069
