file,object,filter,telescope,redshift,ned_resolved_name,ned_error
D:\Thesis\pd\CSPAll\ASAS14ad_B_comb_dup.fits,ASAS14ad,B,duPont,0.0264,ASAS14ad,
D:\Thesis\pd\CSPAll\ASAS14ad_V_comb_dup.fits,ASAS14ad,V,duPont,0.0264,ASAS14ad,
D:\Thesis\pd\CSPAll\ASAS14hp_B_comb_dup.fits,ASAS14hp,B,duPont,0.03892,ASAS14hp,
D:\Thesis\pd\CSPAll\ASAS14hp_V_comb_dup.fits,ASAS14hp,V,duPont,0.03892,ASAS14hp,
D:\Thesis\pd\CSPAll\ASAS14hr_B_comb_dup.fits,ASAS14hr,B,duPont,0.03362,ASAS14hr,
D:\Thesis\pd\CSPAll\ASAS14hr_V_comb_dup.fits,ASAS14hr,V,duPont,0.03362,ASAS14hr,
D:\Thesis\pd\CSPAll\ASAS14hu_B_comb_dup.fits,ASAS14hu,B,duPont,0.015,ASAS14hu,
D:\Thesis\pd\CSPAll\ASAS14hu_V_comb_dup.fits,ASAS14hu,V,duPont,0.015,ASAS14hu,
D:\Thesis\pd\CSPAll\ASAS14hu_V_comb_swo.fits,ASAS14hu,V,Swope,0.015,ASAS14hu,
D:\Thesis\pd\CSPAll\ASAS14jc_B_comb_dup.fits,ASAS14jc,B,duPont,0.011325,ASAS14jc,
D:\Thesis\pd\CSPAll\ASAS14jc_V_comb_dup.fits,ASAS14jc,V,duPont,0.011325,ASAS14jc,
D:\Thesis\pd\CSPAll\ASAS14jc_V_comb_swo.fits,ASAS14jc,V,Swope,0.011325,ASAS14jc,
D:\Thesis\pd\CSPAll\ASAS14jg_B_comb_dup.fits,ASAS14jg,B,duPont,0.014827,ASAS14jg,
D:\Thesis\pd\CSPAll\ASAS14jg_V_comb_dup.fits,ASAS14jg,V,duPont,0.014827,ASAS14jg,
D:\Thesis\pd\CSPAll\ASAS14jz_B_comb_dup.fits,ASAS14jz,B,duPont,0.012,ASAS14jz,
D:\Thesis\pd\CSPAll\ASAS14jz_V_comb_dup.fits,ASAS14jz,V,duPont,0.012,ASAS14jz,
D:\Thesis\pd\CSPAll\ASAS14jz_V_comb_swo.fits,ASAS14jz,V,Swope,0.012,ASAS14jz,
D:\Thesis\pd\CSPAll\ASAS14kd_V_comb_swo.fits,ASAS14kd,V,Swope,0.026,ASAS14kd,
D:\Thesis\pd\CSPAll\ASAS14kq_B_comb_dup.fits,ASAS14kq,B,duPont,0.0336,ASAS14kq,
D:\Thesis\pd\CSPAll\ASAS14kq_V_comb_dup.fits,ASAS14kq,V,duPont,0.0336,ASAS14kq,
D:\Thesis\pd\CSPAll\ASAS14lo_V_comb_swo.fits,ASAS14lo,V,Swope,0.01993,ASAS14lo,
D:\Thesis\pd\CSPAll\ASAS14lp_V_comb_swo.fits,ASAS14lp,V,Swope,0.0051,ASAS14lp,
D:\Thesis\pd\CSPAll\ASAS14lq_B_comb_dup.fits,ASAS14lq,B,duPont,0.026191,ASAS14lq,
D:\Thesis\pd\CSPAll\ASAS14lq_V_comb_dup.fits,ASAS14lq,V,duPont,0.026191,ASAS14lq,
D:\Thesis\pd\CSPAll\ASAS14lq_V_comb_swo.fits,ASAS14lq,V,Swope,0.026191,ASAS14lq,
D:\Thesis\pd\CSPAll\ASAS14lt_B_comb_dup.fits,ASAS14lt,B,duPont,0.032046,ASAS14lt,
D:\Thesis\pd\CSPAll\ASAS14lt_V_comb_dup.fits,ASAS14lt,V,duPont,0.032046,ASAS14lt,
D:\Thesis\pd\CSPAll\ASAS14lt_V_comb_swo.fits,ASAS14lt,V,Swope,0.032046,ASAS14lt,
D:\Thesis\pd\CSPAll\ASAS14lw_V_comb_swo.fits,ASAS14lw,V,Swope,0.016,ASAS14lw,
D:\Thesis\pd\CSPAll\ASAS14me_B_comb_dup.fits,ASAS14me,B,duPont,0.018,ASAS14me,
D:\Thesis\pd\CSPAll\ASAS14me_V_comb_dup.fits,ASAS14me,V,duPont,0.018,ASAS14me,
D:\Thesis\pd\CSPAll\ASAS14me_V_comb_swo.fits,ASAS14me,V,Swope,0.018,ASAS14me,
D:\Thesis\pd\CSPAll\ASAS14mf_B_comb_dup.fits,ASAS14mf,B,duPont,0.0311,ASAS14mf,
D:\Thesis\pd\CSPAll\ASAS14mf_V_comb_dup.fits,ASAS14mf,V,duPont,0.0311,ASAS14mf,
D:\Thesis\pd\CSPAll\ASAS14mw_V_comb_swo.fits,ASAS14mw,V,Swope,0.027406,ASAS14mw,
D:\Thesis\pd\CSPAll\ASAS14my_B_comb_dup.fits,ASAS14my,B,duPont,0.020514,ASAS14my,
D:\Thesis\pd\CSPAll\ASAS14my_V_comb_dup.fits,ASAS14my,V,duPont,0.020514,ASAS14my,
D:\Thesis\pd\CSPAll\ASAS15aj_B_comb_dup.fits,ASAS15aj,B,duPont,0.01092,ASAS15aj,
D:\Thesis\pd\CSPAll\ASAS15aj_V_comb_dup.fits,ASAS15aj,V,duPont,0.01092,ASAS15aj,
D:\Thesis\pd\CSPAll\ASAS15aj_V_comb_swo.fits,ASAS15aj,V,Swope,0.01092,ASAS15aj,
D:\Thesis\pd\CSPAll\ASAS15al_B_comb_dup.fits,ASAS15al,B,duPont,0.032,ASAS15al,
D:\Thesis\pd\CSPAll\ASAS15al_V_comb_dup.fits,ASAS15al,V,duPont,0.032,ASAS15al,
D:\Thesis\pd\CSPAll\ASAS15al_V_comb_swo.fits,ASAS15al,V,Swope,0.032,ASAS15al,
D:\Thesis\pd\CSPAll\ASAS15as_B_comb_dup.fits,ASAS15as,B,duPont,0.028,ASAS15as,
D:\Thesis\pd\CSPAll\ASAS15as_V_comb_dup.fits,ASAS15as,V,duPont,0.028,ASAS15as,
D:\Thesis\pd\CSPAll\ASAS15as_V_comb_swo.fits,ASAS15as,V,Swope,0.028,ASAS15as,
D:\Thesis\pd\CSPAll\ASAS15ba_B_comb_dup.fits,ASAS15ba,B,duPont,0.02313,ASAS15ba,
D:\Thesis\pd\CSPAll\ASAS15ba_V_comb_dup.fits,ASAS15ba,V,duPont,0.02313,ASAS15ba,
D:\Thesis\pd\CSPAll\ASAS15ba_V_comb_swo.fits,ASAS15ba,V,Swope,0.02313,ASAS15ba,
D:\Thesis\pd\CSPAll\ASAS15be_B_comb_dup.fits,ASAS15be,B,duPont,0.0219,ASAS15be,
D:\Thesis\pd\CSPAll\ASAS15be_V_comb_dup.fits,ASAS15be,V,duPont,0.0219,ASAS15be,
D:\Thesis\pd\CSPAll\ASAS15be_V_comb_swo.fits,ASAS15be,V,Swope,0.0219,ASAS15be,
D:\Thesis\pd\CSPAll\ASAS15bm_V_comb_swo.fits,ASAS15bm,V,Swope,0.0206,ASAS15bm,
D:\Thesis\pd\CSPAll\ASAS15cb_B_comb_dup.fits,ASAS15cb,B,duPont,0.04004,ASAS15cb,
D:\Thesis\pd\CSPAll\ASAS15cb_V_comb_dup.fits,ASAS15cb,V,duPont,0.04004,ASAS15cb,
D:\Thesis\pd\CSPAll\ASAS15cb_V_comb_swo.fits,ASAS15cb,V,Swope,0.04004,ASAS15cb,
D:\Thesis\pd\CSPAll\ASAS15cd_B_comb_dup.fits,ASAS15cd,B,duPont,0.03435,ASAS15cd,
D:\Thesis\pd\CSPAll\ASAS15cd_V_comb_dup.fits,ASAS15cd,V,duPont,0.03435,ASAS15cd,
D:\Thesis\pd\CSPAll\ASAS15da_B_comb_dup.fits,ASAS15da,B,duPont,0.048,ASAS15da,
D:\Thesis\pd\CSPAll\ASAS15da_V_comb_dup.fits,ASAS15da,V,duPont,0.048,ASAS15da,
D:\Thesis\pd\CSPAll\ASAS15da_V_comb_swo.fits,ASAS15da,V,Swope,0.048,ASAS15da,
D:\Thesis\pd\CSPAll\ASAS15db_V_comb_swo.fits,ASAS15db,V,Swope,0.011,ASAS15db,
D:\Thesis\pd\CSPAll\ASAS15dd_B_comb_dup.fits,ASAS15dd,B,duPont,0.02437,ASAS15dd,
D:\Thesis\pd\CSPAll\ASAS15dd_V_comb_dup.fits,ASAS15dd,V,duPont,0.02437,ASAS15dd,
D:\Thesis\pd\CSPAll\ASAS15dd_V_comb_swo.fits,ASAS15dd,V,Swope,0.02437,ASAS15dd,
D:\Thesis\pd\CSPAll\ASAS15eb_B_comb_dup.fits,ASAS15eb,B,duPont,0.01648,ASAS15eb,
D:\Thesis\pd\CSPAll\ASAS15eb_V_comb_dup.fits,ASAS15eb,V,duPont,0.01648,ASAS15eb,
D:\Thesis\pd\CSPAll\ASAS15eb_V_comb_swo.fits,ASAS15eb,V,Swope,0.01648,ASAS15eb,
D:\Thesis\pd\CSPAll\ASAS15fr_B_comb_dup.fits,ASAS15fr,B,duPont,0.03344,ASAS15fr,
D:\Thesis\pd\CSPAll\ASAS15fr_V_comb_dup.fits,ASAS15fr,V,duPont,0.03344,ASAS15fr,
D:\Thesis\pd\CSPAll\ASAS15fr_V_comb_swo.fits,ASAS15fr,V,Swope,0.03344,ASAS15fr,
D:\Thesis\pd\CSPAll\ASAS15ga_B_comb_dup.fits,ASAS15ga,B,duPont,0.00663,ASAS15ga,
D:\Thesis\pd\CSPAll\ASAS15ga_V_comb_dup.fits,ASAS15ga,V,duPont,0.00663,ASAS15ga,
D:\Thesis\pd\CSPAll\ASAS15ga_V_comb_swo.fits,ASAS15ga,V,Swope,0.00663,ASAS15ga,
D:\Thesis\pd\CSPAll\ASAS15go_B_comb_dup.fits,ASAS15go,B,duPont,0.01892,ASAS15go,
D:\Thesis\pd\CSPAll\ASAS15go_V_comb_dup.fits,ASAS15go,V,duPont,0.01892,ASAS15go,
D:\Thesis\pd\CSPAll\ASAS15go_V_comb_swo.fits,ASAS15go,V,Swope,0.01892,ASAS15go,
D:\Thesis\pd\CSPAll\ASAS15gr_B_comb_dup.fits,ASAS15gr,B,duPont,0.024,ASAS15gr,
D:\Thesis\pd\CSPAll\ASAS15gr_V_comb_dup.fits,ASAS15gr,V,duPont,0.024,ASAS15gr,
D:\Thesis\pd\CSPAll\ASAS15gr_V_comb_swo.fits,ASAS15gr,V,Swope,0.024,ASAS15gr,
D:\Thesis\pd\CSPAll\ASAS15hf_B_comb_dup.fits,ASAS15hf,B,duPont,0.00618,ASAS15hf,
D:\Thesis\pd\CSPAll\ASAS15hf_V_comb_dup.fits,ASAS15hf,V,duPont,0.00618,ASAS15hf,
D:\Thesis\pd\CSPAll\ASAS15hf_V_comb_swo.fits,ASAS15hf,V,Swope,0.00618,ASAS15hf,
D:\Thesis\pd\CSPAll\ASAS15hg_B_comb_dup.fits,ASAS15hg,B,duPont,0.02977,ASAS15hg,
D:\Thesis\pd\CSPAll\ASAS15hg_V_comb_dup.fits,ASAS15hg,V,duPont,0.02977,ASAS15hg,
D:\Thesis\pd\CSPAll\ASAS15hg_V_comb_swo.fits,ASAS15hg,V,Swope,0.02977,ASAS15hg,
D:\Thesis\pd\CSPAll\ASAS15hx_B_comb_dup.fits,ASAS15hx,B,duPont,0.0081,ASAS15hx,
D:\Thesis\pd\CSPAll\ASAS15hx_V_comb_dup.fits,ASAS15hx,V,duPont,0.0081,ASAS15hx,
D:\Thesis\pd\CSPAll\ASAS15hx_V_comb_swo.fits,ASAS15hx,V,Swope,0.0081,ASAS15hx,
D:\Thesis\pd\CSPAll\CSP12F_B_comb_dup.fits,CSP12F,B,duPont,,,
D:\Thesis\pd\CSPAll\CSP12F_V_comb_dup.fits,CSP12F,V,duPont,,,
D:\Thesis\pd\CSPAll\CSP12F_V_comb_swo.fits,CSP12F,V,Swope,,,
D:\Thesis\pd\CSPAll\CSP12G_B_comb_dup.fits,CSP12G,B,duPont,0.03697,CSP12G,
D:\Thesis\pd\CSPAll\CSP12G_V_comb_dup.fits,CSP12G,V,duPont,0.03697,CSP12G,
D:\Thesis\pd\CSPAll\CSP12G_V_comb_swo.fits,CSP12G,V,Swope,0.03697,CSP12G,
D:\Thesis\pd\CSPAll\CSP12J_B_comb_dup.fits,CSP12J,B,duPont,0.0147,CSP12J,
D:\Thesis\pd\CSPAll\CSP12J_V_comb_dup.fits,CSP12J,V,duPont,0.0147,CSP12J,
D:\Thesis\pd\CSPAll\CSP12K_V_comb_swo.fits,CSP12K,V,Swope,,,
D:\Thesis\pd\CSPAll\CSP12M_B_comb_dup.fits,CSP12M,B,duPont,,,
D:\Thesis\pd\CSPAll\CSP12M_V_comb_dup.fits,CSP12M,V,duPont,,,
D:\Thesis\pd\CSPAll\CSP12M_V_comb_swo.fits,CSP12M,V,Swope,,,
D:\Thesis\pd\CSPAll\CSP12N_B_comb_dup.fits,CSP12N,B,duPont,,,"CSP12N: The remote service returned the following error message.
ERROR:  Name checking server EGRET error."
D:\Thesis\pd\CSPAll\CSP12N_V_comb_dup.fits,CSP12N,V,duPont,,,"CSP12N: The remote service returned the following error message.
ERROR:  Name checking server EGRET error."
D:\Thesis\pd\CSPAll\CSP12N_V_comb_swo.fits,CSP12N,V,Swope,,,"CSP12N: The remote service returned the following error message.
ERROR:  Name checking server EGRET error."
D:\Thesis\pd\CSPAll\CSP13aad_B_comb_dup.fits,CSP13aad,B,duPont,,,
D:\Thesis\pd\CSPAll\CSP13aad_V_comb_dup.fits,CSP13aad,V,duPont,,,
D:\Thesis\pd\CSPAll\CSP13aad_V_comb_swo.fits,CSP13aad,V,Swope,,,
D:\Thesis\pd\CSPAll\CSP13aae_V_comb_dup.fits,CSP13aae,V,duPont,,,
D:\Thesis\pd\CSPAll\CSP13aaf_B_comb_dup.fits,CSP13aaf,B,duPont,,,
D:\Thesis\pd\CSPAll\CSP13aaf_V_comb_dup.fits,CSP13aaf,V,duPont,,,
D:\Thesis\pd\CSPAll\CSP13aaf_V_comb_swo.fits,CSP13aaf,V,Swope,,,
D:\Thesis\pd\CSPAll\CSP13aam_B_comb_dup.fits,CSP13aam,B,duPont,0.07495,CSP13aam,
D:\Thesis\pd\CSPAll\CSP13aam_V_comb_dup.fits,CSP13aam,V,duPont,0.07495,CSP13aam,
D:\Thesis\pd\CSPAll\CSP13aam_V_comb_swo.fits,CSP13aam,V,Swope,0.07495,CSP13aam,
D:\Thesis\pd\CSPAll\CSP13aao_B_comb_dup.fits,CSP13aao,B,duPont,0.0614,CSP13aao,
D:\Thesis\pd\CSPAll\CSP13aao_V_comb_dup.fits,CSP13aao,V,duPont,0.0614,CSP13aao,
D:\Thesis\pd\CSPAll\CSP13aao_V_comb_swo.fits,CSP13aao,V,Swope,0.0614,CSP13aao,
D:\Thesis\pd\CSPAll\CSP13aap_B_comb_dup.fits,CSP13aap,B,duPont,,,
D:\Thesis\pd\CSPAll\CSP13aap_V_comb_dup.fits,CSP13aap,V,duPont,,,
D:\Thesis\pd\CSPAll\CSP13aaq_B_comb_dup.fits,CSP13aaq,B,duPont,,,
D:\Thesis\pd\CSPAll\CSP13aaq_V_comb_dup.fits,CSP13aaq,V,duPont,,,
D:\Thesis\pd\CSPAll\CSP13aaw_B_comb_dup.fits,CSP13aaw,B,duPont,,,
D:\Thesis\pd\CSPAll\CSP13aaw_V_comb_dup.fits,CSP13aaw,V,duPont,,,
D:\Thesis\pd\CSPAll\CSP13aax_B_comb_dup.fits,CSP13aax,B,duPont,,,
D:\Thesis\pd\CSPAll\CSP13aax_V_comb_dup.fits,CSP13aax,V,duPont,,,
D:\Thesis\pd\CSPAll\CSP13aay_B_comb_dup.fits,CSP13aay,B,duPont,,,
D:\Thesis\pd\CSPAll\CSP13aay_V_comb_dup.fits,CSP13aay,V,duPont,,,
D:\Thesis\pd\CSPAll\CSP13ab_V_comb_swo.fits,CSP13ab,V,Swope,,,
D:\Thesis\pd\CSPAll\CSP13aba_B_comb_dup.fits,CSP13aba,B,duPont,,,
D:\Thesis\pd\CSPAll\CSP13aba_V_comb_dup.fits,CSP13aba,V,duPont,,,
D:\Thesis\pd\CSPAll\CSP13abl_B_comb_dup.fits,CSP13abl,B,duPont,,,
D:\Thesis\pd\CSPAll\CSP13abl_V_comb_dup.fits,CSP13abl,V,duPont,,,
D:\Thesis\pd\CSPAll\CSP13abl_V_comb_swo.fits,CSP13abl,V,Swope,,,
D:\Thesis\pd\CSPAll\CSP13abm_V_comb_dup.fits,CSP13abm,V,duPont,0.02818,CSP13abm,
D:\Thesis\pd\CSPAll\CSP13abs_B_comb_dup.fits,CSP13abs,B,duPont,,,
D:\Thesis\pd\CSPAll\CSP13abs_V_comb_dup.fits,CSP13abs,V,duPont,,,
D:\Thesis\pd\CSPAll\CSP13ag_B_comb_dup.fits,CSP13ag,B,duPont,,,
D:\Thesis\pd\CSPAll\CSP13ag_V_comb_dup.fits,CSP13ag,V,duPont,,,
D:\Thesis\pd\CSPAll\CSP13al_V_comb_dup.fits,CSP13al,V,duPont,,,
D:\Thesis\pd\CSPAll\CSP13al_V_comb_swo.fits,CSP13al,V,Swope,,,
D:\Thesis\pd\CSPAll\CSP13am_B_comb_dup.fits,CSP13am,B,duPont,,,
D:\Thesis\pd\CSPAll\CSP13am_V_comb_dup.fits,CSP13am,V,duPont,,,
D:\Thesis\pd\CSPAll\CSP13an_B_comb_dup.fits,CSP13an,B,duPont,,,
D:\Thesis\pd\CSPAll\CSP13an_V_comb_dup.fits,CSP13an,V,duPont,,,
D:\Thesis\pd\CSPAll\CSP13an_V_comb_swo.fits,CSP13an,V,Swope,,,
D:\Thesis\pd\CSPAll\CSP13ay_V_comb_swo.fits,CSP13ay,V,Swope,,,
D:\Thesis\pd\CSPAll\CSP13B_B_comb_dup.fits,CSP13B,B,duPont,,,"CSP13B: The remote service returned the following error message.
ERROR:  Name checking server EGRET error."
D:\Thesis\pd\CSPAll\CSP13B_V_comb_dup.fits,CSP13B,V,duPont,,,"CSP13B: The remote service returned the following error message.
ERROR:  Name checking server EGRET error."
D:\Thesis\pd\CSPAll\CSP13B_V_comb_swo.fits,CSP13B,V,Swope,,,"CSP13B: The remote service returned the following error message.
ERROR:  Name checking server EGRET error."
D:\Thesis\pd\CSPAll\CSP13bf_B_comb_dup.fits,CSP13bf,B,duPont,,,
D:\Thesis\pd\CSPAll\CSP13bf_V_comb_dup.fits,CSP13bf,V,duPont,,,
D:\Thesis\pd\CSPAll\CSP13bf_V_comb_swo.fits,CSP13bf,V,Swope,,,
D:\Thesis\pd\CSPAll\CSP13bh_B_comb_dup.fits,CSP13bh,B,duPont,,,
D:\Thesis\pd\CSPAll\CSP13bh_V_comb_dup.fits,CSP13bh,V,duPont,,,
D:\Thesis\pd\CSPAll\CSP13bh_V_comb_swo.fits,CSP13bh,V,Swope,,,
D:\Thesis\pd\CSPAll\CSP13C_V_comb_swo.fits,CSP13C,V,Swope,,,"CSP13C: The remote service returned the following error message.
ERROR:  Name checking server EGRET error."
D:\Thesis\pd\CSPAll\CSP13G_V_comb_swo.fits,CSP13G,V,Swope,,,"CSP13G: The remote service returned the following error message.
ERROR:  Name checking server EGRET error."
D:\Thesis\pd\CSPAll\CSP13M_B_comb_dup.fits,CSP13M,B,duPont,,,"CSP13M: The remote service returned the following error message.
ERROR:  Name checking server EGRET error."
D:\Thesis\pd\CSPAll\CSP13M_V_comb_dup.fits,CSP13M,V,duPont,,,"CSP13M: The remote service returned the following error message.
ERROR:  Name checking server EGRET error."
D:\Thesis\pd\CSPAll\CSP13N_B_comb_dup.fits,CSP13N,B,duPont,,,"CSP13N: The remote service returned the following error message.
ERROR:  Name checking server EGRET error."
D:\Thesis\pd\CSPAll\CSP13N_V_comb_dup.fits,CSP13N,V,duPont,,,"CSP13N: The remote service returned the following error message.
ERROR:  Name checking server EGRET error."
D:\Thesis\pd\CSPAll\CSP13P_B_comb_dup.fits,CSP13P,B,duPont,,,"CSP13P: The remote service returned the following error message.
ERROR:  Name checking server EGRET error."
D:\Thesis\pd\CSPAll\CSP13P_V_comb_dup.fits,CSP13P,V,duPont,,,"CSP13P: The remote service returned the following error message.
ERROR:  Name checking server EGRET error."
D:\Thesis\pd\CSPAll\CSP13P_V_comb_swo.fits,CSP13P,V,Swope,,,"CSP13P: The remote service returned the following error message.
ERROR:  Name checking server EGRET error."
D:\Thesis\pd\CSPAll\CSP13Q_B_comb_dup.fits,CSP13Q,B,duPont,,,"CSP13Q: The remote service returned the following error message.
ERROR:  Name checking server EGRET error."
D:\Thesis\pd\CSPAll\CSP13Q_V_comb_dup.fits,CSP13Q,V,duPont,,,"CSP13Q: The remote service returned the following error message.
ERROR:  Name checking server EGRET error."
D:\Thesis\pd\CSPAll\CSP13Q_V_comb_swo.fits,CSP13Q,V,Swope,,,"CSP13Q: The remote service returned the following error message.
ERROR:  Name checking server EGRET error."
D:\Thesis\pd\CSPAll\CSP13U_B_comb_dup.fits,CSP13U,B,duPont,,,"CSP13U: The remote service returned the following error message.
ERROR:  Name checking server EGRET error."
D:\Thesis\pd\CSPAll\CSP13U_V_comb_dup.fits,CSP13U,V,duPont,,,"CSP13U: The remote service returned the following error message.
ERROR:  Name checking server EGRET error."
D:\Thesis\pd\CSPAll\CSP13U_V_comb_swo.fits,CSP13U,V,Swope,,,"CSP13U: The remote service returned the following error message.
ERROR:  Name checking server EGRET error."
D:\Thesis\pd\CSPAll\CSP13Y_B_comb_dup.fits,CSP13Y,B,duPont,,,
D:\Thesis\pd\CSPAll\CSP13Y_V_comb_dup.fits,CSP13Y,V,duPont,,,
D:\Thesis\pd\CSPAll\CSP13Y_V_comb_swo.fits,CSP13Y,V,Swope,,,
D:\Thesis\pd\CSPAll\CSP13Z_V_comb_swo.fits,CSP13Z,V,Swope,,,
D:\Thesis\pd\CSPAll\CSP14aaa_B_comb_dup.fits,CSP14aaa,B,duPont,,,
D:\Thesis\pd\CSPAll\CSP14aaa_V_comb_dup.fits,CSP14aaa,V,duPont,,,
D:\Thesis\pd\CSPAll\CSP14aab_B_comb_dup.fits,CSP14aab,B,duPont,,,
D:\Thesis\pd\CSPAll\CSP14aab_V_comb_dup.fits,CSP14aab,V,duPont,,,
D:\Thesis\pd\CSPAll\CSP14aal_B_comb_dup.fits,CSP14aal,B,duPont,,,
D:\Thesis\pd\CSPAll\CSP14aal_V_comb_dup.fits,CSP14aal,V,duPont,,,
D:\Thesis\pd\CSPAll\CSP14aaq_B_comb_dup.fits,CSP14aaq,B,duPont,0.03591,CSP14aaq,
D:\Thesis\pd\CSPAll\CSP14aaq_V_comb_dup.fits,CSP14aaq,V,duPont,0.03591,CSP14aaq,
D:\Thesis\pd\CSPAll\CSP14aar_B_comb_dup.fits,CSP14aar,B,duPont,,,
D:\Thesis\pd\CSPAll\CSP14aar_V_comb_dup.fits,CSP14aar,V,duPont,,,
D:\Thesis\pd\CSPAll\CSP14aar_V_comb_swo.fits,CSP14aar,V,Swope,,,
D:\Thesis\pd\CSPAll\CSP14aaw_B_comb_dup.fits,CSP14aaw,B,duPont,,,
D:\Thesis\pd\CSPAll\CSP14aaw_V_comb_dup.fits,CSP14aaw,V,duPont,,,
D:\Thesis\pd\CSPAll\CSP14aaw_V_comb_swo.fits,CSP14aaw,V,Swope,,,
D:\Thesis\pd\CSPAll\CSP14aax_B_comb_dup.fits,CSP14aax,B,duPont,,,
D:\Thesis\pd\CSPAll\CSP14aax_V_comb_dup.fits,CSP14aax,V,duPont,,,
D:\Thesis\pd\CSPAll\CSP14aay_B_comb_dup.fits,CSP14aay,B,duPont,,,
D:\Thesis\pd\CSPAll\CSP14aay_V_comb_dup.fits,CSP14aay,V,duPont,,,
D:\Thesis\pd\CSPAll\CSP14aba_B_comb_dup.fits,CSP14aba,B,duPont,,,
D:\Thesis\pd\CSPAll\CSP14aba_V_comb_dup.fits,CSP14aba,V,duPont,,,
D:\Thesis\pd\CSPAll\CSP14abf_B_comb_dup.fits,CSP14abf,B,duPont,,,
D:\Thesis\pd\CSPAll\CSP14abf_V_comb_dup.fits,CSP14abf,V,duPont,,,
D:\Thesis\pd\CSPAll\CSP14abf_V_comb_swo.fits,CSP14abf,V,Swope,,,
D:\Thesis\pd\CSPAll\CSP14abh_V_comb_dup.fits,CSP14abh,V,duPont,,,
D:\Thesis\pd\CSPAll\CSP14abh_V_comb_swo.fits,CSP14abh,V,Swope,,,
D:\Thesis\pd\CSPAll\CSP14abl_B_comb_dup.fits,CSP14abl,B,duPont,,,
D:\Thesis\pd\CSPAll\CSP14abl_V_comb_dup.fits,CSP14abl,V,duPont,,,
D:\Thesis\pd\CSPAll\CSP14abl_V_comb_swo.fits,CSP14abl,V,Swope,,,
D:\Thesis\pd\CSPAll\CSP14abn_V_comb_swo.fits,CSP14abn,V,Swope,,,
D:\Thesis\pd\CSPAll\CSP14acl_V_comb_swo.fits,CSP14acl,V,Swope,,,
D:\Thesis\pd\CSPAll\CSP14acm_B_comb_dup.fits,CSP14acm,B,duPont,,,
D:\Thesis\pd\CSPAll\CSP14acm_V_comb_dup.fits,CSP14acm,V,duPont,,,
D:\Thesis\pd\CSPAll\CSP14acp_B_comb_dup.fits,CSP14acp,B,duPont,,,
D:\Thesis\pd\CSPAll\CSP14acp_V_comb_dup.fits,CSP14acp,V,duPont,,,
D:\Thesis\pd\CSPAll\CSP14acp_V_comb_swo.fits,CSP14acp,V,Swope,,,
D:\Thesis\pd\CSPAll\CSP14acy_B_comb_dup.fits,CSP14acy,B,duPont,0.0664,CSP14acy,
D:\Thesis\pd\CSPAll\CSP14acy_V_comb_dup.fits,CSP14acy,V,duPont,0.0664,CSP14acy,
D:\Thesis\pd\CSPAll\CSP14adc_B_comb_dup.fits,CSP14adc,B,duPont,,,
D:\Thesis\pd\CSPAll\CSP14adc_V_comb_dup.fits,CSP14adc,V,duPont,,,
D:\Thesis\pd\CSPAll\CSP14ade_B_comb_dup.fits,CSP14ade,B,duPont,0.06246,CSP14ade,
D:\Thesis\pd\CSPAll\CSP14ade_V_comb_dup.fits,CSP14ade,V,duPont,0.06246,CSP14ade,
D:\Thesis\pd\CSPAll\CSP14ade_V_comb_swo.fits,CSP14ade,V,Swope,0.06246,CSP14ade,
D:\Thesis\pd\CSPAll\CSP14adf_B_comb_dup.fits,CSP14adf,B,duPont,,,
D:\Thesis\pd\CSPAll\CSP14adf_V_comb_dup.fits,CSP14adf,V,duPont,,,
D:\Thesis\pd\CSPAll\CSP15aae_V_comb_swo.fits,CSP15aae,V,Swope,0.016,CSP15aae,
D:\Thesis\pd\CSPAll\CSP15aaj_B_comb_dup.fits,CSP15aaj,B,duPont,,,
D:\Thesis\pd\CSPAll\CSP15aaj_V_comb_dup.fits,CSP15aaj,V,duPont,,,
D:\Thesis\pd\CSPAll\CSP15aaj_V_comb_swo.fits,CSP15aaj,V,Swope,,,
D:\Thesis\pd\CSPAll\CSP15aak_V_comb_swo.fits,CSP15aak,V,Swope,,,
D:\Thesis\pd\CSPAll\CSP15B_B_comb_dup.fits,CSP15B,B,duPont,,,
D:\Thesis\pd\CSPAll\CSP15B_V_comb_dup.fits,CSP15B,V,duPont,,,
D:\Thesis\pd\CSPAll\CSP15B_V_comb_swo.fits,CSP15B,V,Swope,,,
D:\Thesis\pd\CSPAll\KISS13j_V_comb_swo.fits,KISS13j,V,Swope,0.0766,KISS13j,
D:\Thesis\pd\CSPAll\KISS13l_B_comb_dup.fits,KISS13l,B,duPont,0.13201,KISS13l,
D:\Thesis\pd\CSPAll\KISS13l_V_comb_dup.fits,KISS13l,V,duPont,0.13201,KISS13l,
D:\Thesis\pd\CSPAll\KISS13l_V_comb_swo.fits,KISS13l,V,Swope,0.13201,KISS13l,
D:\Thesis\pd\CSPAll\KISS13v_B_comb_dup.fits,KISS13v,B,duPont,0.08,KISS13v,
D:\Thesis\pd\CSPAll\KISS13v_V_comb_dup.fits,KISS13v,V,duPont,0.08,KISS13v,
D:\Thesis\pd\CSPAll\KISS13v_V_comb_swo.fits,KISS13v,V,Swope,0.08,KISS13v,
D:\Thesis\pd\CSPAll\KISS15m_B_comb_dup.fits,KISS15m,B,duPont,0.0243,KISS15m,
D:\Thesis\pd\CSPAll\KISS15m_V_comb_dup.fits,KISS15m,V,duPont,0.0243,KISS15m,
D:\Thesis\pd\CSPAll\KISS15m_V_comb_swo.fits,KISS15m,V,Swope,0.0243,KISS15m,
D:\Thesis\pd\CSPAll\KISS15n_V_comb_swo.fits,KISS15n,V,Swope,0.023,KISS15n,
D:\Thesis\pd\CSPAll\LSQ11bk_B_comb_dup.fits,LSQ11bk,B,duPont,0.037,LSQ11bk,
D:\Thesis\pd\CSPAll\LSQ11bk_V_comb_dup.fits,LSQ11bk,V,duPont,0.037,LSQ11bk,
D:\Thesis\pd\CSPAll\LSQ11bk_V_comb_swo.fits,LSQ11bk,V,Swope,0.037,LSQ11bk,
D:\Thesis\pd\CSPAll\LSQ11ot_B_comb_dup.fits,LSQ11ot,B,duPont,0.027,LSQ11ot,
D:\Thesis\pd\CSPAll\LSQ11ot_V_comb_dup.fits,LSQ11ot,V,duPont,0.027,LSQ11ot,
D:\Thesis\pd\CSPAll\LSQ11pn_B_comb_dup.fits,LSQ11pn,B,duPont,0.033,LSQ11pn,
D:\Thesis\pd\CSPAll\LSQ11pn_V_comb_dup.fits,LSQ11pn,V,duPont,0.033,LSQ11pn,
D:\Thesis\pd\CSPAll\LSQ12agq_B_comb_dup.fits,LSQ12agq,B,duPont,0.064,LSQ12agq,
D:\Thesis\pd\CSPAll\LSQ12agq_V_comb_dup.fits,LSQ12agq,V,duPont,0.064,LSQ12agq,
D:\Thesis\pd\CSPAll\LSQ12agq_V_comb_swo.fits,LSQ12agq,V,Swope,0.064,LSQ12agq,
D:\Thesis\pd\CSPAll\LSQ12aor_B_comb_dup.fits,LSQ12aor,B,duPont,0.093,LSQ12aor,
D:\Thesis\pd\CSPAll\LSQ12aor_V_comb_dup.fits,LSQ12aor,V,duPont,0.093,LSQ12aor,
D:\Thesis\pd\CSPAll\LSQ12bld_B_comb_dup.fits,LSQ12bld,B,duPont,0.083,LSQ12bld,
D:\Thesis\pd\CSPAll\LSQ12bld_V_comb_dup.fits,LSQ12bld,V,duPont,0.083,LSQ12bld,
D:\Thesis\pd\CSPAll\LSQ12bld_V_comb_swo.fits,LSQ12bld,V,Swope,0.083,LSQ12bld,
D:\Thesis\pd\CSPAll\LSQ12blp_V_comb_swo.fits,LSQ12blp,V,Swope,0.074,LSQ12blp,
D:\Thesis\pd\CSPAll\LSQ12btn_B_comb_dup.fits,LSQ12btn,B,duPont,0.054,LSQ12btn,
D:\Thesis\pd\CSPAll\LSQ12btn_V_comb_dup.fits,LSQ12btn,V,duPont,0.054,LSQ12btn,
D:\Thesis\pd\CSPAll\LSQ12btn_V_comb_swo.fits,LSQ12btn,V,Swope,0.054,LSQ12btn,
D:\Thesis\pd\CSPAll\LSQ12ca_B_comb_dup.fits,LSQ12ca,B,duPont,0.098,LSQ12ca,
D:\Thesis\pd\CSPAll\LSQ12ca_V_comb_dup.fits,LSQ12ca,V,duPont,0.098,LSQ12ca,
D:\Thesis\pd\CSPAll\LSQ12ca_V_comb_swo.fits,LSQ12ca,V,Swope,0.098,LSQ12ca,
D:\Thesis\pd\CSPAll\LSQ12cda_B_comb_dup.fits,LSQ12cda,B,duPont,0.13749,LSQ12cda,
D:\Thesis\pd\CSPAll\LSQ12cda_V_comb_dup.fits,LSQ12cda,V,duPont,0.13749,LSQ12cda,
D:\Thesis\pd\CSPAll\LSQ12cda_V_comb_swo.fits,LSQ12cda,V,Swope,0.13749,LSQ12cda,
D:\Thesis\pd\CSPAll\LSQ12cdl_B_comb_dup.fits,LSQ12cdl,B,duPont,0.111,LSQ12cdl,
D:\Thesis\pd\CSPAll\LSQ12cdl_V_comb_dup.fits,LSQ12cdl,V,duPont,0.111,LSQ12cdl,
D:\Thesis\pd\CSPAll\LSQ12cdl_V_comb_swo.fits,LSQ12cdl,V,Swope,0.111,LSQ12cdl,
D:\Thesis\pd\CSPAll\LSQ12fuk_B_comb_dup.fits,LSQ12fuk,B,duPont,0.02,LSQ12fuk,
D:\Thesis\pd\CSPAll\LSQ12fuk_V_comb_dup.fits,LSQ12fuk,V,duPont,0.02,LSQ12fuk,
D:\Thesis\pd\CSPAll\LSQ12fvl_B_comb_dup.fits,LSQ12fvl,B,duPont,0.056,LSQ12fvl,
D:\Thesis\pd\CSPAll\LSQ12fvl_V_comb_dup.fits,LSQ12fvl,V,duPont,0.056,LSQ12fvl,
D:\Thesis\pd\CSPAll\LSQ12fxd_B_comb_dup.fits,LSQ12fxd,B,duPont,0.031,LSQ12fxd,
D:\Thesis\pd\CSPAll\LSQ12fxd_V_comb_dup.fits,LSQ12fxd,V,duPont,0.031,LSQ12fxd,
D:\Thesis\pd\CSPAll\LSQ12gdj_B_comb_dup.fits,LSQ12gdj,B,duPont,0.03,LSQ12gdj,
D:\Thesis\pd\CSPAll\LSQ12gdj_V_comb_dup.fits,LSQ12gdj,V,duPont,0.03,LSQ12gdj,
D:\Thesis\pd\CSPAll\LSQ12gef_B_comb_dup.fits,LSQ12gef,B,duPont,0.065,LSQ12gef,
D:\Thesis\pd\CSPAll\LSQ12gef_V_comb_dup.fits,LSQ12gef,V,duPont,0.065,LSQ12gef,
D:\Thesis\pd\CSPAll\LSQ12gln_B_comb_dup.fits,LSQ12gln,B,duPont,0.112,LSQ12gln,
D:\Thesis\pd\CSPAll\LSQ12gln_V_comb_dup.fits,LSQ12gln,V,duPont,0.112,LSQ12gln,
D:\Thesis\pd\CSPAll\LSQ12gpw_B_comb_dup.fits,LSQ12gpw,B,duPont,0.058,LSQ12gpw,
D:\Thesis\pd\CSPAll\LSQ12gpw_V_comb_dup.fits,LSQ12gpw,V,duPont,0.058,LSQ12gpw,
D:\Thesis\pd\CSPAll\LSQ12gxj_B_comb_dup.fits,LSQ12gxj,B,duPont,0.036,LSQ12gxj,
D:\Thesis\pd\CSPAll\LSQ12gxj_V_comb_dup.fits,LSQ12gxj,V,duPont,0.036,LSQ12gxj,
D:\Thesis\pd\CSPAll\LSQ12gyc_B_comb_dup.fits,LSQ12gyc,B,duPont,0.093,LSQ12gyc,
D:\Thesis\pd\CSPAll\LSQ12gyc_V_comb_dup.fits,LSQ12gyc,V,duPont,0.093,LSQ12gyc,
D:\Thesis\pd\CSPAll\LSQ12gyc_V_comb_swo.fits,LSQ12gyc,V,Swope,0.093,LSQ12gyc,
D:\Thesis\pd\CSPAll\LSQ12gzm_B_comb_dup.fits,LSQ12gzm,B,duPont,0.1,LSQ12gzm,
D:\Thesis\pd\CSPAll\LSQ12gzm_V_comb_dup.fits,LSQ12gzm,V,duPont,0.1,LSQ12gzm,
D:\Thesis\pd\CSPAll\LSQ12gzm_V_comb_swo.fits,LSQ12gzm,V,Swope,0.1,LSQ12gzm,
D:\Thesis\pd\CSPAll\LSQ12hjm_B_comb_dup.fits,LSQ12hjm,B,duPont,0.07,LSQ12hjm,
D:\Thesis\pd\CSPAll\LSQ12hjm_V_comb_dup.fits,LSQ12hjm,V,duPont,0.07,LSQ12hjm,
D:\Thesis\pd\CSPAll\LSQ12hno_B_comb_dup.fits,LSQ12hno,B,duPont,0.048,LSQ12hno,
D:\Thesis\pd\CSPAll\LSQ12hno_V_comb_dup.fits,LSQ12hno,V,duPont,0.048,LSQ12hno,
D:\Thesis\pd\CSPAll\LSQ12hnr_B_comb_dup.fits,LSQ12hnr,B,duPont,0.1243,LSQ12hnr,
D:\Thesis\pd\CSPAll\LSQ12hnr_V_comb_dup.fits,LSQ12hnr,V,duPont,0.1243,LSQ12hnr,
D:\Thesis\pd\CSPAll\LSQ12hnr_V_comb_swo.fits,LSQ12hnr,V,Swope,0.1243,LSQ12hnr,
D:\Thesis\pd\CSPAll\LSQ12hvj_B_comb_dup.fits,LSQ12hvj,B,duPont,0.071,LSQ12hvj,
D:\Thesis\pd\CSPAll\LSQ12hvj_V_comb_dup.fits,LSQ12hvj,V,duPont,0.071,LSQ12hvj,
D:\Thesis\pd\CSPAll\LSQ12hvj_V_comb_swo.fits,LSQ12hvj,V,Swope,0.071,LSQ12hvj,
D:\Thesis\pd\CSPAll\LSQ12hxx_B_comb_dup.fits,LSQ12hxx,B,duPont,0.069,LSQ12hxx,
D:\Thesis\pd\CSPAll\LSQ12hxx_V_comb_dup.fits,LSQ12hxx,V,duPont,0.069,LSQ12hxx,
D:\Thesis\pd\CSPAll\LSQ12hzj_B_comb_dup.fits,LSQ12hzj,B,duPont,0.029,LSQ12hzj,
D:\Thesis\pd\CSPAll\LSQ12hzj_V_comb_dup.fits,LSQ12hzj,V,duPont,0.029,LSQ12hzj,
D:\Thesis\pd\CSPAll\LSQ12hzj_V_comb_swo.fits,LSQ12hzj,V,Swope,0.029,LSQ12hzj,
D:\Thesis\pd\CSPAll\LSQ12hzs_B_comb_dup.fits,LSQ12hzs,B,duPont,0.072,LSQ12hzs,
D:\Thesis\pd\CSPAll\LSQ12hzs_V_comb_dup.fits,LSQ12hzs,V,duPont,0.072,LSQ12hzs,
D:\Thesis\pd\CSPAll\LSQ13abo_V_comb_swo.fits,LSQ13abo,V,Swope,0.067,LSQ13abo,
D:\Thesis\pd\CSPAll\LSQ13aiz_V_comb_swo.fits,LSQ13aiz,V,Swope,0.009,LSQ13aiz,
D:\Thesis\pd\CSPAll\LSQ13cwp_B_comb_dup.fits,LSQ13cwp,B,duPont,0.0665,LSQ13cwp,
D:\Thesis\pd\CSPAll\LSQ13cwp_V_comb_dup.fits,LSQ13cwp,V,duPont,0.0665,LSQ13cwp,
D:\Thesis\pd\CSPAll\LSQ13dby_B_comb_dup.fits,LSQ13dby,B,duPont,0.09993,LSQ13dby,
D:\Thesis\pd\CSPAll\LSQ13dby_V_comb_dup.fits,LSQ13dby,V,duPont,0.09993,LSQ13dby,
D:\Thesis\pd\CSPAll\LSQ13dcy_V_comb_swo.fits,LSQ13dcy,V,Swope,0.083,LSQ13dcy,
D:\Thesis\pd\CSPAll\LSQ13dhj_B_comb_dup.fits,LSQ13dhj,B,duPont,0.0935,LSQ13dhj,
D:\Thesis\pd\CSPAll\LSQ13dhj_V_comb_dup.fits,LSQ13dhj,V,duPont,0.0935,LSQ13dhj,
D:\Thesis\pd\CSPAll\LSQ13dhj_V_comb_swo.fits,LSQ13dhj,V,Swope,0.0935,LSQ13dhj,
D:\Thesis\pd\CSPAll\LSQ13dkp_B_comb_dup.fits,LSQ13dkp,B,duPont,0.06894,LSQ13dkp,
D:\Thesis\pd\CSPAll\LSQ13dkp_V_comb_dup.fits,LSQ13dkp,V,duPont,0.06894,LSQ13dkp,
D:\Thesis\pd\CSPAll\LSQ13dpm_B_comb_dup.fits,LSQ13dpm,B,duPont,0.05086,LSQ13dpm,
D:\Thesis\pd\CSPAll\LSQ13dpm_V_comb_dup.fits,LSQ13dpm,V,duPont,0.05086,LSQ13dpm,
D:\Thesis\pd\CSPAll\LSQ13dpm_V_comb_swo.fits,LSQ13dpm,V,Swope,0.05086,LSQ13dpm,
D:\Thesis\pd\CSPAll\LSQ13dqh_B_comb_dup.fits,LSQ13dqh,B,duPont,0.1038,LSQ13dqh,
D:\Thesis\pd\CSPAll\LSQ13dqh_V_comb_dup.fits,LSQ13dqh,V,duPont,0.1038,LSQ13dqh,
D:\Thesis\pd\CSPAll\LSQ13dsm_B_comb_dup.fits,LSQ13dsm,B,duPont,,,
D:\Thesis\pd\CSPAll\LSQ13dsm_V_comb_dup.fits,LSQ13dsm,V,duPont,,,
D:\Thesis\pd\CSPAll\LSQ13pf_V_comb_swo.fits,LSQ13pf,V,Swope,0.085,LSQ13pf,
D:\Thesis\pd\CSPAll\LSQ13ry_V_comb_swo.fits,LSQ13ry,V,Swope,0.03,LSQ13ry,
D:\Thesis\pd\CSPAll\LSQ13vy_V_comb_swo.fits,LSQ13vy,V,Swope,0.032,LSQ13vy,
D:\Thesis\pd\CSPAll\LSQ14act_B_comb_dup.fits,LSQ14act,B,duPont,0.0591,LSQ14act,
D:\Thesis\pd\CSPAll\LSQ14act_V_comb_dup.fits,LSQ14act,V,duPont,0.0591,LSQ14act,
D:\Thesis\pd\CSPAll\LSQ14age_B_comb_dup.fits,LSQ14age,B,duPont,0.08054,LSQ14age,
D:\Thesis\pd\CSPAll\LSQ14age_V_comb_dup.fits,LSQ14age,V,duPont,0.08054,LSQ14age,
D:\Thesis\pd\CSPAll\LSQ14ahc_B_comb_dup.fits,LSQ14ahc,B,duPont,0.05086,LSQ14ahc,
D:\Thesis\pd\CSPAll\LSQ14ahc_V_comb_dup.fits,LSQ14ahc,V,duPont,0.05086,LSQ14ahc,
D:\Thesis\pd\CSPAll\LSQ14ahm_B_comb_dup.fits,LSQ14ahm,B,duPont,0.04977,LSQ14ahm,
D:\Thesis\pd\CSPAll\LSQ14ahm_V_comb_dup.fits,LSQ14ahm,V,duPont,0.04977,LSQ14ahm,
D:\Thesis\pd\CSPAll\LSQ14ajn_B_comb_dup.fits,LSQ14ajn,B,duPont,0.02101,LSQ14ajn,
D:\Thesis\pd\CSPAll\LSQ14ajn_V_comb_dup.fits,LSQ14ajn,V,duPont,0.02101,LSQ14ajn,
D:\Thesis\pd\CSPAll\LSQ14ajn_V_comb_swo.fits,LSQ14ajn,V,Swope,0.02101,LSQ14ajn,
D:\Thesis\pd\CSPAll\LSQ14asu_B_comb_dup.fits,LSQ14asu,B,duPont,0.0684,LSQ14asu,
D:\Thesis\pd\CSPAll\LSQ14asu_V_comb_dup.fits,LSQ14asu,V,duPont,0.0684,LSQ14asu,
D:\Thesis\pd\CSPAll\LSQ14asu_V_comb_swo.fits,LSQ14asu,V,Swope,0.0684,LSQ14asu,
D:\Thesis\pd\CSPAll\LSQ14auy_B_comb_dup.fits,LSQ14auy,B,duPont,0.0825,LSQ14auy,
D:\Thesis\pd\CSPAll\LSQ14auy_V_comb_dup.fits,LSQ14auy,V,duPont,0.0825,LSQ14auy,
D:\Thesis\pd\CSPAll\LSQ14azy_B_comb_dup.fits,LSQ14azy,B,duPont,0.0458,LSQ14azy,
D:\Thesis\pd\CSPAll\LSQ14azy_V_comb_dup.fits,LSQ14azy,V,duPont,0.0458,LSQ14azy,
D:\Thesis\pd\CSPAll\LSQ14ba_B_comb_dup.fits,LSQ14ba,B,duPont,0.07755,LSQ14ba,
D:\Thesis\pd\CSPAll\LSQ14ba_V_comb_dup.fits,LSQ14ba,V,duPont,0.07755,LSQ14ba,
D:\Thesis\pd\CSPAll\LSQ14bbv_B_comb_dup.fits,LSQ14bbv,B,duPont,0.0588,LSQ14bbv,
D:\Thesis\pd\CSPAll\LSQ14bbv_V_comb_dup.fits,LSQ14bbv,V,duPont,0.0588,LSQ14bbv,
D:\Thesis\pd\CSPAll\LSQ14bjj_B_comb_dup.fits,LSQ14bjj,B,duPont,0.08114,LSQ14bjj,
D:\Thesis\pd\CSPAll\LSQ14bjj_V_comb_dup.fits,LSQ14bjj,V,duPont,0.08114,LSQ14bjj,
D:\Thesis\pd\CSPAll\LSQ14fms_B_comb_dup.fits,LSQ14fms,B,duPont,0.078,LSQ14fms,
D:\Thesis\pd\CSPAll\LSQ14fms_V_comb_dup.fits,LSQ14fms,V,duPont,0.078,LSQ14fms,
D:\Thesis\pd\CSPAll\LSQ14foj_B_comb_dup.fits,LSQ14foj,B,duPont,0.04607,LSQ14foj,
D:\Thesis\pd\CSPAll\LSQ14foj_V_comb_dup.fits,LSQ14foj,V,duPont,0.04607,LSQ14foj,
D:\Thesis\pd\CSPAll\LSQ14fom_V_comb_swo.fits,LSQ14fom,V,Swope,0.05626,LSQ14fom,
D:\Thesis\pd\CSPAll\LSQ14gfb_B_comb_dup.fits,LSQ14gfb,B,duPont,0.0527,LSQ14gfb,
D:\Thesis\pd\CSPAll\LSQ14gfb_V_comb_dup.fits,LSQ14gfb,V,duPont,0.0527,LSQ14gfb,
D:\Thesis\pd\CSPAll\LSQ14gfb_V_comb_swo.fits,LSQ14gfb,V,Swope,0.0527,LSQ14gfb,
D:\Thesis\pd\CSPAll\LSQ14gfn_B_comb_dup.fits,LSQ14gfn,B,duPont,0.1217,LSQ14gfn,
D:\Thesis\pd\CSPAll\LSQ14gfn_V_comb_dup.fits,LSQ14gfn,V,duPont,0.1217,LSQ14gfn,
D:\Thesis\pd\CSPAll\LSQ14gfn_V_comb_swo.fits,LSQ14gfn,V,Swope,0.1217,LSQ14gfn,
D:\Thesis\pd\CSPAll\LSQ14ghv_B_comb_dup.fits,LSQ14ghv,B,duPont,,,
D:\Thesis\pd\CSPAll\LSQ14ghv_V_comb_dup.fits,LSQ14ghv,V,duPont,,,
D:\Thesis\pd\CSPAll\LSQ14ghv_V_comb_swo.fits,LSQ14ghv,V,Swope,,,
D:\Thesis\pd\CSPAll\LSQ14gov_B_comb_dup.fits,LSQ14gov,B,duPont,0.0896,LSQ14gov,
D:\Thesis\pd\CSPAll\LSQ14gov_V_comb_dup.fits,LSQ14gov,V,duPont,0.0896,LSQ14gov,
D:\Thesis\pd\CSPAll\LSQ14ie_B_comb_dup.fits,LSQ14ie,B,duPont,0.08954,LSQ14ie,
D:\Thesis\pd\CSPAll\LSQ14ie_V_comb_dup.fits,LSQ14ie,V,duPont,0.08954,LSQ14ie,
D:\Thesis\pd\CSPAll\LSQ14ip_B_comb_dup.fits,LSQ14ip,B,duPont,0.0613,LSQ14ip,
D:\Thesis\pd\CSPAll\LSQ14ip_V_comb_dup.fits,LSQ14ip,V,duPont,0.0613,LSQ14ip,
D:\Thesis\pd\CSPAll\LSQ14jp_B_comb_dup.fits,LSQ14jp,B,duPont,0.0454,LSQ14jp,
D:\Thesis\pd\CSPAll\LSQ14jp_V_comb_dup.fits,LSQ14jp,V,duPont,0.0454,LSQ14jp,
D:\Thesis\pd\CSPAll\LSQ14mc_B_comb_dup.fits,LSQ14mc,B,duPont,0.05662,LSQ14mc,
D:\Thesis\pd\CSPAll\LSQ14mc_V_comb_dup.fits,LSQ14mc,V,duPont,0.05662,LSQ14mc,
D:\Thesis\pd\CSPAll\LSQ14q_B_comb_dup.fits,LSQ14q,B,duPont,0.06695,LSQ14q,
D:\Thesis\pd\CSPAll\LSQ14q_V_comb_dup.fits,LSQ14q,V,duPont,0.06695,LSQ14q,
D:\Thesis\pd\CSPAll\LSQ14wp_B_comb_dup.fits,LSQ14wp,B,duPont,0.06945,LSQ14wp,
D:\Thesis\pd\CSPAll\LSQ14wp_V_comb_dup.fits,LSQ14wp,V,duPont,0.06945,LSQ14wp,
D:\Thesis\pd\CSPAll\LSQ14wp_V_comb_swo.fits,LSQ14wp,V,Swope,0.06945,LSQ14wp,
D:\Thesis\pd\CSPAll\LSQ14xi_B_comb_dup.fits,LSQ14xi,B,duPont,0.0508,LSQ14xi,
D:\Thesis\pd\CSPAll\LSQ14xi_V_comb_dup.fits,LSQ14xi,V,duPont,0.0508,LSQ14xi,
D:\Thesis\pd\CSPAll\LSQ15aae_B_comb_dup.fits,LSQ15aae,B,duPont,0.0516,LSQ15aae,
D:\Thesis\pd\CSPAll\LSQ15aae_V_comb_dup.fits,LSQ15aae,V,duPont,0.0516,LSQ15aae,
D:\Thesis\pd\CSPAll\LSQ15agh_B_comb_dup.fits,LSQ15agh,B,duPont,0.0603,LSQ15agh,
D:\Thesis\pd\CSPAll\LSQ15agh_V_comb_dup.fits,LSQ15agh,V,duPont,0.0603,LSQ15agh,
D:\Thesis\pd\CSPAll\LSQ15aja_B_comb_dup.fits,LSQ15aja,B,duPont,0.07,LSQ15aja,
D:\Thesis\pd\CSPAll\LSQ15aja_V_comb_dup.fits,LSQ15aja,V,duPont,0.07,LSQ15aja,
D:\Thesis\pd\CSPAll\LSQ15aja_V_comb_swo.fits,LSQ15aja,V,Swope,0.07,LSQ15aja,
D:\Thesis\pd\CSPAll\LSQ15alq_B_comb_dup.fits,LSQ15alq,B,duPont,0.0471,LSQ15alq,
D:\Thesis\pd\CSPAll\LSQ15alq_V_comb_dup.fits,LSQ15alq,V,duPont,0.0471,LSQ15alq,
D:\Thesis\pd\CSPAll\LSQ15alq_V_comb_swo.fits,LSQ15alq,V,Swope,0.0471,LSQ15alq,
D:\Thesis\pd\CSPAll\LSQ15bv_B_comb_dup.fits,LSQ15bv,B,duPont,0.0689,LSQ15bv,
D:\Thesis\pd\CSPAll\LSQ15bv_V_comb_dup.fits,LSQ15bv,V,duPont,0.0689,LSQ15bv,
D:\Thesis\pd\CSPAll\LSQ15bv_V_comb_swo.fits,LSQ15bv,V,Swope,0.0689,LSQ15bv,
D:\Thesis\pd\CSPAll\PS1-14xw_V_comb_swo.fits,PS1-14xw,V,Swope,0.024,PS1-14xw,
D:\Thesis\pd\CSPAll\PS15sv_B_comb_dup.fits,PS15sv,B,duPont,0.0333,PS15sv,
D:\Thesis\pd\CSPAll\PS15sv_V_comb_dup.fits,PS15sv,V,duPont,0.0333,PS15sv,
D:\Thesis\pd\CSPAll\PS15sv_V_comb_swo.fits,PS15sv,V,Swope,0.0333,PS15sv,
D:\Thesis\pd\CSPAll\PTF11pbp_B_comb_dup.fits,PTF11pbp,B,duPont,,,
D:\Thesis\pd\CSPAll\PTF11pbp_V_comb_dup.fits,PTF11pbp,V,duPont,,,
D:\Thesis\pd\CSPAll\PTF11pbp_V_comb_swo.fits,PTF11pbp,V,Swope,,,
D:\Thesis\pd\CSPAll\PTF11ppn_B_comb_dup.fits,PTF11ppn,B,duPont,,,
D:\Thesis\pd\CSPAll\PTF11ppn_V_comb_dup.fits,PTF11ppn,V,duPont,,,
D:\Thesis\pd\CSPAll\PTF11ppn_V_comb_swo.fits,PTF11ppn,V,Swope,,,
D:\Thesis\pd\CSPAll\PTF11pra_B_comb_dup.fits,PTF11pra,B,duPont,,,
D:\Thesis\pd\CSPAll\PTF11pra_V_comb_dup.fits,PTF11pra,V,duPont,,,
D:\Thesis\pd\CSPAll\PTF11pra_V_comb_swo.fits,PTF11pra,V,Swope,,,
D:\Thesis\pd\CSPAll\PTF13anh_B_comb_dup.fits,PTF13anh,B,duPont,,,
D:\Thesis\pd\CSPAll\PTF13anh_V_comb_dup.fits,PTF13anh,V,duPont,,,
D:\Thesis\pd\CSPAll\PTF13duj_B_comb_dup.fits,PTF13duj,B,duPont,,,
D:\Thesis\pd\CSPAll\PTF13duj_V_comb_dup.fits,PTF13duj,V,duPont,,,
D:\Thesis\pd\CSPAll\PTF13duj_V_comb_swo.fits,PTF13duj,V,Swope,,,
D:\Thesis\pd\CSPAll\PTF13dwl_B_comb_dup.fits,PTF13dwl,B,duPont,,,
D:\Thesis\pd\CSPAll\PTF13dwl_V_comb_dup.fits,PTF13dwl,V,duPont,,,
D:\Thesis\pd\CSPAll\PTF13dym_B_comb_dup.fits,PTF13dym,B,duPont,,,
D:\Thesis\pd\CSPAll\PTF13dym_V_comb_dup.fits,PTF13dym,V,duPont,,,
D:\Thesis\pd\CSPAll\PTF13ebh_B_comb_dup.fits,PTF13ebh,B,duPont,,,
D:\Thesis\pd\CSPAll\PTF13ebh_V_comb_dup.fits,PTF13ebh,V,duPont,,,
D:\Thesis\pd\CSPAll\PTF13ebh_V_comb_swo.fits,PTF13ebh,V,Swope,,,
D:\Thesis\pd\CSPAll\PTF13efe_B_comb_dup.fits,PTF13efe,B,duPont,,,
D:\Thesis\pd\CSPAll\PTF13efe_V_comb_dup.fits,PTF13efe,V,duPont,,,
D:\Thesis\pd\CSPAll\PTF13efe_V_comb_swo.fits,PTF13efe,V,Swope,,,
D:\Thesis\pd\CSPAll\PTF13ez_B_comb_dup.fits,PTF13ez,B,duPont,,,
D:\Thesis\pd\CSPAll\PTF13ez_V_comb_dup.fits,PTF13ez,V,duPont,,,
D:\Thesis\pd\CSPAll\PTF14aje_B_comb_dup.fits,PTF14aje,B,duPont,,,
D:\Thesis\pd\CSPAll\PTF14aje_V_comb_dup.fits,PTF14aje,V,duPont,,,
D:\Thesis\pd\CSPAll\PTF14fpg_B_comb_dup.fits,PTF14fpg,B,duPont,,,
D:\Thesis\pd\CSPAll\PTF14fpg_V_comb_dup.fits,PTF14fpg,V,duPont,,,
D:\Thesis\pd\CSPAll\PTF14fpg_V_comb_swo.fits,PTF14fpg,V,Swope,,,
D:\Thesis\pd\CSPAll\PTF14gnl_B_comb_dup.fits,PTF14gnl,B,duPont,,,
D:\Thesis\pd\CSPAll\PTF14gnl_V_comb_dup.fits,PTF14gnl,V,duPont,,,
D:\Thesis\pd\CSPAll\PTF14uo_B_comb_dup.fits,PTF14uo,B,duPont,,,
D:\Thesis\pd\CSPAll\PTF14uo_V_comb_dup.fits,PTF14uo,V,duPont,,,
D:\Thesis\pd\CSPAll\PTF14w_B_comb_dup.fits,PTF14w,B,duPont,,,
D:\Thesis\pd\CSPAll\PTF14w_V_comb_dup.fits,PTF14w,V,duPont,,,
D:\Thesis\pd\CSPAll\PTF14w_V_comb_swo.fits,PTF14w,V,Swope,,,
D:\Thesis\pd\CSPAll\PTF14yy_B_comb_dup.fits,PTF14yy,B,duPont,,,
D:\Thesis\pd\CSPAll\PTF14yy_V_comb_dup.fits,PTF14yy,V,duPont,,,
D:\Thesis\pd\CSPAll\SN04dt_B_comb_dup.fits,SN04dt,B,duPont,0.02,SN2004dt,
D:\Thesis\pd\CSPAll\SN04dt_V_comb_dup.fits,SN04dt,V,duPont,0.02,SN2004dt,
D:\Thesis\pd\CSPAll\SN04ef_B_comb_dup.fits,SN04ef,B,duPont,0.031,SN2004ef,
D:\Thesis\pd\CSPAll\SN04ef_V_comb_dup.fits,SN04ef,V,duPont,0.031,SN2004ef,
D:\Thesis\pd\CSPAll\SN04eo_B_comb_dup.fits,SN04eo,B,duPont,0.016,SN2004eo,
D:\Thesis\pd\CSPAll\SN04eo_V_comb_dup.fits,SN04eo,V,duPont,0.016,SN2004eo,
D:\Thesis\pd\CSPAll\SN04ey_B_comb_dup.fits,SN04ey,B,duPont,0.016,SN2004ey,
D:\Thesis\pd\CSPAll\SN04ey_V_comb_dup.fits,SN04ey,V,duPont,0.016,SN2004ey,
D:\Thesis\pd\CSPAll\SN04gs_B_comb_dup.fits,SN04gs,B,duPont,0.027,SN2004gs,
D:\Thesis\pd\CSPAll\SN04gs_V_comb_dup.fits,SN04gs,V,duPont,0.027,SN2004gs,
D:\Thesis\pd\CSPAll\SN04gu_B_comb_dup.fits,SN04gu,B,duPont,0.046,SN2004gu,
D:\Thesis\pd\CSPAll\SN04gu_V_comb_dup.fits,SN04gu,V,duPont,0.046,SN2004gu,
D:\Thesis\pd\CSPAll\SN05A_B_comb_dup.fits,SN05A,B,duPont,0.019,SN2005A,
D:\Thesis\pd\CSPAll\SN05A_V_comb_dup.fits,SN05A,V,duPont,0.019,SN2005A,
D:\Thesis\pd\CSPAll\SN05ag_B_comb_dup.fits,SN05ag,B,duPont,0.08,SN2005ag,
D:\Thesis\pd\CSPAll\SN05ag_V_comb_dup.fits,SN05ag,V,duPont,0.08,SN2005ag,
D:\Thesis\pd\CSPAll\SN05al_B_comb_dup.fits,SN05al,B,duPont,0.012,SN2005al,
D:\Thesis\pd\CSPAll\SN05al_V_comb_dup.fits,SN05al,V,duPont,0.012,SN2005al,
D:\Thesis\pd\CSPAll\SN05am_B_comb_dup.fits,SN05am,B,duPont,0.008,SN2005am,
D:\Thesis\pd\CSPAll\SN05am_V_comb_dup.fits,SN05am,V,duPont,0.008,SN2005am,
D:\Thesis\pd\CSPAll\SN05be_B_comb_dup.fits,SN05be,B,duPont,0.034,SN2005be,
D:\Thesis\pd\CSPAll\SN05be_V_comb_dup.fits,SN05be,V,duPont,0.034,SN2005be,
D:\Thesis\pd\CSPAll\SN05bg_B_comb_dup.fits,SN05bg,B,duPont,0.023,SN2005bg,
D:\Thesis\pd\CSPAll\SN05bg_V_comb_dup.fits,SN05bg,V,duPont,0.023,SN2005bg,
D:\Thesis\pd\CSPAll\SN05bl_B_comb_dup.fits,SN05bl,B,duPont,0.024,SN2005bl,
D:\Thesis\pd\CSPAll\SN05bl_V_comb_dup.fits,SN05bl,V,duPont,0.024,SN2005bl,
D:\Thesis\pd\CSPAll\SN05bo_B_comb_dup.fits,SN05bo,B,duPont,0.014,SN2005bo,
D:\Thesis\pd\CSPAll\SN05bo_V_comb_dup.fits,SN05bo,V,duPont,0.014,SN2005bo,
D:\Thesis\pd\CSPAll\SN05el_B_comb_dup.fits,SN05el,B,duPont,0.015,SN2005el,
D:\Thesis\pd\CSPAll\SN05el_V_comb_dup.fits,SN05el,V,duPont,0.015,SN2005el,
D:\Thesis\pd\CSPAll\SN05eq_B_comb_dup.fits,SN05eq,B,duPont,0.029,SN2005eq,
D:\Thesis\pd\CSPAll\SN05eq_V_comb_dup.fits,SN05eq,V,duPont,0.029,SN2005eq,
D:\Thesis\pd\CSPAll\SN05gj_r_comb_dup.fits,SN05gj,R,duPont,0.062,SN2005gj,
D:\Thesis\pd\CSPAll\SN05gj_V_comb_dup.fits,SN05gj,V,duPont,0.062,SN2005gj,
D:\Thesis\pd\CSPAll\SN05hc_B_comb_dup.fits,SN05hc,B,duPont,0.046,SN2005hc,
D:\Thesis\pd\CSPAll\SN05hc_V_comb_dup.fits,SN05hc,V,duPont,0.046,SN2005hc,
D:\Thesis\pd\CSPAll\SN05hj_B_comb_dup.fits,SN05hj,B,duPont,0.0574,SN2005hj,
D:\Thesis\pd\CSPAll\SN05hj_V_comb_dup.fits,SN05hj,V,duPont,0.0574,SN2005hj,
D:\Thesis\pd\CSPAll\SN05hk_B_comb_dup.fits,SN05hk,B,duPont,0.013,SN2005hk,
D:\Thesis\pd\CSPAll\SN05hk_V_comb_dup.fits,SN05hk,V,duPont,0.013,SN2005hk,
D:\Thesis\pd\CSPAll\SN05iq_B_comb_dup.fits,SN05iq,B,duPont,0.034,SN2005iq,
D:\Thesis\pd\CSPAll\SN05iq_V_comb_dup.fits,SN05iq,V,duPont,0.034,SN2005iq,
D:\Thesis\pd\CSPAll\SN05ir_B_comb_dup.fits,SN05ir,B,duPont,0.0764,SN2005ir,
D:\Thesis\pd\CSPAll\SN05ir_V_comb_dup.fits,SN05ir,V,duPont,0.0764,SN2005ir,
D:\Thesis\pd\CSPAll\SN05kc_B_comb_dup.fits,SN05kc,B,duPont,0.015,SN2005kc,
D:\Thesis\pd\CSPAll\SN05kc_V_comb_dup.fits,SN05kc,V,duPont,0.015,SN2005kc,
D:\Thesis\pd\CSPAll\SN05ke_V_comb_swo.fits,SN05ke,V,Swope,0.005,SN2005ke,
D:\Thesis\pd\CSPAll\SN05ki_V_comb_swo.fits,SN05ki,V,Swope,0.019,SN2005ki,
D:\Thesis\pd\CSPAll\SN05ku_V_comb_swo.fits,SN05ku,V,Swope,0.04541,SN2005ku,
D:\Thesis\pd\CSPAll\SN05lu_B_comb_dup.fits,SN05lu,B,duPont,0.032,SN2005lu,
D:\Thesis\pd\CSPAll\SN05lu_V_comb_dup.fits,SN05lu,V,duPont,0.032,SN2005lu,
D:\Thesis\pd\CSPAll\SN05M_B_comb_dup.fits,SN05M,B,duPont,0.025,SN2005M,
D:\Thesis\pd\CSPAll\SN05M_V_comb_dup.fits,SN05M,V,duPont,0.025,SN2005M,
D:\Thesis\pd\CSPAll\SN05mc_V_comb_swo.fits,SN05mc,V,Swope,0.025,SN2005mc,
D:\Thesis\pd\CSPAll\SN05na_V_comb_swo.fits,SN05na,V,Swope,0.026,SN2005na,
D:\Thesis\pd\CSPAll\SN05W_B_comb_dup.fits,SN05W,B,duPont,0.009,SN2005W,
D:\Thesis\pd\CSPAll\SN05W_V_comb_dup.fits,SN05W,V,duPont,0.009,SN2005W,
D:\Thesis\pd\CSPAll\SN06ax_B_comb_dup.fits,SN06ax,B,duPont,0.017,SN2006ax,
D:\Thesis\pd\CSPAll\SN06ax_V_comb_dup.fits,SN06ax,V,duPont,0.017,SN2006ax,
D:\Thesis\pd\CSPAll\SN06bd_B_comb_dup.fits,SN06bd,B,duPont,0.026,SN2006bd,
D:\Thesis\pd\CSPAll\SN06bd_V_comb_dup.fits,SN06bd,V,duPont,0.026,SN2006bd,
D:\Thesis\pd\CSPAll\SN06bh_V_comb_swo.fits,SN06bh,V,Swope,0.011,SN2006bh,
D:\Thesis\pd\CSPAll\SN06br_B_comb_dup.fits,SN06br,B,duPont,0.025,SN2006br,
D:\Thesis\pd\CSPAll\SN06bt_V_comb_swo.fits,SN06bt,V,Swope,0.032,SN2006bt,
D:\Thesis\pd\CSPAll\SN06D_B_comb_dup.fits,SN06D,B,duPont,0.009,SN2006D,
D:\Thesis\pd\CSPAll\SN06D_V_comb_dup.fits,SN06D,V,duPont,0.009,SN2006D,
D:\Thesis\pd\CSPAll\SN06dd_V_comb_swo.fits,SN06dd,V,Swope,0.006,SN2006dd,
D:\Thesis\pd\CSPAll\SN06ef_B_comb_dup.fits,SN06ef,B,duPont,0.018,SN2006ef,
D:\Thesis\pd\CSPAll\SN06ef_V_comb_dup.fits,SN06ef,V,duPont,0.018,SN2006ef,
D:\Thesis\pd\CSPAll\SN06ej_B_comb_dup.fits,SN06ej,B,duPont,0.02,SN2006ej,
D:\Thesis\pd\CSPAll\SN06ej_V_comb_dup.fits,SN06ej,V,duPont,0.02,SN2006ej,
D:\Thesis\pd\CSPAll\SN06eq_V_comb_swo.fits,SN06eq,V,Swope,0.05,SN2006eq,
D:\Thesis\pd\CSPAll\SN06et_B_comb_dup.fits,SN06et,B,duPont,0.023,SN2006et,
D:\Thesis\pd\CSPAll\SN06et_V_comb_dup.fits,SN06et,V,duPont,0.023,SN2006et,
D:\Thesis\pd\CSPAll\SN06ev_V_comb_swo.fits,SN06ev,V,Swope,0.029,SN2006ev,
D:\Thesis\pd\CSPAll\SN06fw_B_comb_dup.fits,SN06fw,B,duPont,0.0835,SN2006fw,
D:\Thesis\pd\CSPAll\SN06fw_V_comb_dup.fits,SN06fw,V,duPont,0.0835,SN2006fw,
D:\Thesis\pd\CSPAll\SN06gj_V_comb_swo.fits,SN06gj,V,Swope,0.028,SN2006gj,
D:\Thesis\pd\CSPAll\SN06gt_V_comb_swo.fits,SN06gt,V,Swope,0.045,SN2006gt,
D:\Thesis\pd\CSPAll\SN06hb_V_comb_swo.fits,SN06hb,V,Swope,0.015,SN2006hb,
D:\Thesis\pd\CSPAll\SN06hx_B_comb_dup.fits,SN06hx,B,duPont,0.045,SN2006hx,
D:\Thesis\pd\CSPAll\SN06hx_V_comb_dup.fits,SN06hx,V,duPont,0.045,SN2006hx,
D:\Thesis\pd\CSPAll\SN06is_V_comb_swo.fits,SN06is,V,Swope,0.031,SN2006is,
D:\Thesis\pd\CSPAll\SN06kf_B_comb_dup.fits,SN06kf,B,duPont,0.021,SN2006kf,
D:\Thesis\pd\CSPAll\SN06kf_V_comb_dup.fits,SN06kf,V,duPont,0.021,SN2006kf,
D:\Thesis\pd\CSPAll\SN06lu_B_comb_dup.fits,SN06lu,B,duPont,0.068,SN2006lu,
D:\Thesis\pd\CSPAll\SN06lu_V_comb_dup.fits,SN06lu,V,duPont,0.068,SN2006lu,
D:\Thesis\pd\CSPAll\SN06ob_V_comb_swo.fits,SN06ob,V,Swope,0.059,SN2006ob,
D:\Thesis\pd\CSPAll\SN06os_B_comb_dup.fits,SN06os,B,duPont,0.033,SN2006os,
D:\Thesis\pd\CSPAll\SN06os_V_comb_dup.fits,SN06os,V,duPont,0.033,SN2006os,
D:\Thesis\pd\CSPAll\SN06ot_B_comb_dup.fits,SN06ot,B,duPont,0.053,SN2006ot,
D:\Thesis\pd\CSPAll\SN06ot_V_comb_dup.fits,SN06ot,V,duPont,0.053,SN2006ot,
D:\Thesis\pd\CSPAll\SN06py_V_comb_swo.fits,SN06py,V,Swope,0.058,SN2006py,
D:\Thesis\pd\CSPAll\SN07af_B_comb_dup.fits,SN07af,B,duPont,0.005,SN2007af,
D:\Thesis\pd\CSPAll\SN07af_V_comb_dup.fits,SN07af,V,duPont,0.005,SN2007af,
D:\Thesis\pd\CSPAll\SN07ai_V_comb_swo.fits,SN07ai,V,Swope,0.032,SN2007ai,
D:\Thesis\pd\CSPAll\SN07al_B_comb_dup.fits,SN07al,B,duPont,0.012,SN2007al,
D:\Thesis\pd\CSPAll\SN07al_V_comb_dup.fits,SN07al,V,duPont,0.012,SN2007al,
D:\Thesis\pd\CSPAll\SN07as_B_comb_dup.fits,SN07as,B,duPont,0.018,SN2007as,
D:\Thesis\pd\CSPAll\SN07as_V_comb_dup.fits,SN07as,V,duPont,0.018,SN2007as,
D:\Thesis\pd\CSPAll\SN07ax_V_comb_swo.fits,SN07ax,V,Swope,0.007,SN2007ax,
D:\Thesis\pd\CSPAll\SN07ba_B_comb_dup.fits,SN07ba,B,duPont,0.039,SN2007ba,
D:\Thesis\pd\CSPAll\SN07ba_V_comb_dup.fits,SN07ba,V,duPont,0.039,SN2007ba,
D:\Thesis\pd\CSPAll\SN07bc_B_comb_dup.fits,SN07bc,B,duPont,0.021,SN2007bc,
D:\Thesis\pd\CSPAll\SN07bc_V_comb_dup.fits,SN07bc,V,duPont,0.021,SN2007bc,
D:\Thesis\pd\CSPAll\SN07bd_B_comb_dup.fits,SN07bd,B,duPont,0.031,SN2007bd,
D:\Thesis\pd\CSPAll\SN07bd_V_comb_dup.fits,SN07bd,V,duPont,0.031,SN2007bd,
D:\Thesis\pd\CSPAll\SN07bm_B_comb_dup.fits,SN07bm,B,duPont,0.006,SN2007bm,
D:\Thesis\pd\CSPAll\SN07bm_V_comb_dup.fits,SN07bm,V,duPont,0.006,SN2007bm,
D:\Thesis\pd\CSPAll\SN07ca_B_comb_dup.fits,SN07ca,B,duPont,0.014,SN2007ca,
D:\Thesis\pd\CSPAll\SN07ca_V_comb_dup.fits,SN07ca,V,duPont,0.014,SN2007ca,
D:\Thesis\pd\CSPAll\SN07cg_B_comb_dup.fits,SN07cg,B,duPont,0.033,SN2007cg,
D:\Thesis\pd\CSPAll\SN07cg_V_comb_dup.fits,SN07cg,V,duPont,0.033,SN2007cg,
D:\Thesis\pd\CSPAll\SN07hj_B_comb_dup.fits,SN07hj,B,duPont,0.014,SN2007hj,
D:\Thesis\pd\CSPAll\SN07hj_V_comb_dup.fits,SN07hj,V,duPont,0.014,SN2007hj,
D:\Thesis\pd\CSPAll\SN07hx_B_comb_dup.fits,SN07hx,B,duPont,0.0798,SN2007hx,
D:\Thesis\pd\CSPAll\SN07hx_V_comb_dup.fits,SN07hx,V,duPont,0.0798,SN2007hx,
D:\Thesis\pd\CSPAll\SN07jd_B_comb_dup.fits,SN07jd,B,duPont,0.0727,SN2007jd,
D:\Thesis\pd\CSPAll\SN07jd_V_comb_dup.fits,SN07jd,V,duPont,0.0727,SN2007jd,
D:\Thesis\pd\CSPAll\SN07jg_B_comb_dup.fits,SN07jg,B,duPont,0.037,SN2007jg,
D:\Thesis\pd\CSPAll\SN07jg_V_comb_dup.fits,SN07jg,V,duPont,0.037,SN2007jg,
D:\Thesis\pd\CSPAll\SN07jh_B_comb_dup.fits,SN07jh,B,duPont,0.04077,SN2007jh,
D:\Thesis\pd\CSPAll\SN07jh_V_comb_dup.fits,SN07jh,V,duPont,0.04077,SN2007jh,
D:\Thesis\pd\CSPAll\SN07le_B_comb_dup.fits,SN07le,B,duPont,0.007,SN2007le,
D:\Thesis\pd\CSPAll\SN07le_V_comb_dup.fits,SN07le,V,duPont,0.007,SN2007le,
D:\Thesis\pd\CSPAll\SN07N_B_comb_dup.fits,SN07N,B,duPont,0.013,SN2007N,
D:\Thesis\pd\CSPAll\SN07N_V_comb_dup.fits,SN07N,V,duPont,0.013,SN2007N,
D:\Thesis\pd\CSPAll\SN07nq_B_comb_dup.fits,SN07nq,B,duPont,0.045,SN2007nq,
D:\Thesis\pd\CSPAll\SN07nq_V_comb_dup.fits,SN07nq,V,duPont,0.045,SN2007nq,
D:\Thesis\pd\CSPAll\SN07ol_B_comb_dup.fits,SN07ol,B,duPont,0.056,SN2007ol,
D:\Thesis\pd\CSPAll\SN07ol_V_comb_dup.fits,SN07ol,V,duPont,0.056,SN2007ol,
D:\Thesis\pd\CSPAll\SN07on_B_comb_dup.fits,SN07on,B,duPont,0.006,SN2007on,
D:\Thesis\pd\CSPAll\SN07on_V_comb_dup.fits,SN07on,V,duPont,0.006,SN2007on,
D:\Thesis\pd\CSPAll\SN07S_B_comb_dup.fits,SN07S,B,duPont,0.014,SN2007S,
D:\Thesis\pd\CSPAll\SN07S_V_comb_dup.fits,SN07S,V,duPont,0.014,SN2007S,
D:\Thesis\pd\CSPAll\SN07so_B_comb_dup.fits,SN07so,B,duPont,0.03,SN2007so,
D:\Thesis\pd\CSPAll\SN07so_V_comb_dup.fits,SN07so,V,duPont,0.03,SN2007so,
D:\Thesis\pd\CSPAll\SN07st_B_comb_dup.fits,SN07st,B,duPont,0.021,SN2007st,
D:\Thesis\pd\CSPAll\SN07st_V_comb_dup.fits,SN07st,V,duPont,0.021,SN2007st,
D:\Thesis\pd\CSPAll\SN07ux_B_comb_dup.fits,SN07ux,B,duPont,0.031,SN2007ux,
D:\Thesis\pd\CSPAll\SN07ux_V_comb_dup.fits,SN07ux,V,duPont,0.031,SN2007ux,
D:\Thesis\pd\CSPAll\SN08ae_B_comb_dup.fits,SN08ae,B,duPont,0.03,SN2008ae,
D:\Thesis\pd\CSPAll\SN08ae_V_comb_dup.fits,SN08ae,V,duPont,0.03,SN2008ae,
D:\Thesis\pd\CSPAll\SN08ar_B_comb_dup.fits,SN08ar,B,duPont,0.026,SN2008ar,
D:\Thesis\pd\CSPAll\SN08ar_V_comb_dup.fits,SN08ar,V,duPont,0.026,SN2008ar,
D:\Thesis\pd\CSPAll\SN08bc_B_comb_dup.fits,SN08bc,B,duPont,0.015,SN2008bc,
D:\Thesis\pd\CSPAll\SN08bc_V_comb_dup.fits,SN08bc,V,duPont,0.015,SN2008bc,
D:\Thesis\pd\CSPAll\SN08bd_B_comb_dup.fits,SN08bd,B,duPont,0.03,SN2008bd,
D:\Thesis\pd\CSPAll\SN08bd_V_comb_dup.fits,SN08bd,V,duPont,0.03,SN2008bd,
D:\Thesis\pd\CSPAll\SN08bi_B_comb_dup.fits,SN08bi,B,duPont,0.013,SN2008bi,
D:\Thesis\pd\CSPAll\SN08bi_V_comb_dup.fits,SN08bi,V,duPont,0.013,SN2008bi,
D:\Thesis\pd\CSPAll\SN08bq_B_comb_dup.fits,SN08bq,B,duPont,0.034,SN2008bq,
D:\Thesis\pd\CSPAll\SN08bq_V_comb_dup.fits,SN08bq,V,duPont,0.034,SN2008bq,
D:\Thesis\pd\CSPAll\SN08bt_B_comb_dup.fits,SN08bt,B,duPont,0.015,SN2008bt,
D:\Thesis\pd\CSPAll\SN08bt_V_comb_dup.fits,SN08bt,V,duPont,0.015,SN2008bt,
D:\Thesis\pd\CSPAll\SN08bz_B_comb_dup.fits,SN08bz,B,duPont,0.06,SN2008bz,
D:\Thesis\pd\CSPAll\SN08bz_V_comb_dup.fits,SN08bz,V,duPont,0.06,SN2008bz,
D:\Thesis\pd\CSPAll\SN08C_B_comb_dup.fits,SN08C,B,duPont,0.017,SN2008C,
D:\Thesis\pd\CSPAll\SN08C_V_comb_dup.fits,SN08C,V,duPont,0.017,SN2008C,
D:\Thesis\pd\CSPAll\SN08cc_B_comb_dup.fits,SN08cc,B,duPont,0.0104,SN2008cc,
D:\Thesis\pd\CSPAll\SN08cc_V_comb_dup.fits,SN08cc,V,duPont,0.0104,SN2008cc,
D:\Thesis\pd\CSPAll\SN08cd_B_comb_dup.fits,SN08cd,B,duPont,0.007,SN2008cd,
D:\Thesis\pd\CSPAll\SN08cd_V_comb_dup.fits,SN08cd,V,duPont,0.007,SN2008cd,
D:\Thesis\pd\CSPAll\SN08cf_B_comb_dup.fits,SN08cf,B,duPont,0.046,SN2008cf,
D:\Thesis\pd\CSPAll\SN08cf_V_comb_dup.fits,SN08cf,V,duPont,0.046,SN2008cf,
D:\Thesis\pd\CSPAll\SN08fl_B_comb_dup.fits,SN08fl,B,duPont,0.02,SN2008fl,
D:\Thesis\pd\CSPAll\SN08fl_V_comb_dup.fits,SN08fl,V,duPont,0.02,SN2008fl,
D:\Thesis\pd\CSPAll\SN08fp_B_comb_dup.fits,SN08fp,B,duPont,0.006,SN2008fp,
D:\Thesis\pd\CSPAll\SN08fp_V_comb_dup.fits,SN08fp,V,duPont,0.006,SN2008fp,
D:\Thesis\pd\CSPAll\SN08fr_B_comb_dup.fits,SN08fr,B,duPont,0.048,SN2008fr,
D:\Thesis\pd\CSPAll\SN08fr_V_comb_dup.fits,SN08fr,V,duPont,0.048,SN2008fr,
D:\Thesis\pd\CSPAll\SN08fu_B_comb_dup.fits,SN08fu,B,duPont,0.052,SN2008fu,
D:\Thesis\pd\CSPAll\SN08fu_V_comb_dup.fits,SN08fu,V,duPont,0.052,SN2008fu,
D:\Thesis\pd\CSPAll\SN08fw_B_comb_dup.fits,SN08fw,B,duPont,0.009,SN2008fw,
D:\Thesis\pd\CSPAll\SN08fw_V_comb_dup.fits,SN08fw,V,duPont,0.009,SN2008fw,
D:\Thesis\pd\CSPAll\SN08gg_B_comb_dup.fits,SN08gg,B,duPont,0.032,SN2008gg,
D:\Thesis\pd\CSPAll\SN08gg_V_comb_dup.fits,SN08gg,V,duPont,0.032,SN2008gg,
D:\Thesis\pd\CSPAll\SN08gl_B_comb_dup.fits,SN08gl,B,duPont,0.034,SN2008gl,
D:\Thesis\pd\CSPAll\SN08gl_V_comb_dup.fits,SN08gl,V,duPont,0.034,SN2008gl,
D:\Thesis\pd\CSPAll\SN08go_B_comb_dup.fits,SN08go,B,duPont,0.062,SN2008go,
D:\Thesis\pd\CSPAll\SN08go_V_comb_dup.fits,SN08go,V,duPont,0.062,SN2008go,
D:\Thesis\pd\CSPAll\SN08gp_B_comb_dup.fits,SN08gp,B,duPont,0.033,SN2008gp,
D:\Thesis\pd\CSPAll\SN08gp_V_comb_dup.fits,SN08gp,V,duPont,0.033,SN2008gp,
D:\Thesis\pd\CSPAll\SN08ha_V_comb_swo.fits,SN08ha,V,Swope,0.005,SN2008ha,
D:\Thesis\pd\CSPAll\SN08hj_B_comb_dup.fits,SN08hj,B,duPont,0.038,SN2008hj,
D:\Thesis\pd\CSPAll\SN08hj_V_comb_dup.fits,SN08hj,V,duPont,0.038,SN2008hj,
D:\Thesis\pd\CSPAll\SN08hu_B_comb_dup.fits,SN08hu,B,duPont,0.05,SN2008hu,
D:\Thesis\pd\CSPAll\SN08hu_V_comb_dup.fits,SN08hu,V,duPont,0.05,SN2008hu,
D:\Thesis\pd\CSPAll\SN08hv_V_comb_dup.fits,SN08hv,V,duPont,0.013,SN2008hv,
D:\Thesis\pd\CSPAll\SN08ia_B_comb_dup.fits,SN08ia,B,duPont,0.022,SN2008ia,
D:\Thesis\pd\CSPAll\SN08ia_V_comb_dup.fits,SN08ia,V,duPont,0.022,SN2008ia,
D:\Thesis\pd\CSPAll\SN08J_B_comb_dup.fits,SN08J,B,duPont,0.016,SN2008J,
D:\Thesis\pd\CSPAll\SN08J_V_comb_dup.fits,SN08J,V,duPont,0.016,SN2008J,
D:\Thesis\pd\CSPAll\SN08O_B_comb_dup.fits,SN08O,B,duPont,0.0389,SN2008O,
D:\Thesis\pd\CSPAll\SN08O_V_comb_dup.fits,SN08O,V,duPont,0.0389,SN2008O,
D:\Thesis\pd\CSPAll\SN08R_B_comb_dup.fits,SN08R,B,duPont,0.013,SN2008R,
D:\Thesis\pd\CSPAll\SN08R_V_comb_dup.fits,SN08R,V,duPont,0.013,SN2008R,
D:\Thesis\pd\CSPAll\SN09aa_V_comb_swo.fits,SN09aa,V,Swope,0.027,SN2009aa,
D:\Thesis\pd\CSPAll\SN09ab_B_comb_dup.fits,SN09ab,B,duPont,0.011,SN2009ab,
D:\Thesis\pd\CSPAll\SN09ab_V_comb_dup.fits,SN09ab,V,duPont,0.011,SN2009ab,
D:\Thesis\pd\CSPAll\SN09ad_B_comb_dup.fits,SN09ad,B,duPont,0.028,SN2009ad,
D:\Thesis\pd\CSPAll\SN09ad_V_comb_dup.fits,SN09ad,V,duPont,0.028,SN2009ad,
D:\Thesis\pd\CSPAll\SN09ag_B_comb_dup.fits,SN09ag,B,duPont,0.009,SN2009ag,
D:\Thesis\pd\CSPAll\SN09ag_V_comb_dup.fits,SN09ag,V,duPont,0.009,SN2009ag,
D:\Thesis\pd\CSPAll\SN09al_B_comb_dup.fits,SN09al,B,duPont,0.022,SN2009al,
D:\Thesis\pd\CSPAll\SN09al_V_comb_dup.fits,SN09al,V,duPont,0.022,SN2009al,
D:\Thesis\pd\CSPAll\SN09cz_B_comb_dup.fits,SN09cz,B,duPont,0.021,SN2009cz,
D:\Thesis\pd\CSPAll\SN09cz_V_comb_dup.fits,SN09cz,V,duPont,0.021,SN2009cz,
D:\Thesis\pd\CSPAll\SN09D_B_comb_dup.fits,SN09D,B,duPont,0.025,SN2009D,
D:\Thesis\pd\CSPAll\SN09D_V_comb_dup.fits,SN09D,V,duPont,0.025,SN2009D,
D:\Thesis\pd\CSPAll\SN09dc_B_comb_dup.fits,SN09dc,B,duPont,0.021,SN2009dc,
D:\Thesis\pd\CSPAll\SN09dc_V_comb_dup.fits,SN09dc,V,duPont,0.021,SN2009dc,
D:\Thesis\pd\CSPAll\SN09ds_B_comb_dup.fits,SN09ds,B,duPont,0.019,SN2009ds,
D:\Thesis\pd\CSPAll\SN09ds_V_comb_dup.fits,SN09ds,V,duPont,0.019,SN2009ds,
D:\Thesis\pd\CSPAll\SN09F_B_comb_dup.fits,SN09F,B,duPont,0.013,SN2009F,
D:\Thesis\pd\CSPAll\SN09F_V_comb_dup.fits,SN09F,V,duPont,0.013,SN2009F,
D:\Thesis\pd\CSPAll\SN09I_B_comb_dup.fits,SN09I,B,duPont,0.026,SN2009I,
D:\Thesis\pd\CSPAll\SN09I_V_comb_dup.fits,SN09I,V,duPont,0.026,SN2009I,
D:\Thesis\pd\CSPAll\SN09J_B_comb_dup.fits,SN09J,B,duPont,,,"SN09J: The remote service returned the following error message.
ERROR: The object name that you have submitted is not currently recognized by the NED name interpreter."
D:\Thesis\pd\CSPAll\SN09J_V_comb_dup.fits,SN09J,V,duPont,,,"SN09J: The remote service returned the following error message.
ERROR: The object name that you have submitted is not currently recognized by the NED name interpreter."
D:\Thesis\pd\CSPAll\SN09le_B_comb_dup.fits,SN09le,B,duPont,0.018,SN2009le,
D:\Thesis\pd\CSPAll\SN09le_V_comb_dup.fits,SN09le,V,duPont,0.018,SN2009le,
D:\Thesis\pd\CSPAll\SN09P_B_comb_dup.fits,SN09P,B,duPont,0.025,SN2009P,
D:\Thesis\pd\CSPAll\SN09P_V_comb_dup.fits,SN09P,V,duPont,0.025,SN2009P,
D:\Thesis\pd\CSPAll\SN09Y_B_comb_dup.fits,SN09Y,B,duPont,0.009,SN2009Y,
D:\Thesis\pd\CSPAll\SN09Y_V_comb_dup.fits,SN09Y,V,duPont,0.009,SN2009Y,
D:\Thesis\pd\CSPAll\SN10ae_B_comb_dup.fits,SN10ae,B,duPont,0.003662,SN2010ae,
D:\Thesis\pd\CSPAll\SN10ae_V_comb_dup.fits,SN10ae,V,duPont,0.003662,SN2010ae,
D:\Thesis\pd\CSPAll\SN2011im_V_comb_swo.fits,SN2011im,V,Swope,0.016228,SN2011im,
D:\Thesis\pd\CSPAll\SN2011iv_B_comb_dup.fits,SN2011iv,B,duPont,0.006,SN2011iv,
D:\Thesis\pd\CSPAll\SN2011iv_V_comb_dup.fits,SN2011iv,V,duPont,0.006,SN2011iv,
D:\Thesis\pd\CSPAll\SN2011iv_V_comb_swo.fits,SN2011iv,V,Swope,0.006,SN2011iv,
D:\Thesis\pd\CSPAll\SN2011iy_B_comb_dup.fits,SN2011iy,B,duPont,0.0043,SN2011iy,
D:\Thesis\pd\CSPAll\SN2011iy_V_comb_dup.fits,SN2011iy,V,duPont,0.0043,SN2011iy,
D:\Thesis\pd\CSPAll\SN2011iy_V_comb_swo.fits,SN2011iy,V,Swope,0.0043,SN2011iy,
D:\Thesis\pd\CSPAll\SN2011jh_B_comb_dup.fits,SN2011jh,B,duPont,0.008,SN2011jh,
D:\Thesis\pd\CSPAll\SN2011jh_V_comb_dup.fits,SN2011jh,V,duPont,0.008,SN2011jh,
D:\Thesis\pd\CSPAll\SN2011jh_V_comb_swo.fits,SN2011jh,V,Swope,0.008,SN2011jh,
D:\Thesis\pd\CSPAll\SN2011jn_B_comb_dup.fits,SN2011jn,B,duPont,0.047,SN2011jn,
D:\Thesis\pd\CSPAll\SN2011jn_V_comb_dup.fits,SN2011jn,V,duPont,0.047,SN2011jn,
D:\Thesis\pd\CSPAll\SN2011jt_B_comb_dup.fits,SN2011jt,B,duPont,0.028,SN2011jt,
D:\Thesis\pd\CSPAll\SN2011jt_V_comb_dup.fits,SN2011jt,V,duPont,0.028,SN2011jt,
D:\Thesis\pd\CSPAll\SN2011jt_V_comb_swo.fits,SN2011jt,V,Swope,0.028,SN2011jt,
D:\Thesis\pd\CSPAll\SN2012aq_B_comb_dup.fits,SN2012aq,B,duPont,0.052,SN2012aq,
D:\Thesis\pd\CSPAll\SN2012aq_V_comb_dup.fits,SN2012aq,V,duPont,0.052,SN2012aq,
D:\Thesis\pd\CSPAll\SN2012ar_B_comb_dup.fits,SN2012ar,B,duPont,0.0283,SN2012ar,
D:\Thesis\pd\CSPAll\SN2012ar_V_comb_dup.fits,SN2012ar,V,duPont,0.0283,SN2012ar,
D:\Thesis\pd\CSPAll\SN2012ar_V_comb_swo.fits,SN2012ar,V,Swope,0.0283,SN2012ar,
D:\Thesis\pd\CSPAll\SN2012bl_B_comb_dup.fits,SN2012bl,B,duPont,0.0187,SN2012bl,
D:\Thesis\pd\CSPAll\SN2012bl_V_comb_dup.fits,SN2012bl,V,duPont,0.0187,SN2012bl,
D:\Thesis\pd\CSPAll\SN2012bl_V_comb_swo.fits,SN2012bl,V,Swope,0.0187,SN2012bl,
D:\Thesis\pd\CSPAll\SN2012bo_B_comb_dup.fits,SN2012bo,B,duPont,0.0254,SN2012bo,
D:\Thesis\pd\CSPAll\SN2012bo_V_comb_dup.fits,SN2012bo,V,duPont,0.0254,SN2012bo,
D:\Thesis\pd\CSPAll\SN2012bo_V_comb_swo.fits,SN2012bo,V,Swope,0.0254,SN2012bo,
D:\Thesis\pd\CSPAll\SN2012E_B_comb_dup.fits,SN2012E,B,duPont,0.02,SN2012E,
D:\Thesis\pd\CSPAll\SN2012E_V_comb_dup.fits,SN2012E,V,duPont,0.02,SN2012E,
D:\Thesis\pd\CSPAll\SN2012E_V_comb_swo.fits,SN2012E,V,Swope,0.02,SN2012E,
D:\Thesis\pd\CSPAll\SN2012fr_B_comb_dup.fits,SN2012fr,B,duPont,0.005457,SN2012fr,
D:\Thesis\pd\CSPAll\SN2012fr_V_comb_dup.fits,SN2012fr,V,duPont,0.005457,SN2012fr,
D:\Thesis\pd\CSPAll\SN2012fr_V_comb_swo.fits,SN2012fr,V,Swope,0.005457,SN2012fr,
D:\Thesis\pd\CSPAll\SN2012G_B_comb_dup.fits,SN2012G,B,duPont,0.0258,SN2012G,
D:\Thesis\pd\CSPAll\SN2012G_V_comb_dup.fits,SN2012G,V,duPont,0.0258,SN2012G,
D:\Thesis\pd\CSPAll\SN2012gm_B_comb_dup.fits,SN2012gm,B,duPont,0.0148,SN2012gm,
D:\Thesis\pd\CSPAll\SN2012gm_V_comb_dup.fits,SN2012gm,V,duPont,0.0148,SN2012gm,
D:\Thesis\pd\CSPAll\SN2012hl_B_comb_dup.fits,SN2012hl,B,duPont,0.0332,SN2012hl,
D:\Thesis\pd\CSPAll\SN2012hl_V_comb_dup.fits,SN2012hl,V,duPont,0.0332,SN2012hl,
D:\Thesis\pd\CSPAll\SN2012id_B_comb_dup.fits,SN2012id,B,duPont,0.0157,SN2012id,
D:\Thesis\pd\CSPAll\SN2012id_V_comb_dup.fits,SN2012id,V,duPont,0.0157,SN2012id,
D:\Thesis\pd\CSPAll\SN2012ij_B_comb_dup.fits,SN2012ij,B,duPont,0.01,SN2012ij,
D:\Thesis\pd\CSPAll\SN2012ij_V_comb_dup.fits,SN2012ij,V,duPont,0.01,SN2012ij,
D:\Thesis\pd\CSPAll\SN2012U_B_comb_dup.fits,SN2012U,B,duPont,0.01972,SN2012U,
D:\Thesis\pd\CSPAll\SN2012U_V_comb_dup.fits,SN2012U,V,duPont,0.01972,SN2012U,
D:\Thesis\pd\CSPAll\SN2012U_V_comb_swo.fits,SN2012U,V,Swope,0.01972,SN2012U,
D:\Thesis\pd\CSPAll\SN2013fy_B_comb_dup.fits,SN2013fy,B,duPont,0.0309,SN2013fy,
D:\Thesis\pd\CSPAll\SN2013fy_V_comb_dup.fits,SN2013fy,V,duPont,0.0309,SN2013fy,
D:\Thesis\pd\CSPAll\SN2013fy_V_comb_swo.fits,SN2013fy,V,Swope,0.0309,SN2013fy,
D:\Thesis\pd\CSPAll\SN2013hn_B_comb_dup.fits,SN2013hn,B,duPont,0.0151,SN2013hn,
D:\Thesis\pd\CSPAll\SN2013hn_V_comb_dup.fits,SN2013hn,V,duPont,0.0151,SN2013hn,
