object,ned_resolved_name,z,ra_deg,dec_deg,ned_type,n_galaxies_nearby,nearest_galaxy,offset_arcsec,offset_kpc,verdict,error
ASAS14ad,ASAS14ad,0.0264,190.04626,18.0591,SN,20,,6.417506598827998,3.406821292672388,SN_POSITION,
ASAS14hp,ASAS14hp,0.03892,322.63092,-70.64288,SN,3,,16.005680268613585,12.339900360431226,SN_POSITION,
ASAS14hr,ASAS14hr,0.03362,27.67179,-14.51799,SN,2,,1.839829270654478,1.2330792528359393,SN_POSITION,
ASAS14hu,ASAS14hu,0.015,100.86218,-69.63741,SN,1,,31.481636235529862,9.627358067266844,SN_POSITION,
ASAS14jc,ASAS14jc,0.011325,113.89703,-62.77018,SN,1,,3.1329112505159635,0.7265781854261975,SN_POSITION,
ASAS14jg,ASAS14jg,0.014827,353.30792,-60.56986,SN,1,,15.172161612093937,4.587228929903871,SN_POSITION,
ASAS14jz,ASAS14jz,0.012,281.18475,-52.80152,SN,0,,,,SN_POSITION,
ASAS14kd,ASAS14kd,0.026,343.35396,4.79925,SN,1,,2.7865878582413597,1.4575861013778142,SN_POSITION,
ASAS14kq,ASAS14kq,0.0336,356.31463,-29.78364,SN,3,,10.135351801544624,6.788975829486634,SN_POSITION,
ASAS14lo,ASAS14lo,0.01993,177.97163,18.54195,SN,9,,14.60909388660033,5.900619748922198,SN_POSITION,
ASAS14lp,ASAS14lp,0.0051,191.28792,-0.45903,SN,7,,12.861302610795443,1.3534561896475248,SN_POSITION,
ASAS14lq,ASAS14lq,0.026191,344.33088,-20.96688,SN,0,,,,SN_POSITION,
ASAS14lt,ASAS14lt,0.032046,47.76058,-13.11077,SN,1,,4.427999999998633,2.8341059511670412,SN_POSITION,
ASAS14lw,ASAS14lw,0.016,16.70488,-46.98332,SN,1,,13.168417132573724,4.290281230075265,SN_POSITION,
ASAS14me,ASAS14me,0.018,21.66757,-57.99719,SN,3,,2.558578955273701,0.9355174110106624,SN_POSITION,
ASAS14mf,ASAS14mf,0.0311,1.22691,-32.4374,SN,1,,1.742984940569576,1.083880097025785,SN_POSITION,
ASAS14mw,ASAS14mw,0.027406,25.35483,-65.61702,SN,13,,6.223443436051096,3.4255479028422724,SN_POSITION,
ASAS14my,ASAS14my,0.020514,174.62483,-8.97664,SN,1,,4.987574409160021,2.0720506885826167,SN_POSITION,
ASAS15aj,ASAS15aj,0.01092,163.22192,-32.92635,SN,1,,6.666292334387723,1.491478032593413,SN_POSITION,
ASAS15al,ASAS15al,0.032,74.45679,-21.59281,SN,2,,8.139307148169264,5.20230729570593,SN_POSITION,
ASAS15as,ASAS15as,0.028,144.81896,6.43015,SN,11,,3.2921411442120103,1.850035360388266,SN_POSITION,
ASAS15ba,ASAS15ba,0.02313,211.22954,8.9207,SN,12,,0.9362212454380704,0.4371632849799454,SN_POSITION,
ASAS15be,ASAS15be,0.0219,43.19329,-34.31459,SN,3,,7.311511121836585,3.237316592137151,SN_POSITION,
ASAS15bm,ASAS15bm,0.0206,226.46492,-5.62696,SN,1,,2.7327348193705694,1.139935384543041,SN_POSITION,
ASAS15cb,ASAS15cb,0.04004,189.95929,3.79711,SN,6,,0.576000000000576,0.4562481452803057,SN_POSITION,
ASAS15cd,ASAS15cd,0.03435,149.81246,12.98841,SN,12,,3.154207753746776,2.158009229081465,SN_POSITION,
ASAS15da,ASAS15da,0.048,80.96617,-24.70233,SN,2,,0.8005676868877926,0.7530314601305846,SN_POSITION,
ASAS15db,ASAS15db,0.011,236.74454,17.88404,SN,14,,2.3836049392131544,0.537148775328874,SN_POSITION,
ASAS15dd,ASAS15dd,0.02437,235.99613,19.21158,SN,11,,2.4136560634944746,1.1856907022389203,SN_POSITION,
ASAS15eb,ASAS15eb,0.01648,121.53083,-22.56357,SN,2,,1.2398781438145212,0.41583006596619,SN_POSITION,
ASAS15fr,ASAS15fr,0.03344,140.08517,-7.64077,SN,1,,2.6434564093712507,1.7625757160511362,SN_POSITION,
ASAS15ga,ASAS15ga,0.00663,194.86372,14.17105,SN,1,,3.029343864781336,0.41365711155018353,SN_POSITION,
ASAS15go,ASAS15go,0.01892,92.87667,-16.48461,SN,1,,4.007029116909799,1.538299480861977,SN_POSITION,
ASAS15gr,ASAS15gr,0.024,101.33575,-34.89391,SN,1,,19.350624246345944,9.365701990707912,SN_POSITION,
ASAS15hf,ASAS15hf,0.00618,157.37817,-35.25978,SN,1,,2.9129730190269543,0.3709724649889891,SN_POSITION,
ASAS15hg,ASAS15hg,0.02977,148.45258,9.19382,SN,11,,9.13314422204155,5.4452699766379995,SN_POSITION,
ASAS15hx,ASAS15hx,0.0081,205.81955,-31.55599,SN,0,,,,SN_POSITION,
CSP12G,CSP12G,0.03697,135.51008,10.30009,SN,8,,3.4200887441002252,2.510513572961164,SN_POSITION,
CSP12J,CSP12J,0.0147,91.75833,-69.35472,SN,1,,1.7491467971722126,0.524396932751884,SN_POSITION,
CSP13aam,CSP13aam,0.07495,78.69792,-66.84142,SN,2,,6.281001820439324,8.937441407672392,SN_POSITION,
CSP13aao,CSP13aao,0.0614,89.62654,-63.56064,SN,1,,0.04808704254560549,0.056950584274835944,SN_POSITION,
CSP13abm,CSP13abm,0.02818,46.49954,4.54394,SN,1,,7.55745219831129,4.273325809241551,SN_POSITION,
CSP14aaq,CSP14aaq,0.03591,93.45017,-67.92081,SN,1,,0.521850073162465,0.37255213243026486,SN_POSITION,
CSP14acy,CSP14acy,0.0664,10.61979,-64.76417,SN,2,,3.395504135881507,4.3233963634400885,SN_POSITION,
CSP14ade,CSP14ade,0.06246,84.32767,-75.72139,SN,1,,1.675351176330479,2.015897757293228,SN_POSITION,
CSP15aae,CSP15aae,0.016,212.49067,17.54231,SN,7,,12.975633446141378,4.227472145047158,SN_POSITION,
KISS13j,KISS13j,0.0766,182.41542,16.20397,SN,10,,2.3025881398723036,3.342126112385029,SN_POSITION,
KISS13l,KISS13l,0.13201,168.72529,29.585,SN,8,,2.73617910374706,6.423653047138713,SN_POSITION,
KISS13v,KISS13v,0.08,208.23596,21.93936,SN,11,,0.8569257645589583,1.293878291800686,SN_POSITION,
KISS15m,KISS15m,0.0243,181.50348,20.60509,SN,13,,15.01976155381027,7.3577738929403695,SN_POSITION,
KISS15n,KISS15n,0.023,195.13458,27.97808,SN,804,,0.31995750365686926,0.1485859581067568,SN_POSITION,
LSQ11bk,LSQ11bk,0.037,65.18438,-8.59882,SN,1,,1.0631536940532618,0.7810124551041021,SN_POSITION,
LSQ11ot,LSQ11ot,0.027,78.95142,6.7776,SN,1,,11.151938919655857,6.05034043443309,SN_POSITION,
LSQ11pn,LSQ11pn,0.033,79.17312,6.49172,SN,2,,7.460579526057621,4.911619536571509,SN_POSITION,
LSQ12agq,LSQ12agq,0.064,154.42354,-7.41511,SN,0,,,,SN_POSITION,
LSQ12aor,LSQ12aor,0.093,163.82346,-14.30036,SN,1,,5.147163053757122,8.899745299364538,SN_POSITION,
LSQ12bld,LSQ12bld,0.083,205.68342,8.09271,SN,9,,7.290654272578079,11.381313466439863,SN_POSITION,
LSQ12blp,LSQ12blp,0.074,204.02329,-11.62153,SN,1,,13.347679843464391,18.77289360146631,SN_POSITION,
LSQ12btn,LSQ12btn,0.054,140.37708,-9.6916,SN,1,,10.47371370099603,11.004843049391651,SN_POSITION,
LSQ12ca,LSQ12ca,0.098,82.76508,-19.7998,SN,1,,6.379287883385172,11.556493801162729,SN_POSITION,
LSQ12cda,LSQ12cda,0.13749,207.50971,9.62981,SN,13,,7.381805468582951,17.938651482350476,SN_POSITION,
LSQ12cdl,LSQ12cdl,0.111,193.4165,-18.50731,SN,0,,,,SN_POSITION,
LSQ12fuk,LSQ12fuk,0.02,74.56621,-16.2995,SN,0,,,,SN_POSITION,
LSQ12fvl,LSQ12fvl,0.056,75.2085,-38.65314,SN,2,,8.486902839473075,9.225739272369129,SN_POSITION,
LSQ12fxd,LSQ12fxd,0.031,80.57092,-25.59642,SN,1,,39.839687782811275,24.697723563212445,SN_POSITION,
LSQ12gdj,LSQ12gdj,0.03,358.6805,-25.67614,SN,1,,27.24740706655883,16.366160531264175,SN_POSITION,
LSQ12gef,LSQ12gef,0.065,25.14042,18.51011,SN,1,,3.8283483443558635,4.779587552687529,SN_POSITION,
LSQ12gln,LSQ12gln,0.112,80.74754,-33.46426,SN,1,,5.925375346744508,12.072728787911034,SN_POSITION,
LSQ12gpw,LSQ12gpw,0.058,48.2425,-11.71111,SN,2,,9.553524931666182,10.730782814258639,SN_POSITION,
LSQ12gxj,LSQ12gxj,0.036,43.24167,1.60667,SN,1,,16.91717930771238,12.10624969106145,SN_POSITION,
LSQ12gyc,LSQ12gyc,0.093,41.45833,-17.92944,SN,3,,1.7361670054925875,3.0019340721615237,SN_POSITION,
LSQ12gzm,LSQ12gzm,0.1,40.18333,-34.74056,SN,1,,5.013117652534761,9.24566830058159,SN_POSITION,
LSQ12hjm,LSQ12hjm,0.07,47.61971,-16.49361,SN,2,,3.2907406673892705,4.398596656612187,SN_POSITION,
LSQ12hno,LSQ12hno,0.048,55.68025,-2.66939,SN,1,,2.4119999999998143,2.2687799065382515,SN_POSITION,
LSQ12hnr,LSQ12hnr,0.1243,160.81167,-8.77806,SN,1,,41.1030471225742,91.65447248353088,SN_POSITION,
LSQ12hvj,LSQ12hvj,0.071,166.91096,-29.71142,SN,0,,,,SN_POSITION,
LSQ12hxx,LSQ12hxx,0.069,49.93429,-27.00711,SN,6,,0.7229695041956523,0.9536730227405682,SN_POSITION,
LSQ12hzj,LSQ12hzj,0.029,149.80167,-9.00231,SN,1,,2.069048574725599,1.2027918363046863,SN_POSITION,
LSQ12hzs,LSQ12hzs,0.072,60.47163,-26.66397,SN,5,,4.287073021096773,5.8803180079030755,SN_POSITION,
LSQ13abo,LSQ13abo,0.067,224.84008,-17.15161,SN,1,,9.581161351926037,12.300997489999029,SN_POSITION,
LSQ13aiz,LSQ13aiz,0.009,198.8117,-17.96545,SN,1,,28.992342650067012,5.358585240938477,SN_POSITION,
LSQ13cwp,LSQ13cwp,0.0665,60.96108,-2.65506,SN,20,,2.8111452965856802,3.584319794077636,SN_POSITION,
LSQ13dby,LSQ13dby,0.09993,51.67838,-34.63503,SN,3,,31.152399472839246,57.418612064676815,SN_POSITION,
LSQ13dcy,LSQ13dcy,0.083,73.8185,-20.00142,SN,4,,10.604587819549263,16.5546374364013,SN_POSITION,
LSQ13dhj,LSQ13dhj,0.0935,33.14379,-37.33967,SN,5,,12.412174063776991,21.564328294390677,SN_POSITION,
LSQ13dkp,LSQ13dkp,0.06894,47.54154,-36.62914,SN,6,,20.17683363108719,26.59409463597703,SN_POSITION,
LSQ13dpm,LSQ13dpm,0.05086,157.28483,-17.11389,SN,0,,,,SN_POSITION,
LSQ13dqh,LSQ13dqh,0.1038,65.52454,-2.89006,SN,0,,,,SN_POSITION,
LSQ13pf,LSQ13pf,0.085,207.05975,-11.64408,SN,2,,5.124053911998341,8.172852898187458,SN_POSITION,
LSQ13ry,LSQ13ry,0.03,158.2,4.19771,SN,9,,7.067721811033289,4.245228526410991,SN_POSITION,
LSQ13vy,LSQ13vy,0.032,241.732,3.001,SN,1,,1.2254144595985348,0.7832340600227737,SN_POSITION,
LSQ14act,LSQ14act,0.0591,239.93604,-10.44467,SN,2,,5.429661507933443,6.206364643672926,SN_POSITION,
LSQ14age,LSQ14age,0.08054,201.03583,-13.44053,SN,0,,,,SN_POSITION,
LSQ14ahc,LSQ14ahc,0.05086,205.95067,-32.91019,SN,1,,8.162156834583238,8.107433019008687,SN_POSITION,
LSQ14ahm,LSQ14ahm,0.04977,175.34354,-12.39931,SN,1,,48.48202458959611,47.1857707871095,SN_POSITION,
LSQ14ajn,LSQ14ajn,0.02101,178.877,11.924,SN,9,,1.1004836820385442,0.46796152693672954,SN_POSITION,
LSQ14asu,LSQ14asu,0.0684,167.89975,-21.46658,SN,1,,6.0991964995390635,7.981124815932261,SN_POSITION,
LSQ14auy,LSQ14auy,0.0825,217.04704,-4.05483,SN,1,,7.792641307576803,12.098688651977291,SN_POSITION,
LSQ14azy,LSQ14azy,0.0458,168.14467,12.07356,SN,3,,4.956079876371453,4.459761026042016,SN_POSITION,
LSQ14ba,LSQ14ba,0.07755,165.34592,-15.61953,SN,0,,,,SN_POSITION,
LSQ14bbv,LSQ14bbv,0.0588,149.888,-56.99107,SN,0,,,,SN_POSITION,
LSQ14bjj,LSQ14bjj,0.08114,215.2045,-5.25058,SN,2,,1.1108293758725214,1.6988988869141264,SN_POSITION,
LSQ14fms,LSQ14fms,0.078,3.74929,-51.211,SN,1,,5.273169566575432,7.7810187798147705,SN_POSITION,
LSQ14foj,LSQ14foj,0.04607,6.64442,-32.80917,SN,1,,6.549913614775571,5.926828194426727,SN_POSITION,
LSQ14fom,LSQ14fom,0.05626,329.95717,-30.27097,SN,3,,4.394750349943368,4.798048598484262,SN_POSITION,
LSQ14gfb,LSQ14gfb,0.0527,77.524,-36.31208,SN,2,,5.673547968005527,5.82669135195514,SN_POSITION,
LSQ14gfn,LSQ14gfn,0.1217,52.134,-4.20394,SN,1,,3.1539376624159656,6.9060558162534464,SN_POSITION,
LSQ14gov,LSQ14gov,0.0896,61.50554,-16.02817,SN,4,,3.9634100424686913,6.628379769647499,SN_POSITION,
LSQ14ie,LSQ14ie,0.08954,193.88929,-32.94456,SN,1,,39.15796121502886,65.44818796409835,SN_POSITION,
LSQ14ip,LSQ14ip,0.0613,146.08417,4.59792,SN,12,,11.377769080469172,13.454587854976769,SN_POSITION,
LSQ14jp,LSQ14jp,0.0454,194.33958,-15.79264,SN,1,,8.038349247692059,7.1735956226515585,SN_POSITION,
LSQ14mc,LSQ14mc,0.05662,135.55604,17.06031,SN,12,,1.8308887141803067,2.0108427256631085,SN_POSITION,
LSQ14q,LSQ14q,0.06695,133.49004,17.32714,SN,14,,7.642810664784086,9.805652441528563,SN_POSITION,
LSQ14wp,LSQ14wp,0.06945,153.52379,6.67508,SN,7,,2.9606496202387493,3.928810283670037,SN_POSITION,
LSQ14xi,LSQ14xi,0.0508,187.67154,-13.77275,SN,1,,4.37207379442912,4.337945802057566,SN_POSITION,
LSQ15aae,LSQ15aae,0.0516,247.56537,5.933,SN,1,,12.624077036159374,12.710746584402651,SN_POSITION,
LSQ15agh,LSQ15agh,0.0603,163.226,23.598,SN,9,,1.736976146094407,2.0229017842774675,SN_POSITION,
LSQ15aja,LSQ15aja,0.07,255.78713,12.46156,SN,2,,0.20628951275494833,0.2757386414827857,SN_POSITION,
LSQ15alq,LSQ15alq,0.0471,197.32742,-25.87222,SN,1,,14.4426249399613,13.344569655528135,SN_POSITION,
LSQ15bv,LSQ15bv,0.0689,164.94704,-16.81961,SN,2,,3.8314384713433185,5.047337228983216,SN_POSITION,
PS1-14xw,PS1-14xw,0.024,253.24013,2.39347,SN,2,,32.64519599615306,15.80027461832172,SN_POSITION,
PS15sv,PS15sv,0.0333,243.29892,1.59197,SN,0,,,,SN_POSITION,
SN04dt,SN2004dt,0.02,30.55321,-0.09764,SN,12,,12.662838207065994,5.132055794061254,SN_POSITION,
SN04ef,SN2004ef,0.031,340.54175,19.99456,SN,1,,10.98855162210061,6.812106856917237,SN_POSITION,
SN04eo,SN2004eo,0.016,308.22579,9.92853,SN,2,,0.0,0.0,SN_POSITION,
SN04ey,SN2004ey,0.016,327.28254,0.44422,SN,10,,5.265976235293908,1.7156594276177997,SN_POSITION,
SN04gs,SN2004gs,0.027,129.59658,17.62772,SN,7,,16.1033027259627,8.73663892106534,SN_POSITION,
SN04gu,SN2004gu,0.046,191.603,11.94892,SN,8,,3.0566716749808935,2.761921175312917,SN_POSITION,
SN05A,SN2005A,0.019,37.68021,-2.93883,SN,1,,6.228242062791848,2.4009014672467712,SN_POSITION,
SN05ag,SN2005ag,0.08,224.18188,9.32847,SN,8,,9.032368599852427,13.63803743362315,SN_POSITION,
SN05al,SN2005al,0.012,207.50137,-30.57617,SN,1,,17.195188340954285,4.2220950445492695,SN_POSITION,
SN05am,SN2005am,0.008,139.05196,-16.30444,SN,1,,35.84972816174631,5.896972091200347,SN_POSITION,
SN05be,SN2005be,0.034,224.88633,16.66989,SN,4,,7.025620868212653,4.7597244946704205,SN_POSITION,
SN05bg,SN2005bg,0.023,184.32158,16.37156,SN,19,,0.6908068818297951,0.32080573585640776,SN_POSITION,
SN05bl,SN2005bl,0.024,181.05108,20.40689,SN,12,,0.6426220866142485,0.3110290851217607,SN_POSITION,
SN05bo,SN2005bo,0.014,192.42096,-11.09647,SN,2,,14.243231343141453,4.070257242562431,SN_POSITION,
SN05el,SN2005el,0.015,77.953,5.19428,SN,2,,0.0,0.0,SN_POSITION,
SN05eq,SN2005eq,0.029,47.20546,-7.03325,SN,5,,0.0,0.0,SN_POSITION,
SN05gj,SN2005gj,0.062,45.29979,-0.55386,SN,13,,0.7289204407005008,0.8710984634839203,SN_POSITION,
SN05hc,SN2005hc,0.046,29.2021,-0.21258,SN,10,,0.036000000000036,0.03252857123164397,SN_POSITION,
SN05hj,SN2005hj,0.0574,21.7017,-1.23813,SN,16,,0.6829084552412119,0.7596634969017623,SN_POSITION,
SN05hk,SN2005hk,0.013,6.96204,-1.19814,SN,13,,0.1938293930803174,0.05149622173794186,SN_POSITION,
SN05iq,SN2005iq,0.034,359.63542,-18.70917,SN,1,,19.6611886711992,13.320081323496042,SN_POSITION,
SN05ir,SN2005ir,0.0764,19.1825,0.79463,SN,6,,0.035996537814252494,0.05212343622416628,SN_POSITION,
SN05kc,SN2005kc,0.015,338.53058,5.56842,SN,1,,10.659165713022967,3.259665547554683,SN_POSITION,
SN05ke,SN2005ke,0.005,53.76812,-24.94411,SN,1,,56.60918841346103,5.841158860787497,SN_POSITION,
SN05ki,SN2005ki,0.019,160.11758,9.20233,SN,4,,19.7210859329006,7.602206798426281,SN_POSITION,
SN05ku,SN2005ku,0.04541,344.928,-0.01373,SN,11,,1.0948972546150695,0.9773134523334207,SN_POSITION,
SN05lu,SN2005lu,0.032,39.01546,-17.26389,SN,2,,3.562351162997594,2.2769070029870178,SN_POSITION,
SN05M,SN2005M,0.025,144.38483,23.20075,SN,16,,9.161931221898264,4.613579212747207,SN_POSITION,
SN05mc,SN2005mc,0.025,126.7765,21.646,SN,9,,6.114674871889146,3.079103760812832,SN_POSITION,
SN05na,SN2005na,0.026,105.40258,14.13325,SN,1,,7.486408898739473,3.9159309216686813,SN_POSITION,
SN05W,SN2005W,0.009,27.69063,21.75989,SN,2,,10.810647702583893,1.998106117993111,SN_POSITION,
SN06ax,SN2006ax,0.017,171.01442,-12.29144,SN,2,,0.532111061407328,0.18397440392981862,SN_POSITION,
SN06bd,SN2006bd,0.026,174.61858,20.52622,SN,10,,15.223912196638771,7.963202294443812,SN_POSITION,
SN06bh,SN2006bh,0.011,340.06708,-66.48508,SN,5,,0.0,0.0,SN_POSITION,
SN06br,SN2006br,0.025,202.5075,13.41578,SN,7,,6.822906913513377,3.435740865578401,SN_POSITION,
SN06bt,SN2006bt,0.032,239.12721,20.046,SN,10,,4.331743717182727,2.7686707889008377,SN_POSITION,
SN06D,SN2006D,0.009,193.14142,-9.77522,SN,2,,12.29162027947982,2.271830731715238,SN_POSITION,
SN06dd,SN2006dd,0.006,50.67342,-37.20361,SN,2,,15.616691332388978,1.93131171283279,SN_POSITION,
SN06ef,SN2006ef,0.018,31.08129,-8.72839,SN,9,,11.131118652410535,4.069976141205946,SN_POSITION,
SN06ej,SN2006ej,0.02,9.74904,-9.01572,SN,9,,8.158025039924865,3.3063235105444795,SN_POSITION,
SN06eq,SN2006eq,0.05,322.15454,1.22804,SN,8,,11.098557106297728,10.848779156990545,SN_POSITION,
SN06et,SN2006et,0.023,10.69092,-23.55844,SN,2,,10.656459847640635,4.948783130230779,SN_POSITION,
SN06ev,SN2006ev,0.029,322.74692,13.98922,SN,2,,0.0,0.0,SN_POSITION,
SN06fw,SN2006fw,0.0835,26.7931,-0.14688,SN,6,,0.18356412255200644,0.2881179180111232,SN_POSITION,
SN06gj,SN2006gj,0.028,49.39917,-1.69172,SN,2,,22.85556258251829,12.843798946337875,SN_POSITION,
SN06gt,SN2006gt,0.045,14.07208,-1.62944,SN,3,,14.952364101902317,13.232532038827918,SN_POSITION,
SN06hb,SN2006hb,0.015,75.50533,-21.13197,SN,2,,6.412309636512444,1.960940036503537,SN_POSITION,
SN06hx,SN2006hx,0.045,18.4888,0.37167,SN,13,,2.2127157359506375,1.9582075228532172,SN_POSITION,
SN06is,SN2006is,0.031,79.39321,-23.78172,SN,2,,6.135465099872481,3.803544390068394,SN_POSITION,
SN06kf,SN2006kf,0.021,55.46033,8.15694,SN,1,,11.927113186704453,5.069444458014958,SN_POSITION,
SN06lu,SN2006lu,0.068,138.82346,-25.60008,SN,1,,5.1746216135958125,6.73482397942136,SN_POSITION,
SN06ob,SN2006ob,0.059,27.95046,0.26342,SN,12,,0.6696341082616033,0.7642188917301987,SN_POSITION,
SN06os,SN2006os,0.033,43.75421,16.00967,SN,1,,11.983420078293625,7.8891994872404325,SN_POSITION,
SN06ot,SN2006ot,0.053,33.77017,-20.76617,SN,3,,6.561273827227922,6.774334915640054,SN_POSITION,
SN06py,SN2006py,0.058,340.42521,-0.13692,SN,9,,0.30968312429037603,0.34784463030877516,SN_POSITION,
SN07af,SN2007af,0.005,215.58763,-0.39378,SN,12,,12.780479536433344,1.3187401794935347,SN_POSITION,
SN07ai,SN2007ai,0.032,243.22392,-21.63019,SN,1,,25.309537821955278,16.176806067789023,SN_POSITION,
SN07al,SN2007al,0.012,149.827,-19.47383,SN,1,,4.316241395387306,1.0598070253839285,SN_POSITION,
SN07as,SN2007as,0.018,141.90004,-80.17756,SN,1,,13.907382428231063,5.0850877110423625,SN_POSITION,
SN07ax,SN2007ax,0.007,125.68025,22.55469,SN,9,,6.2651245168225955,0.9028388159245937,SN_POSITION,
SN07ba,SN2007ba,0.039,229.17763,7.39661,SN,10,,12.21852819228868,9.43858159984029,SN_POSITION,
SN07bc,SN2007bc,0.021,169.81071,20.80903,SN,13,,5.912751319448775,2.5131281927812705,SN_POSITION,
SN07bd,SN2007bd,0.031,127.88867,-1.19944,SN,1,,7.792738224371922,4.83093380438223,SN_POSITION,
SN07bm,SN2007bm,0.006,171.25958,-9.79828,SN,1,,11.211194942835922,1.3864852449919347,SN_POSITION,
SN07ca,SN2007ca,0.014,202.77421,-15.10183,SN,3,,0.0,0.0,SN_POSITION,
SN07cg,SN2007cg,0.033,201.38992,-24.65225,SN,1,,3.031581107224058,1.9958198878433577,SN_POSITION,
SN07hj,SN2007hj,0.014,345.44954,15.5865,SN,2,,15.610429344341325,4.460958441773122,SN_POSITION,
SN07hx,SN2007hx,0.0798,31.6115,-0.90012,SN,23,,0.1439822303343772,0.21690669556951048,SN_POSITION,
SN07jd,SN2007jd,0.0727,44.97227,1.16063,SN,3,,5.194208200991481,7.187969952756879,SN_POSITION,
SN07jg,SN2007jg,0.037,52.4617,0.05684,SN,10,,0.37585101902549223,0.27610714120114066,SN_POSITION,
SN07jh,SN2007jh,0.04077,54.00642,1.10339,SN,8,,4.8885587975981695,3.9393831976739695,SN_POSITION,
SN07le,SN2007le,0.007,354.70171,-6.52258,SN,2,,17.379234282812977,2.5044430097821264,SN_POSITION,
SN07N,SN2007N,0.013,192.25521,-9.45283,SN,1,,15.382676426217264,4.08683999665237,SN_POSITION,
SN07nq,SN2007nq,0.045,14.38988,-1.38861,SN,2,,21.767296495654936,19.26360582944707,SN_POSITION,
SN07ol,SN2007ol,0.056,24.3487,-0.312,SN,10,,0.10799839875525015,0.11740031523810325,SN_POSITION,
SN07on,SN2007on,0.006,54.7125,-35.57531,SN,9,,41.554341439988896,5.139013420573674,SN_POSITION,
SN07S,SN2007S,0.014,150.13025,4.40728,SN,9,,11.163822439333593,3.190261257692701,SN_POSITION,
SN07so,SN2007so,0.03,41.92971,13.25411,SN,2,,7.797533749755356,4.683590214096783,SN_POSITION,
SN07st,SN2007st,0.021,27.17696,-48.64939,SN,4,,6.132027543754758,2.6063283345659194,SN_POSITION,
SN07ux,SN2007ux,0.031,152.33325,14.99244,SN,4,,6.8205943883249285,4.228274971881828,SN_POSITION,
SN08ae,SN2008ae,0.03,149.01333,10.49967,SN,8,,12.137494067797707,7.290388251462027,SN_POSITION,
SN08ar,SN2008ar,0.026,186.158,10.83817,SN,5,,6.226621260984024,3.2569712746404322,SN_POSITION,
SN08bc,SN2008bc,0.015,144.63012,-63.97378,SN,1,,19.088029015465548,5.837285227343676,SN_POSITION,
SN08bd,SN2008bd,0.03,154.59717,-13.10311,SN,1,,5.787156283300796,3.476056584784479,SN_POSITION,
SN08bi,SN2008bi,0.013,128.97246,0.70642,SN,1,,3.34246649058128,0.8880200923875899,SN_POSITION,
SN08bq,SN2008bq,0.034,100.26046,-38.03861,SN,1,,12.689475948064867,8.596878571658694,SN_POSITION,
SN08bt,SN2008bt,0.015,162.57033,-12.10889,SN,1,,16.420164914605603,5.021429190458327,SN_POSITION,
SN08bz,SN2008bz,0.06,189.74058,11.1295,SN,6,,6.801786773389931,7.884809504474586,SN_POSITION,
SN08C,SN2008C,0.017,104.29779,20.43711,SN,1,,3.6830736125891725,1.2734019674645412,SN_POSITION,
SN08cc,SN2008cc,0.0104,315.87342,-67.18364,SN,1,,8.352011667929197,1.7807744532367857,SN_POSITION,
SN08cd,SN2008cd,0.007,198.7574,-15.95186,SN,1,,4.465318480560696,0.6434768916229315,SN_POSITION,
SN08cf,SN2008cf,0.046,211.88577,-26.55215,SN,1,,3.4646761720623127,3.130582379372105,SN_POSITION,
SN08fl,SN2008fl,0.02,294.18683,-37.55125,SN,1,,15.425082077667346,6.251551236466852,SN_POSITION,
SN08fp,SN2008fp,0.006,109.13583,-29.32547,SN,1,,18.24824583489251,2.256755299151369,SN_POSITION,
SN08fr,SN2008fr,0.048,17.95475,14.64083,SN,11,,0.5921279289333191,0.5569684690149783,SN_POSITION,
SN08fu,SN2008fu,0.052,45.61875,-24.45597,SN,2,,2.6870949800662123,2.7252262428548657,SN_POSITION,
SN08fw,SN2008fw,0.009,157.23321,-44.66544,SN,0,,,,SN_POSITION,
SN08gg,SN2008gg,0.032,21.346,-18.17244,SN,2,,32.70790822183419,20.90553734761078,SN_POSITION,
SN08gl,SN2008gl,0.034,20.22842,4.80531,SN,1,,24.400315670898845,16.53074971664589,SN_POSITION,
SN08go,SN2008go,0.062,332.68679,-20.78811,SN,2,,15.156694247949394,18.113050936253185,SN_POSITION,
SN08gp,SN2008gp,0.033,50.75304,1.36189,SN,2,,17.787140977998913,11.71003791624436,SN_POSITION,
SN08ha,SN2008ha,0.005,353.71954,18.2265,SN,1,,7.551706405434165,0.7792147886309998,SN_POSITION,
SN08hj,SN2008hj,0.038,1.00796,-11.16875,SN,8,,20.674284293179557,15.579575384152527,SN_POSITION,
SN08hu,SN2008hu,0.05,122.3115,-18.65364,SN,3,,7.4084327241692955,7.241702660459194,SN_POSITION,
SN08hv,SN2008hv,0.013,136.89192,3.39225,SN,8,,31.565413310619757,8.386238522760557,SN_POSITION,
SN08ia,SN2008ia,0.022,132.64646,-61.27794,SN,1,,4.883441062485779,2.1718515546224664,SN_POSITION,
SN08J,SN2008J,0.016,38.60033,-10.84531,SN,1,,7.531869514277778,2.453889338343463,SN_POSITION,
SN08O,SN2008O,0.0389,104.39358,-45.81231,SN,1,,7.243152347870026,5.581517218047323,SN_POSITION,
SN08R,SN2008R,0.013,45.97375,-11.99428,SN,2,,14.944075662750928,3.9703133862608597,SN_POSITION,
SN09aa,SN2009aa,0.027,170.92617,-22.27069,SN,1,,18.78953622849399,10.194020215366352,SN_POSITION,
SN09ab,SN2009ab,0.011,64.15162,2.76417,SN,1,,36.933522466875125,8.323022005572936,SN_POSITION,
SN09ad,SN2009ad,0.028,75.88914,6.65995,SN,1,,9.805845600192946,5.510444511396191,SN_POSITION,
SN09ag,SN2009ag,0.009,107.92004,-26.68508,SN,0,,,,SN_POSITION,
SN09al,SN2009al,0.022,162.84196,8.57853,SN,9,,12.87065404991723,5.724068264497885,SN_POSITION,
SN09cz,SN2009cz,0.021,138.75008,29.73531,SN,8,,18.82159031421088,7.999840801021878,SN_POSITION,
SN09D,SN2009D,0.025,58.59513,-19.18172,SN,4,,0.41378644011306653,0.20836617001221897,SN_POSITION,
SN09dc,SN2009dc,0.021,237.8005,25.70778,SN,14,,5.114340869149114,2.1737755456541583,SN_POSITION,
SN09ds,SN2009ds,0.019,177.26677,-9.72902,SN,1,,13.574148232154636,5.232647042076666,SN_POSITION,
SN09F,SN2009F,0.013,74.84817,-11.13058,SN,1,,11.607515244899131,3.0838624079588297,SN_POSITION,
SN09I,SN2009I,0.026,41.29333,-4.71372,SN,1,,12.151763245065089,6.35624717909271,SN_POSITION,
SN09le,SN2009le,0.018,32.32142,-23.41244,SN,1,,15.978495867642415,5.8423684972201055,SN_POSITION,
SN09P,SN2009P,0.025,170.16158,-3.54619,SN,1,,2.700834946085861,1.3600315984189688,SN_POSITION,
SN09Y,SN2009Y,0.009,220.60235,-17.24631,SN,2,,26.106614124138027,4.825222950245404,SN_POSITION,
SN10ae,SN2010ae,0.003662,108.97771,-57.34358,SN,1,,2.731540098571654,0.20676532154042812,SN_POSITION,
SN2011im,SN2011im,0.016228,341.10583,-0.16722,SN,4,,16.207188868264723,5.3540809672675245,SN_POSITION,
SN2011iv,SN2011iv,0.006,54.71396,-35.59222,SN,1,,9.822538969725889,1.2147505613204765,SN_POSITION,
SN2011iy,SN2011iy,0.0043,197.24329,-15.51781,SN,1,,17.08697547284454,1.5175637551195331,SN_POSITION,
SN2011jh,SN2011jh,0.008,191.81008,-10.06314,SN,1,,16.57405021594111,2.726288777437604,SN_POSITION,
SN2011jn,SN2011jn,0.047,194.31162,-17.40014,SN,26,,20.95196460867778,19.320202858395866,SN_POSITION,
SN2011jt,SN2011jt,0.028,223.34588,2.96197,SN,7,,15.861222736818924,8.913294308082572,SN_POSITION,
SN2012aq,SN2012aq,0.052,223.52138,22.09461,SN,15,,0.1269431814182238,0.1287445705934463,SN_POSITION,
SN2012ar,SN2012ar,0.0283,245.15008,-10.46064,SN,1,,28.30802182086972,16.072481803140303,SN_POSITION,
SN2012bl,SN2012bl,0.0187,305.98033,-48.35481,SN,2,,18.597438657790033,7.0584207807038615,SN_POSITION,
SN2012bo,SN2012bo,0.0254,192.68846,-14.26903,SN,1,,12.566324065397072,6.426044803105958,SN_POSITION,
SN2012E,SN2012E,0.02,38.34496,9.58489,SN,0,,,,SN_POSITION,
SN2012fr,SN2012fr,0.005457,53.39996,-36.12714,SN,6,,42.93984742576244,4.832972077613715,SN_POSITION,
SN2012G,SN2012G,0.0258,189.89629,16.58678,SN,18,,3.317208627453096,1.7222062352782683,SN_POSITION,
SN2012gm,SN2012gm,0.0148,349.40429,14.00247,SN,15,,6.9366554341194,2.0935132939121694,SN_POSITION,
SN2012hl,SN2012hl,0.0332,12.57398,24.53117,SN,1,,2.3673472808487697,1.5675963262965433,SN_POSITION,
SN2012id,SN2012id,0.0157,70.67142,18.58325,SN,1,,18.607102875932554,5.950705900358186,SN_POSITION,
SN2012ij,SN2012ij,0.01,175.066,17.45617,SN,8,,5.418108018953348,1.1113310656837114,SN_POSITION,
SN2012U,SN2012U,0.01972,31.51804,-55.19375,SN,2,,7.245045914986382,2.8961784316035417,SN_POSITION,
SN2013fy,SN2013fy,0.0309,324.36296,-47.03189,SN,2,,17.82427984759003,11.015440470462597,SN_POSITION,
SN2013hn,SN2013hn,0.0151,207.24654,-30.29069,SN,2,,23.403748070580583,7.203909997755904,SN_POSITION,
