telescope,filter,file,n_stars,median,mean,std,max,mad_sigma
swo,V,ASAS14lq_V_comb_swo.fits,18,3.0495495616657644,2.637098110462245,0.9800338759807116,3.177857336007828,0.11712715534294854
dup,B,PTF13ebh_B_comb_dup.fits,24,2.5994669491995843,2.40624919817513,0.6459314139249239,2.6348867595562706,0.020594042626128222
swo,V,ASAS14mw_V_comb_swo.fits,25,2.517336020941723,2.515075686187728,0.16859531420288143,2.969226315186517,0.17596725642243213
swo,V,KISS15n_V_comb_swo.fits,25,2.4365853282799064,2.607779358508262,0.4494555960846805,3.839322517841013,0.09414660019759054
swo,V,CSP14acl_V_comb_swo.fits,25,2.2989693359647685,2.192959338309753,0.42217124655612404,2.432377301279274,0.09120384438567479
dup,B,CSP13aaw_B_comb_dup.fits,25,2.180756302099867,1.64150939931041,0.8370579781339889,2.307188307911041,0.02852575237023913
swo,V,CSP12K_V_comb_swo.fits,25,2.0385192908977032,2.521180931626458,0.9772337352239017,5.7179152377032505,0.3099282506503916
dup,B,SN2011iv_B_comb_dup.fits,16,1.9355194455056597,1.8526507989551244,0.413809098250092,2.126192430088548,0.03931060253505628
dup,V,SN2011iv_V_comb_dup.fits,18,1.9215847400264916,2.0249909054095405,0.496559427100828,3.762379446299325,0.019773750904076192
dup,V,KISS13v_V_comb_dup.fits,25,1.8851984101830213,1.95085493640827,0.21161229660880437,2.7802174508715827,0.05950495674082713
dup,V,CSP13aaw_V_comb_dup.fits,25,1.834093650482013,2.0415275305745038,0.5017745210906837,3.503671090245901,0.03345738757340336
dup,B,SN09dc_B_comb_dup.fits,24,1.8191004126965495,1.8586849948471198,0.19597738406708598,2.769924269792351,0.03193175045217203
dup,V,SN09dc_V_comb_dup.fits,25,1.811561774638449,1.9477273446114032,0.38794076498426044,3.200796628574333,0.0461333748810705
dup,V,SN2012hl_V_comb_dup.fits,25,1.782040841167414,1.731881529026557,0.29062784985200996,1.8567091496675887,0.03146125732099172
swo,V,SN08ha_V_comb_swo.fits,25,1.774026295416801,1.8487854771421717,0.314576355385488,3.066260559932861,0.04910936652325787
dup,B,SN2012hl_B_comb_dup.fits,15,1.744541331525823,1.7481233282492639,0.051295353180988365,1.8425666669210623,0.06474290878364339
dup,V,PTF13ebh_V_comb_dup.fits,25,1.7307056694894944,1.7342468519828262,0.023192043563596564,1.8162685958293916,0.013237392830268108
dup,B,ASAS14lq_B_comb_dup.fits,25,1.7116922316064245,1.4078981494674805,0.656429473524082,2.874676718536041,0.031195283052271844
dup,V,LSQ11bk_V_comb_dup.fits,25,1.7044040493194228,1.7078581812547855,0.020874374643165366,1.7392114913162515,0.018531366486640687
swo,V,SN07ai_V_comb_swo.fits,25,1.7006214435584943,1.7227542995294454,0.10295401725445114,2.028757304867549,0.1061942500751873
swo,V,SN06ev_V_comb_swo.fits,25,1.682950431080504,1.70039587926416,0.08737150748623078,1.8416519219424143,0.08704989665530229
swo,V,SN06bt_V_comb_swo.fits,25,1.6748428528282655,1.8045607224391875,0.3833306280624472,3.274396473526032,0.024400713542677383
dup,V,SN04ef_V_comb_dup.fits,25,1.6718550768219238,1.7122548545873266,0.2694651698566374,2.557820085814168,0.03125703566637858
dup,B,ASAS14me_B_comb_dup.fits,23,1.6695992385467342,1.5073177370199229,0.4535905360476231,1.7719736563301942,0.020313440026555777
dup,B,KISS15m_B_comb_dup.fits,21,1.662926673904148,1.4451392554196207,0.8955056998905134,3.1747272584873,0.6791956268280425
dup,V,SN08cc_V_comb_dup.fits,25,1.6418110305335307,1.6921338117505165,0.2303398840830891,2.725762220163467,0.07381518143624075
dup,B,SN10ae_B_comb_dup.fits,25,1.6415650806735969,1.6741305089342131,0.0778927077471734,1.9813018862556877,0.03983393623315806
dup,V,ASAS14lq_V_comb_dup.fits,25,1.6397127259086135,1.4774557158857633,0.5879769384941936,2.756761972536182,0.020343137339697157
dup,B,CSP14aar_B_comb_dup.fits,25,1.632943233614769,1.6455173675712897,0.06454101858834682,1.8312050758432323,0.016378302201301355
dup,B,SN04ef_B_comb_dup.fits,24,1.631205181067636,1.668562154451223,0.14515919995691237,2.2209531386210477,0.02204926824092871
swo,V,SN06bh_V_comb_swo.fits,25,1.630187942782104,1.6279983113208083,0.02305413197824309,1.695603946585822,0.014325800098254205
dup,V,ASAS14hr_V_comb_dup.fits,20,1.626701398489348,1.4352716821820433,0.47515450048860247,1.685106124338957,0.013777468305204325
dup,B,ASAS15dd_B_comb_dup.fits,25,1.613199975714066,1.6816186166808405,0.26560502463476376,2.6612628533671256,0.023183764314464998
dup,V,CSP14abl_V_comb_dup.fits,25,1.6102874990880065,1.6467269298180898,0.6861742658120138,4.44489930335337,0.06858858113824463
dup,B,SN05W_B_comb_dup.fits,21,1.6052190538825342,1.1994794616195281,0.7407057877444548,2.14370957384948,0.7463526834179064
dup,V,ASAS14me_V_comb_dup.fits,24,1.5995892289458484,1.610752669473426,0.03425603650835021,1.7246445448072307,0.025848757518945942
dup,B,KISS13v_B_comb_dup.fits,24,1.59353447722526,1.2964200884404369,0.5708501393404344,1.8740550591122327,0.07027604994311497
dup,B,CSP14abl_B_comb_dup.fits,21,1.581035816419761,1.4058957352730792,0.7928510964380214,3.8541515807807634,0.0612565932507355
dup,V,SN08O_V_comb_dup.fits,24,1.5803542390412706,1.603056099422943,0.3530982707228421,2.4475346931405286,0.023083777378890547
swo,V,SN06py_V_comb_swo.fits,25,1.5639596605443378,1.3449953080502004,0.44248800699882274,1.6395613452310869,0.043178709951059505
dup,B,CSP13aaq_B_comb_dup.fits,25,1.5569261955800255,1.5189013936401232,0.15805250062362747,1.695471588231625,0.06290817246852576
dup,B,ASAS14hp_B_comb_dup.fits,25,1.5541651416290994,1.5110438571453875,0.22263206622077225,1.575952626274718,0.014388425086349051
dup,B,SN08cc_B_comb_dup.fits,25,1.5535511178558536,1.6204143658765409,0.23378889738574102,2.6329236354426366,0.03687766608203376
dup,B,ASAS14jz_B_comb_dup.fits,25,1.546377914972275,1.5449776821806287,0.050208627602552604,1.6919258530917018,0.013340388431667254
dup,V,SN09al_V_comb_dup.fits,25,1.5462455287568542,1.6796330395895027,0.3626935376462946,2.74548615802738,0.0832916433608066
dup,B,SN2012fr_B_comb_dup.fits,23,1.543092559696542,2.061251290470985,1.362999497127318,5.502671655747543,0.8436214303854741
swo,V,SN07ax_V_comb_swo.fits,25,1.5429075149951288,1.6387750183238894,0.32289850055874036,2.8402228867979296,0.024482997374109274
swo,V,SN05mc_V_comb_swo.fits,25,1.5425335176627928,1.6055896506941656,0.35341803489056883,2.751035981480716,0.030580427098570173
dup,V,SN10ae_V_comb_dup.fits,25,1.5376209442267317,1.6336304446778143,0.3121626195381848,2.701524881775096,0.07336549892235662
dup,B,CSP14adc_B_comb_dup.fits,24,1.5246170919332993,1.5516678126403518,0.12760126522504014,2.107862648517966,0.04817585754685545
dup,B,SN08fl_B_comb_dup.fits,25,1.5235958826759597,1.5411643296837432,0.06912482840033787,1.7993034654774165,0.04329589600820259
dup,V,KISS15m_V_comb_dup.fits,23,1.5128803119157683,1.4431535571109209,0.7232045284454681,2.719238228681378,0.054339313167507106
dup,V,CSP14aar_V_comb_dup.fits,25,1.509123926926886,1.5352603401028135,0.1994478271487184,2.423298925046832,0.02031348445834259
dup,V,CSP13aae_V_comb_dup.fits,25,1.4914391010923205,1.542724280987498,0.20470334614529964,2.480663931951074,0.07532695920384938
swo,V,SN06gj_V_comb_swo.fits,25,1.4867241014736243,1.530729974200132,0.1900303836046422,2.4335228390353723,0.021273181917401945
dup,B,LSQ11bk_B_comb_dup.fits,25,1.486188137405098,1.4806219119598407,0.019833035415207135,1.5122525559850108,0.0172876781199398
dup,B,SN07st_B_comb_dup.fits,17,1.4775143236107362,1.1777068894782319,0.699936662789255,2.8363144015347634,0.2520776051436273
dup,V,SN2011jt_V_comb_dup.fits,25,1.4755160657464494,1.5179422238410953,0.20641727092358086,2.484405211825952,0.03198979394988279
dup,B,CSP13P_B_comb_dup.fits,25,1.4699294633063722,1.4706594329846265,0.018250856732390266,1.501594380588786,0.020830973948464424
dup,V,SN08fl_V_comb_dup.fits,25,1.4657260812198176,1.5605998430739225,0.2885635000138585,2.693691403544635,0.0840664304916468
dup,B,SN08J_B_comb_dup.fits,25,1.464381141813277,1.9472874357110244,1.1223539009235208,6.087269950408173,0.07270958781066637
dup,V,SN09Y_V_comb_dup.fits,25,1.4637117156920725,1.5003490778642332,0.16567872170866738,2.28364040862545,0.025184415755385013
dup,V,SN07st_V_comb_dup.fits,16,1.4634936565644994,1.1714075338781862,0.736481089274109,2.74137210754282,0.9883788489894095
dup,B,CSP14acm_B_comb_dup.fits,24,1.4529304748949103,1.425350038210296,0.40015975149928,2.7209932342652725,0.049925002713194715
dup,V,SN07le_V_comb_dup.fits,19,1.4494916614192643,1.210951534100084,0.45024210313133545,1.5742833876308708,0.06153696523641759
dup,B,CSP12M_B_comb_dup.fits,25,1.4450297654322153,1.6437663276710446,0.36442931064705186,2.5526785061365005,0.06442037911616236
dup,B,SN09Y_B_comb_dup.fits,25,1.4441452479138568,1.4706846052711817,0.09039217586800868,1.8413994675088905,0.020799590517357126
swo,V,SN05na_V_comb_swo.fits,25,1.4434141975865742,1.5214863583817748,0.18001909859795936,1.9775805856437367,0.058820565473908466
dup,V,CSP13am_V_comb_dup.fits,25,1.4430323163720709,1.4095118636598625,0.270570609215746,2.154138438883851,0.09645498423253199
dup,B,SN05am_B_comb_dup.fits,23,1.4425093944219654,1.5023884382380732,0.32089523466714204,2.6950125188442504,0.049326067142297876
dup,B,PTF14fpg_B_comb_dup.fits,22,1.4418388924118246,1.39470133051041,0.39527905214666054,2.390392941713705,0.043570015719045375
dup,B,SN07as_B_comb_dup.fits,19,1.4299331212139046,1.2865759753224777,0.3689035524182876,1.5469151855234646,0.05514124565509768
dup,V,SN04gs_V_comb_dup.fits,25,1.4258103791188628,1.5131945931012223,0.29278904215638846,2.725905629941864,0.05062109703506988
dup,V,PTF13ez_V_comb_dup.fits,25,1.4218267603311772,1.558705857313213,0.43858588332338044,3.0050604976424005,0.05805679165768133
dup,V,CSP14acy_V_comb_dup.fits,25,1.418317666562396,1.5970507496266513,0.6631372014630809,4.362151042408804,0.168953738352355
dup,V,SN05W_V_comb_dup.fits,24,1.4155961470305176,1.2680555965875018,0.5493970676202212,2.611802968998869,0.03860039331255562
dup,V,ASAS14lt_V_comb_dup.fits,22,1.409365536341359,1.4694420333420093,0.2679324785627144,2.667613036369331,0.010726844703350601
dup,B,SN04dt_B_comb_dup.fits,21,1.4072067098747811,1.1572813345923916,0.7923569059781203,2.822547930280373,1.2707740575457702
dup,B,SN09al_B_comb_dup.fits,25,1.4065303252831798,1.5182314202424414,0.33495353183427684,2.5593489366740765,0.057325772667563654
dup,B,SN09F_B_comb_dup.fits,25,1.4050196251480918,1.500521812826881,0.30197220453406315,2.567282336190651,0.039344797044373
dup,B,ASAS14jg_B_comb_dup.fits,25,1.4046032744932369,1.3291284457988646,0.5729179968355688,3.3141425486447926,0.038707268798786894
swo,V,SN06is_V_comb_swo.fits,25,1.4038678439484578,1.502270100442193,0.2917146353954798,2.8129157776952125,0.02995187720112715
dup,B,SN08O_B_comb_dup.fits,24,1.403804360103924,1.3782531206089583,0.21541956851998378,1.56238342424531,0.009229658808937459
swo,V,SN05ku_V_comb_swo.fits,25,1.4028267568181034,1.5807046250541652,0.39160105226795816,2.941328338785993,0.0343970704720969
swo,V,SN05ki_V_comb_swo.fits,25,1.397932315441374,1.4682080409034177,0.4552255601962017,2.827366879807507,0.02445722638349734
dup,B,LSQ11pn_B_comb_dup.fits,25,1.3971506754624676,1.4216997142034007,0.1489613831440379,1.9304272431655,0.09736203157720509
dup,B,CSP13an_B_comb_dup.fits,25,1.3922379391329924,1.4435000039602037,0.20526541892739267,2.3663067357489624,0.02088528324510295
dup,B,SN09J_B_comb_dup.fits,25,1.390899492157267,1.4225395805664975,0.1351980859143249,2.052961424977405,0.023611276706940118
dup,V,CSP13U_V_comb_dup.fits,22,1.3852727451246474,1.2558496875246734,0.35200479519680955,1.430544559294631,0.015926405973343216
dup,V,SN05bl_V_comb_dup.fits,24,1.3818218653389014,1.4054257670359336,0.5621754653702828,2.589230371751592,0.046851487972177495
dup,V,SN05bo_V_comb_dup.fits,25,1.3787232402553171,1.3701717462120535,0.43747685485927706,3.109046240849493,0.02621286296001761
dup,V,ASAS14jg_V_comb_dup.fits,25,1.3768168455240868,1.4284339379616648,0.2048155648505329,2.197465380444263,0.11810071634136386
dup,V,LSQ12hxx_V_comb_dup.fits,25,1.3715945515599035,1.5064131578635753,0.4157171387877489,2.614407467229817,0.14403370148728992
dup,B,CSP13abs_B_comb_dup.fits,25,1.370825681858843,1.403994985662417,0.14825621881335224,2.101918653743259,0.017100684304929798
dup,B,SN09P_B_comb_dup.fits,24,1.3693786550403135,1.577487090529541,0.6341207169314426,3.7753152251790607,0.03316455562762228
dup,B,CSP13N_B_comb_dup.fits,25,1.3620507799777914,1.3636352976620907,0.23498077634085124,2.225455616552097,0.0272403657865351
dup,B,LSQ14ghv_B_comb_dup.fits,23,1.3609643796514246,1.2383619612421035,0.44762008632856026,1.9830886391466016,0.01964410185160137
dup,V,ASAS14jz_V_comb_dup.fits,25,1.3609088324159508,1.4154947665557855,0.24212793106153854,2.568771072580794,0.03530767183557502
dup,B,CSP13U_B_comb_dup.fits,23,1.3590514540861691,0.9733124243768446,0.5103265645612988,1.4020133013804132,0.04503701892310322
dup,B,ASAS14hu_B_comb_dup.fits,25,1.358466311988241,1.3724519331010798,0.10202551428757592,1.601495542554222,0.09038573156956552
dup,B,CSP13am_B_comb_dup.fits,25,1.3573753852637769,1.3409744704186508,0.25151660567984313,2.216083232916291,0.1222596953993002
swo,V,SN05ke_V_comb_swo.fits,24,1.3549792021694778,1.5003205515989955,0.6202501266191184,3.4749098249470998,0.04781386845321146
dup,B,SN07so_B_comb_dup.fits,25,1.353176454315686,1.4265685819582452,0.25243901576528976,2.394124099657472,0.0645538639511999
dup,V,LSQ11pn_V_comb_dup.fits,25,1.3516213185911607,1.3708742537654586,0.20787373457984595,2.290107800961159,0.017645546459345282
dup,V,LSQ13dqh_V_comb_dup.fits,25,1.3508986878731697,1.378250287305644,0.14682074140667586,2.070821192782248,0.01833391276340277
dup,B,SN07ca_B_comb_dup.fits,18,1.3504372958916018,0.9249336757581911,0.5182743676567381,1.4234187656852035,0.10680185576736334
swo,V,SN06gt_V_comb_swo.fits,25,1.3490978733763794,1.2266536939544448,0.6483097097556271,2.9113842388627558,0.8076909090413713
dup,V,CSP13P_V_comb_dup.fits,25,1.3447923701303657,1.374935781819827,0.14677517196161682,2.06330295874605,0.02144800264348084
dup,B,LSQ14jp_B_comb_dup.fits,25,1.3392292379921742,1.3699619195850599,0.20066352051790987,2.311408939078058,0.049325292807401014
dup,B,PTF13anh_B_comb_dup.fits,25,1.3384671026163475,1.3467471783912977,0.08819117810386513,1.587745798863646,0.08764054375901759
dup,B,PTF11ppn_B_comb_dup.fits,25,1.3384397020585082,1.3520789950752663,0.09695925858483836,1.5959043200430716,0.04749838521296497
swo,V,SN06eq_V_comb_swo.fits,25,1.338193229673356,1.4629224453467253,0.26768248126541827,2.2772300944668262,0.032426478630719624
dup,V,SN08bq_V_comb_dup.fits,25,1.3361500578410903,1.4683181089403394,0.32133574680400695,2.506278356572143,0.11214663842221348
dup,V,SN08J_V_comb_dup.fits,25,1.3354099805092872,1.4579275712664272,0.34779682284441776,2.761399662559055,0.028427482023587896
dup,B,CSP13aao_B_comb_dup.fits,25,1.3315269925278634,1.3172908112946065,0.31171854894314005,2.498234964253821,0.08981090584437358
dup,V,ASAS15dd_V_comb_dup.fits,25,1.33030581364532,1.3692189777426116,0.15676337627282005,2.1110922986035856,0.0194618053547647
dup,V,CSP14abh_V_comb_dup.fits,25,1.3302744157797728,1.435647224363137,0.29835139962330054,2.3392832350502437,0.04248537108474565
swo,V,SN06ob_V_comb_swo.fits,25,1.32656172782641,1.157779628851752,0.4423747879486573,2.1612945653828657,0.027598446222350234
dup,B,LSQ13dqh_B_comb_dup.fits,25,1.3259883155565222,1.2551419555883,0.2653630562188391,1.3731073574628945,0.025450702806030553
dup,B,SN2011jt_B_comb_dup.fits,25,1.3195464328355513,1.3207528023269,0.24882624555168087,2.0173986912890154,0.044273944911060265
dup,B,SN05iq_B_comb_dup.fits,23,1.316284364082688,1.2666517475212076,0.2975190922153413,1.978447844470538,0.19435896081323353
dup,B,LSQ14wp_B_comb_dup.fits,25,1.3160047784394195,1.315888049549255,0.06370088477714214,1.4675204244168805,0.07508435565708886
dup,B,CSP14aaw_B_comb_dup.fits,23,1.312268264539822,1.1745294705722322,0.5080060360875196,2.363297091936357,0.098419627414858
dup,V,ASAS14hp_V_comb_dup.fits,25,1.3119689673382915,1.3521312392365388,0.17350107651271893,2.1673664717228536,0.009675149102381536
dup,B,SN08bq_B_comb_dup.fits,22,1.3110471468456537,1.3221970021175133,0.3162601015400545,2.266296258310876,0.10296582677993044
dup,B,SN05al_B_comb_dup.fits,24,1.3075972578058286,1.2060750241908464,0.3889211063857064,1.5694104046780508,0.09729762677929064
dup,V,SN08C_V_comb_dup.fits,25,1.306014355283812,1.3480841702483644,0.2422949764510914,2.0533333075663185,0.2060527115454878
dup,B,LSQ15aja_B_comb_dup.fits,25,1.3059118409205803,1.328245787917671,0.06241715852011294,1.469762571527075,0.04728620018996256
dup,B,PTF13ez_B_comb_dup.fits,25,1.3058903537174862,1.4037948077252338,0.36610389725975406,3.090887177084874,0.04101005478921712
dup,B,PTF13efe_B_comb_dup.fits,25,1.3040003186165487,1.2986832178671577,0.04429562025172686,1.4100696637719472,0.02784283543649845
dup,V,PTF11ppn_V_comb_dup.fits,25,1.3033316258693193,1.337611144616548,0.13200659188529704,1.890607614101902,0.022672322610754175
dup,B,LSQ12hxx_B_comb_dup.fits,25,1.3018478709319736,1.4537584684329286,0.484361822553714,3.2774802343416067,0.18058649194854806
dup,V,PTF13anh_V_comb_dup.fits,25,1.30167479136383,1.2942858243158257,0.07278831656342716,1.4550083228903197,0.08712726093966078
dup,B,SN07bc_B_comb_dup.fits,22,1.3013866173164819,1.3502401890872877,0.397474700753909,2.791364006717646,0.07783211307891053
dup,B,CSP13B_B_comb_dup.fits,25,1.299723610079362,1.3196106934069247,0.09954562797674858,1.7695215798204378,0.03241386731812645
dup,B,ASAS14kq_B_comb_dup.fits,22,1.2970190253184013,1.1681433292123753,0.33363487367434846,1.3171035169326248,0.014457242794499366
dup,V,PTF14fpg_V_comb_dup.fits,25,1.296508803434553,1.3296255250033706,0.16961544732284395,2.128142058420865,0.025840270467629906
dup,B,SN04gu_B_comb_dup.fits,19,1.2958666871712607,1.2056493545584415,0.6961693216146725,2.877882642908989,0.1316429325185225
dup,B,LSQ13dkp_B_comb_dup.fits,22,1.2917403521949868,1.1886346222780162,0.5956694588059931,2.595473584870005,0.04116114840326368
dup,V,LSQ14ahm_V_comb_dup.fits,25,1.2905534494563995,1.4147732882914517,0.3196560808650081,2.1044052998982807,0.20892665276623418
dup,V,CSP14acm_V_comb_dup.fits,25,1.2862445603528418,1.2916703166821726,0.043467905176040385,1.3816827420031743,0.04509437913781538
dup,V,ASAS14my_V_comb_dup.fits,24,1.284581444901467,1.5295855173105741,0.7215349469331882,3.3939691073253324,0.02175817310799192
dup,V,SN04dt_V_comb_dup.fits,19,1.282567221555095,1.0765010550715752,0.5306800142073127,2.20654513771539,0.04278821542236242
dup,B,SN07jg_B_comb_dup.fits,25,1.2813524269610337,1.2310428827656468,0.2556413419309484,1.5932535404334027,0.030089731988159518
dup,B,CSP13aam_B_comb_dup.fits,25,1.277573551732635,1.2882838206126792,0.06755478566419436,1.4963719819492298,0.058844898250595405
dup,V,SN09ad_V_comb_dup.fits,25,1.2751298238526831,1.2902936220395986,0.0840072443646171,1.5927179448922846,0.039281459357567
dup,B,CSP14acp_B_comb_dup.fits,25,1.2740994617802208,1.3158481112601979,0.2383272734640699,2.449584567031484,0.03447983655337321
dup,B,CSP13aba_B_comb_dup.fits,19,1.2714047546243537,1.1062544827488898,0.648104053679521,2.995194117621236,0.07298126037050184
dup,B,CSP13aad_B_comb_dup.fits,25,1.2684589746284678,1.2843977748856292,0.05460548790745864,1.436758424157666,0.050152854528890366
dup,V,SN04ey_V_comb_dup.fits,25,1.265787652324384,1.223944819734274,0.20045960632224263,1.4462414639207175,0.06579779867668892
dup,V,SN2012fr_V_comb_dup.fits,21,1.2657337679716625,1.8944570948708692,1.5477028278704936,7.238756393831852,0.7282187057224656
swo,V,ASAS14jc_V_comb_swo.fits,25,1.2613350131189651,1.2576736857232076,0.21194607525186485,1.64018511190108,0.2114023983543432
swo,V,ASAS15be_V_comb_swo.fits,25,1.2593624350332349,1.2251638823804785,0.17202584265636384,1.3105608729671403,0.020819651065616392
dup,V,CSP13an_V_comb_dup.fits,25,1.2589280352539327,1.3711195287310114,0.3182699363266996,2.4751937797820323,0.017254698933792435
dup,B,SN07le_B_comb_dup.fits,21,1.2569961031850565,0.8785392906112067,0.4616468880994571,1.3643819398713783,0.15921047970722105
dup,V,CSP14adc_V_comb_dup.fits,25,1.2564293066484813,1.3332530603457207,0.26598243073744815,2.425568312156626,0.04865823666981506
swo,V,SN06hb_V_comb_swo.fits,25,1.254937146187793,1.3159863504610314,0.2009127412754251,2.195072802785932,0.04296755902998044
dup,B,LSQ11ot_B_comb_dup.fits,25,1.2536070409381834,1.2565573704954687,0.033411138022183304,1.374692339907287,0.03171485178761283
dup,V,SN05am_V_comb_dup.fits,25,1.2509774851011963,1.3669966510190588,0.2480832839350719,2.0925307143319234,0.07015900897878558
dup,B,SN08go_B_comb_dup.fits,25,1.250758241684469,1.3321353355730603,0.3405581706611676,2.665287216910551,0.04967240823112336
dup,B,SN08gg_B_comb_dup.fits,25,1.2496661398441604,1.3980763061470114,0.41290440228184694,3.023378755129186,0.017733398825476726
dup,V,CSP13aaq_V_comb_dup.fits,25,1.249332467406478,1.2884296608072285,0.16922654724494804,2.018581137061984,0.02598814878152942
dup,B,LSQ13dhj_B_comb_dup.fits,19,1.2484311208654115,1.2587624749488735,0.03460136453518519,1.344030340893087,0.028329017377326553
dup,B,SN08fr_B_comb_dup.fits,19,1.2472360950223615,1.2639036563499462,0.2711248270437825,1.6031762990603269,0.04552460037492021
dup,B,PTF13dym_B_comb_dup.fits,25,1.2471941156930184,1.2213197417962274,0.3863545101485719,2.138104008062328,0.03867853760785951
dup,V,LSQ14ghv_V_comb_dup.fits,24,1.2470194164466157,1.2562248505561902,0.24632457411858136,1.839280693057132,0.011644316223788772
dup,B,SN08bi_B_comb_dup.fits,21,1.2469087041874165,1.2455571905415597,0.3761505938522705,2.115687156678702,0.08972026786418207
dup,B,LSQ14ahm_B_comb_dup.fits,25,1.2468112284634931,1.414015037172068,0.3685297825556165,2.1718052485723,0.03614027682877699
dup,B,SN05be_B_comb_dup.fits,23,1.242454344957553,1.1106364590039082,0.533910203759156,2.3797683493867265,0.0316355747411623
dup,B,SN05bl_B_comb_dup.fits,18,1.2413064407685983,1.1658355841135364,0.6043848794372827,2.496065512891461,0.08111450998165733
dup,B,SN08hu_B_comb_dup.fits,25,1.2397817814851315,1.1929460030148349,0.2094649533614354,1.6199538170040928,0.3003154023459509
dup,B,ASAS14my_B_comb_dup.fits,24,1.2366379872457618,1.2462953783293689,0.6887585162284362,3.1433012948412205,0.03300886019008864
dup,B,SN2012U_B_comb_dup.fits,25,1.2328780698355115,1.4095546121427895,0.7462106561158312,4.913638445721851,0.028524943836691716
dup,B,ASAS15as_B_comb_dup.fits,25,1.2315957612932011,1.3995543085062407,0.4239601383046567,2.631960346866667,0.04230725041158767
dup,V,LSQ14wp_V_comb_dup.fits,24,1.2315147513207827,1.232635883856817,0.0658150156033764,1.3536069034197558,0.06021172216084421
dup,V,CSP12G_V_comb_dup.fits,25,1.2312845326535844,1.144886083041022,0.18220012085497664,1.3511573689236855,0.0763111575846181
swo,V,CSP13aao_V_comb_swo.fits,25,1.230721539318742,1.2536887916512354,0.265154918038129,1.819104254375396,0.340820953506843
dup,B,CSP13aap_B_comb_dup.fits,25,1.223840791067229,1.0516646968633743,0.7061890686509559,2.702562200179345,1.040605875399129
dup,V,LSQ15aja_V_comb_dup.fits,25,1.222101789037107,1.236442521752219,0.06262319788655828,1.335404763387283,0.08396117577524567
dup,V,PTF13efe_V_comb_dup.fits,25,1.220425061074169,1.2388255038720688,0.0588117810982693,1.4579281594021,0.0271334606609934
dup,B,SN2013hn_B_comb_dup.fits,25,1.2202904475443277,1.2864038037217853,0.3286368437163836,2.859522859956067,0.0190978098676721
dup,V,SN05iq_V_comb_dup.fits,25,1.2169628461718571,1.1871521266090206,0.30541825036631143,1.868550521135135,0.1626839805356212
dup,V,ASAS14kq_V_comb_dup.fits,25,1.2167672230529392,1.2424740319378844,0.27877858375684983,2.1413786970617763,0.018955212487504983
dup,B,ASAS15hg_B_comb_dup.fits,25,1.2166558511189771,1.2874969517000077,0.1815984234537442,1.9194431375527847,0.05223492158910421
dup,V,SN07jg_V_comb_dup.fits,25,1.214885291502862,1.271222753233004,0.17410896713354462,2.0477079666087468,0.024277655528775578
dup,V,SN05bg_V_comb_dup.fits,21,1.2139527071095229,1.0029856625816782,0.3943818818383188,1.4999513325975982,0.09689649217124904
dup,V,CSP13aad_V_comb_dup.fits,25,1.2138713044902114,1.2252291571948202,0.07500289412066795,1.4040944434221512,0.06021717099254982
dup,B,SN05M_B_comb_dup.fits,16,1.2105851311377835,0.9606240902719503,0.46444527296534444,1.6952812561073682,0.13422582763489824
dup,V,SN07ca_V_comb_dup.fits,25,1.2090865813423284,1.2044431945974892,0.07398015822200818,1.444375472503555,0.060479188340148156
dup,B,SN04ey_B_comb_dup.fits,22,1.2088812651226775,1.1341713838671543,0.30437978445708835,1.5365105611223775,0.06971798808622187
dup,V,CSP13al_V_comb_dup.fits,25,1.2069894350167414,1.25576681776839,0.1254493226488452,1.7195672788585947,0.022989288904369836
dup,B,SN08C_B_comb_dup.fits,25,1.206385497486219,1.2813292047522589,0.1747611514204407,1.9489364372780424,0.04677130616160474
dup,B,SN2012E_B_comb_dup.fits,25,1.205985224838478,1.3238857353961457,0.2876609427998886,2.132713829359888,0.0517555674309265
dup,B,CSP14aal_B_comb_dup.fits,25,1.2044484550172525,1.22511594853029,0.10130114442381824,1.6969639229198927,0.02783649695800698
dup,V,SN05ag_V_comb_dup.fits,25,1.2044226744449325,1.3669057790767603,0.3323321786651276,2.550483623473212,0.0348157433414609
dup,V,CSP13aap_V_comb_dup.fits,25,1.203930607493591,1.3567413698079165,0.5745669852861485,2.498315229341452,0.05811520171217393
dup,V,SN05al_V_comb_dup.fits,25,1.2034016466012447,1.2655177056794755,0.2648835332260952,2.4110525098137283,0.11309321154880105
dup,V,CSP14aay_V_comb_dup.fits,22,1.2021633502992066,1.2934585425443634,0.4114531877578566,2.514001227120161,0.03559984558753217
dup,B,ASAS15aj_B_comb_dup.fits,25,1.2013628674967525,1.2996324913169213,0.5797809507283078,3.852166074360458,0.24952059331657492
dup,V,SN09J_V_comb_dup.fits,24,1.1993897837462568,1.3175293820748082,0.44465310352277365,3.3571190905598622,0.046456030031139656
dup,V,CSP13N_V_comb_dup.fits,25,1.1967454863396756,1.2448120823038051,0.1775722757396615,2.057058700612216,0.03585986776464435
dup,V,ASAS14hu_V_comb_dup.fits,25,1.195952034650027,1.2026644491138159,0.13776634984589303,1.5333968922358818,0.06662413316214981
dup,B,CSP14aay_B_comb_dup.fits,24,1.1951839585883297,1.13323206722795,0.5303145288798551,2.548021946845573,0.054939523157505936
dup,B,CSP15aaj_B_comb_dup.fits,25,1.1948803595840347,1.2685822623931704,0.27237050315838907,2.366697015157796,0.03817283002783769
dup,V,CSP13aam_V_comb_dup.fits,25,1.1943246841370427,1.2213168129945362,0.06645875786561062,1.3754366890848293,0.049748217246744796
dup,V,CSP14acp_V_comb_dup.fits,25,1.1942688640664358,1.235651703512259,0.3289749802132481,2.431918643070049,0.028359844252840816
dup,B,ASAS14lt_B_comb_dup.fits,23,1.192248232121797,1.0771544856742477,0.47288107086030456,2.5022610266518064,0.024308479332526486
dup,V,SN07as_V_comb_dup.fits,24,1.1899846550263362,1.2063258150371707,0.07574791281216944,1.471382290034034,0.042208643610761126
dup,V,SN2012U_V_comb_dup.fits,25,1.1888076739024054,1.2352790721437037,0.21682300800961085,2.1903635527412693,0.07223128534974506
dup,V,CSP12J_V_comb_dup.fits,25,1.1847654604526388,1.237423642809421,0.1688556516501195,1.8159748461906984,0.08306055459515622
dup,B,SN05bg_B_comb_dup.fits,21,1.1798096553907291,1.0200151324034394,0.4802059873344724,2.357201891885909,0.23579867933941545
dup,V,SN07so_V_comb_dup.fits,25,1.1791933567281083,1.2352812682060117,0.31321045289837385,2.215515842637877,0.051713010946671675
dup,V,ASAS15ga_V_comb_dup.fits,23,1.1777885589029042,1.238349921964472,0.26124813890868426,2.3616159990736487,0.09440308084025696
dup,B,LSQ14ie_B_comb_dup.fits,25,1.1763380845090794,1.1781675744356266,0.09861261327073412,1.4008539653356564,0.12865461614139745
dup,V,CSP14aaw_V_comb_dup.fits,25,1.175420045956761,1.2455697995955672,0.24344368069131553,2.091447882432825,0.06171033615799322
dup,V,SN08gg_V_comb_dup.fits,25,1.1737625557246851,1.2866002711807678,0.28230539178992115,2.0425700610414106,0.009699212273128309
dup,B,SN09cz_B_comb_dup.fits,24,1.1737173317239806,1.567667752599493,0.9971985095524912,5.759852509130567,0.11540586796313515
dup,B,SN07hj_B_comb_dup.fits,20,1.1731779062726801,0.9445945616465738,0.5890536206669986,2.6076329386911525,0.304230596784934
dup,V,SN06bd_V_comb_dup.fits,17,1.1729975179475278,0.9289850007414674,0.5089767158889638,2.0561226565428483,0.18858985406804893
dup,B,LSQ15alq_B_comb_dup.fits,25,1.1663335539981028,1.1695529031944223,0.036217979208857186,1.248043161164638,0.043475354123732796
dup,V,LSQ13dhj_V_comb_dup.fits,25,1.1638064226641045,1.193414021829165,0.13299172731975026,1.808667297819578,0.03924634387571244
swo,V,SN06dd_V_comb_swo.fits,16,1.162619430527902,1.198587182608935,0.47229273325160237,2.7702730216648277,0.028197802920441682
dup,V,SN04gu_V_comb_dup.fits,19,1.1608316558213052,1.232565778299389,0.6535614168511228,2.541607778519308,0.2909527083906166
dup,B,SN05ag_B_comb_dup.fits,24,1.1584578177265898,1.0715517833902912,0.4040056356252215,2.1636486202880443,0.06293791403681422
dup,V,CSP13aba_V_comb_dup.fits,24,1.1577981811176392,1.040528424135059,0.5045994457301016,2.213040929894148,0.07445421891550606
dup,B,CSP13ag_B_comb_dup.fits,25,1.157041281619584,1.1641412024394406,0.03516564514400357,1.2549500538594751,0.02450443268597122
dup,B,ASAS15hf_B_comb_dup.fits,25,1.156557161307466,1.1598866058354056,0.051165229505967386,1.3148805882418746,0.03637287338927618
dup,B,ASAS15ga_B_comb_dup.fits,24,1.1564037100616447,1.035806547121419,0.34987887470640366,1.4510058799942664,0.08241551686912593
dup,B,SN08fu_B_comb_dup.fits,25,1.1540799711513714,1.2374124646609979,0.22538147550803478,1.91021862451524,0.06350403360277249
dup,V,CSP13aao_V_comb_dup.fits,25,1.153446454628614,1.2311697856791641,0.37993218351840513,2.834658747238699,0.04723262042394227
dup,B,PS15sv_B_comb_dup.fits,25,1.1530998576241642,1.1830981034439552,0.06365017196859701,1.356318538441646,0.03834463086249448
dup,B,LSQ12bld_B_comb_dup.fits,25,1.153012254799294,1.1847405215178286,0.1636477282170391,1.892542190695664,0.06181770171885684
dup,B,SN07bd_B_comb_dup.fits,25,1.152760596798295,1.1647334641609939,0.19529384262094457,1.7044671735974295,0.0420179161623927
dup,B,SN08hj_B_comb_dup.fits,24,1.1497935955516176,1.5213636453809103,0.6196098901445054,3.2386386542548777,0.1387549468193219
dup,B,CSP13aaf_B_comb_dup.fits,22,1.1477268809753634,1.0876753941271655,0.4508463967262072,1.9136810129886028,0.09662908610925729
dup,B,LSQ14azy_B_comb_dup.fits,22,1.1459016534043918,0.9704365912435851,0.4057867468325995,1.8053263779897808,0.07519471513532833
dup,B,CSP12J_B_comb_dup.fits,25,1.1436752479850667,1.1936080659503763,0.2233035466058379,2.193798882227483,0.06653030234653352
dup,V,CSP13B_V_comb_dup.fits,25,1.141733567758784,1.2004218564200715,0.19714670879811771,1.9941903691887224,0.050770462584756294
dup,B,ASAS15cb_B_comb_dup.fits,20,1.140539511537487,0.9481217055158794,0.36742189722086205,1.200666059849418,0.034158260665913605
dup,B,SN09I_B_comb_dup.fits,25,1.14012668093029,1.3224964717536454,0.47011613912124184,2.87101794949267,0.03277617448816961
dup,B,LSQ12hzj_B_comb_dup.fits,25,1.139847311905056,1.1066900486729994,0.18203125806631468,1.2562682908818006,0.09861924624502322
dup,V,ASAS15hg_V_comb_dup.fits,25,1.1392635246144915,1.2538331580642108,0.24703976139656064,1.9081675680024688,0.045536782928018146
swo,V,PTF13ebh_V_comb_swo.fits,25,1.1383425597827943,1.2041607221228792,0.22808162073082397,2.233868995624301,0.04245571342073143
dup,V,CSP13abm_V_comb_dup.fits,25,1.1380758026567153,1.1573939321515914,0.09650262677840754,1.6067005514209585,0.029987279468522192
dup,V,SN08bc_V_comb_dup.fits,25,1.1368823125873802,1.1329218893594108,0.16965406501867925,1.4871062249958105,0.19479398174134743
dup,V,CSP13bf_V_comb_dup.fits,25,1.1363783063977158,1.1729347939682462,0.11579764265595249,1.6941411682385643,0.04039840502475096
dup,V,ASAS15gr_V_comb_dup.fits,25,1.13530584240237,1.1916180124630342,0.2932156248846342,2.241446314241278,0.1381072206449567
dup,B,LSQ14bjj_B_comb_dup.fits,25,1.1348561213184742,1.175191183078714,0.13471142598622746,1.756158975375535,0.040750880862183154
dup,V,SN08bi_V_comb_dup.fits,24,1.1348141498744182,1.2592535286955517,0.49605798447558985,2.5125985442925285,0.20270370174664779
dup,V,LSQ15alq_V_comb_dup.fits,25,1.1313818254856596,1.1360582747652808,0.05654456575890031,1.2993083556760436,0.037783148229931424
dup,V,SN08hv_V_comb_dup.fits,25,1.1302414453557712,1.4051204677040605,1.1660636034238017,6.706947272699129,0.07464878377749665
dup,B,ASAS15go_B_comb_dup.fits,25,1.1289395069993096,1.155595205548976,0.08573337680907933,1.4590463454810274,0.02633416761661665
swo,V,ASAS15ba_V_comb_swo.fits,25,1.1288199644823638,1.1406136662997683,0.04297540760697237,1.3254499293497666,0.01789902276771184
dup,V,SN07hj_V_comb_dup.fits,18,1.1270422365794466,1.0788332817757171,0.4979874858979715,2.6718805424989958,0.03620443315215576
dup,B,LSQ14xi_B_comb_dup.fits,24,1.1269144643689677,1.1326850330719525,0.1965326840468551,1.835281606173503,0.01477215210819274
dup,V,SN08hu_V_comb_dup.fits,25,1.1267449319222036,1.2005762518725829,0.18297476185991163,1.6618296803009651,0.11216896076489495
swo,V,CSP14acp_V_comb_swo.fits,25,1.125796583066763,1.1694560515743586,0.2487523292282618,2.257892387373356,0.1333551915893985
dup,V,SN2012E_V_comb_dup.fits,25,1.124615994638278,1.2813355115997618,0.3108296068803899,2.006802972250165,0.04442326255966018
dup,V,ASAS15hf_V_comb_dup.fits,25,1.124272237042296,1.2029081171221785,0.22734318208619037,1.9637416300415609,0.08526371226096212
dup,V,CSP12M_V_comb_dup.fits,25,1.1237844338827312,1.2961942243425002,0.32928590659175583,2.053838558461857,0.031511007117687784
dup,B,LSQ15agh_B_comb_dup.fits,25,1.1236400096219938,1.1425781691558827,0.3200223395358272,1.8141110957571285,0.06282623641285172
dup,B,ASAS15gr_B_comb_dup.fits,25,1.1229828594756357,1.1645210134139548,0.17003090736748966,1.7902044236038597,0.08211974287293017
dup,V,SN08ae_V_comb_dup.fits,24,1.1221766739889205,1.3485822773375793,0.6559707021460564,2.9375996528055883,0.0351361507355498
dup,B,CSP14acy_B_comb_dup.fits,25,1.1194514061492382,1.1237254094569633,0.032155398959789805,1.1843939287585463,0.02729075058999329
dup,V,SN08ia_V_comb_dup.fits,25,1.1193463399470216,1.176321593859697,0.18951937792901266,1.7863408569079278,0.14363694057859694
dup,V,CSP13ag_V_comb_dup.fits,25,1.1169619319432535,1.1560438513237967,0.13831566007746152,1.7940710740631216,0.03895492462042827
dup,V,LSQ11ot_V_comb_dup.fits,25,1.1162925998194613,1.1542881158057927,0.08991925971646729,1.376799351071409,0.04141125197157953
swo,V,SN09aa_V_comb_swo.fits,25,1.1153049805520645,1.139877314285532,0.11897092487002033,1.6842390589116971,0.0313297665035404
dup,V,LSQ13dsm_V_comb_dup.fits,24,1.1150163379406213,1.1938174397715982,0.20830491378984248,1.7723080492642822,0.030902734911789687
dup,V,CSP14aal_V_comb_dup.fits,25,1.1143965054982854,1.1797949351092543,0.16929880935973712,1.756192527090478,0.02459713787918327
dup,B,CSP14aaq_B_comb_dup.fits,25,1.1116597889801263,1.1382444178379016,0.11184440335951822,1.461376964979586,0.04165835599173338
dup,V,SN07hx_V_comb_dup.fits,25,1.111626625203163,1.0651712435745158,0.45188612009668466,2.561424671517361,0.03572686034828011
dup,B,CSP13abl_B_comb_dup.fits,25,1.1103840725341931,1.1243528753793806,0.047050725777513486,1.2453470339228794,0.03802307643291591
dup,B,SN08ae_B_comb_dup.fits,19,1.1102918003501725,0.8419387101938093,0.41275201460041444,1.249227329167911,0.09602389822362477
dup,B,LSQ12cda_B_comb_dup.fits,25,1.1099326568645853,1.0628081265292233,0.4752910944267097,2.887071776450191,0.05818172294460495
dup,V,ASAS15aj_V_comb_dup.fits,25,1.1085841410811506,1.2485205572331166,0.4174503122551159,2.520575489886552,0.2820698510866193
dup,B,CSP14aaa_B_comb_dup.fits,22,1.1084034731721768,0.7879713215748054,0.4095835407736411,1.1948685804852155,0.12499912472454336
dup,V,SN08fr_V_comb_dup.fits,25,1.1062558697607212,1.2020507552618822,0.2827024072856062,2.0438102526618938,0.08530310008704937
dup,B,SN2012id_B_comb_dup.fits,25,1.1051204971997912,1.1132308941273374,0.07389733136993454,1.2630594717387271,0.060907165339348736
dup,V,SN2013hn_V_comb_dup.fits,25,1.1049347186220786,1.1805677892893613,0.36115926160997097,2.906792603103834,0.031100140202895178
dup,V,SN09I_V_comb_dup.fits,25,1.1041570152301792,1.8655393401166935,1.6520509041122406,7.13567162599868,0.2751785552599074
dup,B,SN05el_B_comb_dup.fits,25,1.103796792821049,1.1039745118101785,0.2762518287731842,1.658559337855545,0.04217582350371445
dup,B,SN2012aq_B_comb_dup.fits,23,1.1029975344697502,1.0476206994991693,0.31894815912644486,1.9231562680985097,0.04483416906140617
dup,B,CSP13Q_B_comb_dup.fits,25,1.0986236849767776,1.1057819784003078,0.04143459612581581,1.172870052418314,0.05976701552374639
dup,V,CSP13abs_V_comb_dup.fits,25,1.0974524843892512,1.1273727758664334,0.11685203328589341,1.4563383753467485,0.04653820535077797
dup,B,ASAS14ad_B_comb_dup.fits,20,1.0961222461047073,1.0050372689186102,0.34537912503614276,1.7149073488257771,0.07030494315094216
dup,B,CSP13bf_B_comb_dup.fits,25,1.0949731824502424,1.118414390275457,0.10859704669781642,1.6272903353898125,0.023309830885665347
dup,B,LSQ12hzs_B_comb_dup.fits,24,1.092373415184936,1.1229954185763518,0.08894956214480412,1.3421421347500526,0.09502729593024141
dup,V,LSQ14ie_V_comb_dup.fits,25,1.0907356311748946,1.078342940431631,0.08678434269653924,1.2989438947267031,0.051960322314598406
dup,B,LSQ14gfb_B_comb_dup.fits,25,1.0899489095013768,1.0982801154604225,0.03087488655205435,1.2267685662645538,0.016509125173144384
dup,V,ASAS15go_V_comb_dup.fits,25,1.0894284318141672,1.1668372256037143,0.24642257033710613,1.989923497629836,0.06905961163564002
dup,B,SN06fw_B_comb_dup.fits,21,1.0886647779771144,0.9610825907955827,0.48862783453268965,2.5377028751591224,0.07806041340374116
dup,B,SN06hx_B_comb_dup.fits,23,1.0885432892015678,0.7853138144259124,0.39761065102897747,1.30196619089116,0.31642126752489225
dup,B,SN08cd_B_comb_dup.fits,25,1.0864739528543528,1.17278230325633,0.4794773118090891,3.115753890796058,0.14786101751803216
dup,V,LSQ12cda_V_comb_dup.fits,25,1.0853129047870809,1.2406389096972048,0.37345083318063904,2.5978691952700195,0.04279127904004737
dup,V,SN09F_V_comb_dup.fits,25,1.0836965869759432,1.2323130379055418,0.3031532932173234,2.240560268203888,0.07898558924263728
dup,B,SN05bo_B_comb_dup.fits,24,1.0823473622743767,1.1144135920167706,0.10417543241818052,1.3997696733208038,0.032588723701439025
dup,B,LSQ15aae_B_comb_dup.fits,25,1.0823248756054746,1.0889092048137683,0.03870699867870262,1.2234081635634673,0.024743174914699823
dup,V,SN05el_V_comb_dup.fits,24,1.0796971571967484,1.1211703140201157,0.12308310348216436,1.5054035669747228,0.031299258786302145
swo,V,ASAS15eb_V_comb_swo.fits,25,1.0789927064544251,1.142555112280315,0.37314026246166965,2.612596398116583,0.15318598886263982
dup,B,LSQ14fms_B_comb_dup.fits,24,1.0775456488566038,1.025366328001366,0.3062812269212915,1.8943448375929188,0.04460969712053842
dup,B,CSP13aay_B_comb_dup.fits,25,1.0769673417371608,1.1031595848936115,0.2673880671877403,1.994798159668804,0.08089245763276905
dup,B,LSQ14ip_B_comb_dup.fits,24,1.0764476643270502,0.9960479944532485,0.35474043575066416,1.93235958384983,0.08366848585500543
dup,V,LSQ15aae_V_comb_dup.fits,25,1.0759480453274004,1.122500072107051,0.1821175566041696,1.8761846091968395,0.017152436568952458
dup,V,SN08gl_V_comb_dup.fits,24,1.0754404255631596,1.2938456284390008,0.4638103362419709,2.48421658752616,0.2177529158681487
dup,B,LSQ12fvl_B_comb_dup.fits,25,1.0717461920515527,1.1563836099187708,0.54617588251117,2.827358674706196,0.4342438358389807
swo,V,ASAS15as_V_comb_swo.fits,25,1.069829785246875,1.147679515056175,0.2418221177641623,1.9460518194538072,0.061008946564679985
dup,B,CSP14ade_B_comb_dup.fits,25,1.0693471225172175,1.0799249789736387,0.03630679084468448,1.186733577278546,0.025016171079282366
dup,B,LSQ13dsm_B_comb_dup.fits,23,1.066915073830892,0.9671074345060506,0.36983836288624594,1.7516544416923951,0.044961815743428224
dup,V,SN09ds_V_comb_dup.fits,25,1.0653258071351417,1.3204161255184672,0.6593460343972409,3.8895022771520606,0.10046415469674447
dup,V,CSP13Q_V_comb_dup.fits,25,1.0649240802743378,1.0763185709846974,0.030833812353695533,1.1404036586008448,0.028288727467563085
dup,V,PTF14aje_V_comb_dup.fits,25,1.0629663515069094,1.108817336966696,0.14330162389788062,1.6482560871788854,0.0575995342110132
dup,B,SN07jd_B_comb_dup.fits,15,1.0619404127781504,0.9757329699586441,0.47915655860861756,1.578618259910659,0.5228496483157558
dup,V,PTF14w_V_comb_dup.fits,24,1.0609005060644012,1.121594059715476,0.37853787377038917,2.215651552174824,0.03551311832489068
dup,B,LSQ12ca_B_comb_dup.fits,25,1.0599053692694569,1.0470389072686987,0.045779728088884725,1.1562737044253029,0.04520656855643575
dup,B,SN07jh_B_comb_dup.fits,18,1.0596275376561373,0.9441893173502325,0.4215804774959928,1.934023027014011,0.10000457632689923
dup,B,SN09D_B_comb_dup.fits,24,1.0591531536621095,1.314153299375715,0.732275112497467,4.500246542052294,0.018306434111173126
dup,B,ASAS15eb_B_comb_dup.fits,25,1.0588669982190884,1.169512548935058,0.3206606817351081,2.6161875399745367,0.08104294296212587
dup,V,LSQ13cwp_V_comb_dup.fits,25,1.0581912266520377,1.1494742338826303,0.2987613342573357,2.3065775347023187,0.03138662890415898
dup,V,LSQ13dkp_V_comb_dup.fits,25,1.0575625659276466,1.2570541206686174,0.38770852270841716,2.2665348112541333,0.021962259339635703
dup,V,CSP14aaq_V_comb_dup.fits,25,1.057495276181538,1.1035829121328349,0.1780726551064868,1.7771471475869405,0.036751106198047744
dup,V,SN2013fy_V_comb_dup.fits,25,1.0560441688728026,1.0897036480891615,0.1327087059472499,1.6762725231231574,0.05412808882885883
dup,V,SN06ot_V_comb_dup.fits,21,1.054218667263685,0.975459034791964,0.43941369276433756,2.307066520510769,0.1335960536407607
dup,V,PTF13dym_V_comb_dup.fits,25,1.0535956801628283,1.186015532381824,0.33087804060562004,2.153294486648458,0.06880559899381178
dup,V,SN08go_V_comb_dup.fits,25,1.0528562241355512,1.1243694372894821,0.200738020406244,1.85203978291149,0.013001636173553493
dup,B,SN09ab_B_comb_dup.fits,25,1.0522949654342442,1.0880184207223529,0.16924784051563976,1.888480055270653,0.01901676527817345
dup,V,CSP14aaa_V_comb_dup.fits,25,1.0502679668899526,1.1130151710330014,0.4917431758591307,2.749855270179387,0.049034686042742935
swo,V,ASAS15gr_V_comb_swo.fits,25,1.0496985265243444,1.154060692878804,0.272431207841318,2.1757713104272223,0.12486678012315185
dup,B,LSQ14q_B_comb_dup.fits,25,1.0473505233104845,1.0710232288078423,0.35663200657076705,2.167113684306794,0.049233180857281934
dup,V,LSQ14bjj_V_comb_dup.fits,25,1.047226068550247,1.0966592967170683,0.21288758038524783,2.1082385237547974,0.0222064216296943
dup,B,ASAS14jc_B_comb_dup.fits,25,1.0463925332801107,1.081727271281108,0.11765469722437072,1.606710756144861,0.033311925669821524
dup,B,PTF13dwl_B_comb_dup.fits,25,1.0457107082659514,1.0480282969065093,0.04331281850256664,1.144392567710481,0.04883858094661765
dup,B,SN08bd_B_comb_dup.fits,25,1.044775740925722,1.0467214265205014,0.036046447272666336,1.1249639325395062,0.033667932812980646
dup,V,LSQ12gdj_V_comb_dup.fits,25,1.0441348613173147,1.1212323220785834,0.21804463478304414,1.7381050106145448,0.054644998690732055
dup,V,SN2012gm_V_comb_dup.fits,25,1.0433943117892912,1.0778029705208547,0.15106257876405663,1.7689157873347954,0.03307960521825575
dup,V,LSQ12bld_V_comb_dup.fits,25,1.0429565717371023,1.0964908744574642,0.1872169624799717,1.706726097597353,0.041671887602043794
dup,B,SN08R_B_comb_dup.fits,23,1.0428708669008278,1.0513194980036857,0.5457917393777433,3.0773988529461667,0.12467680278822056
dup,V,SN2012id_V_comb_dup.fits,25,1.0424066055457684,1.0431371768502617,0.10729142955052105,1.3837944104585735,0.05744064197238948
dup,V,SN09ag_V_comb_dup.fits,25,1.042352721348318,1.0958494399584484,0.18359315072174212,1.615099209520925,0.13080950023452273
dup,B,SN05hk_B_comb_dup.fits,20,1.0420320588711305,0.9172489929610294,0.31596248244864383,1.2751039145953798,0.05447119792574097
dup,V,SN09P_V_comb_dup.fits,25,1.0414204663334627,1.1814149642259004,0.473522218083879,3.337331857566403,0.034194016445762615
dup,V,LSQ14q_V_comb_dup.fits,25,1.0403539069609835,1.149475910448062,0.25281717963310124,1.8772955814531824,0.042072993908893214
dup,V,SN2012aq_V_comb_dup.fits,24,1.040180396379591,1.1358226146991834,0.25275227054021465,1.9467011730950707,0.03097508491673339
dup,B,SN07ba_B_comb_dup.fits,24,1.0381720768316227,1.0593268478788047,0.20628173650757584,1.4495732022133263,0.04186101188136445
swo,V,CSP13abl_V_comb_swo.fits,25,1.0374878543799069,1.0998679872751567,0.18711315778533535,1.5796292489360373,0.1223167551005773
dup,V,SN07bd_V_comb_dup.fits,25,1.0369586171809877,1.009271552313841,0.1509514577377129,1.192285765725637,0.054166632850840384
dup,V,CSP14ade_V_comb_dup.fits,25,1.0360539885752014,1.062068083882405,0.0770705329326282,1.3153948283987398,0.0303273165057171
dup,B,SN09ad_B_comb_dup.fits,25,1.033497875876071,1.304187862162559,1.1303901240911218,6.693067661663748,0.0468159318271779
dup,V,LSQ15agh_V_comb_dup.fits,25,1.0328066376713871,1.1293398799558296,0.25523030779905476,1.9798105131274253,0.05370406146906082
dup,B,PTF11pra_B_comb_dup.fits,25,1.032324965649357,1.3262203829476784,0.6213473389823363,3.4666269786160955,0.09012003431200494
dup,B,SN2012gm_B_comb_dup.fits,25,1.0314922510710056,1.0520502328550811,0.10724812021789226,1.5411408974421892,0.03017925670662796
dup,B,SN06br_B_comb_dup.fits,20,1.031424398749834,1.0381396742805247,0.10729114395989263,1.437504347245432,0.017746807883405383
dup,B,SN06D_B_comb_dup.fits,19,1.0310669653375215,1.1058089021642192,1.2871643315022694,6.2243715349727005,0.19411516319801786
dup,V,KISS13l_V_comb_dup.fits,22,1.0309890190652813,1.030742500983398,0.43830173329089805,2.00522849962305,0.07013998487144733
dup,B,PTF14yy_B_comb_dup.fits,24,1.0308724847710464,1.0169829129846961,0.30391665608447727,1.9762840817867957,0.05685132218937682
dup,B,SN07af_B_comb_dup.fits,18,1.030645521125372,0.8760506216578602,0.3448491542843192,1.300378575054741,0.20413941090750856
dup,V,LSQ12hzs_V_comb_dup.fits,25,1.0285996805686548,1.0346443287430407,0.12871537116567308,1.417312717343387,0.09190101024915492
dup,B,SN08bc_B_comb_dup.fits,25,1.0275844084067676,1.097428026390519,0.2042635652683977,1.569403050963933,0.15453023887476697
dup,V,SN05M_V_comb_dup.fits,18,1.0272174076926675,0.9186767195547441,0.43649892122405476,1.8388113110434692,0.23931292116007946
dup,B,ASAS15ba_B_comb_dup.fits,21,1.027023469496258,0.8675479794794454,0.30597362778995973,1.0645077368489806,0.02893124763964787
dup,V,CSP13aaf_V_comb_dup.fits,24,1.024971559275059,1.1516952532824087,0.5322231935346818,3.262666287867797,0.08426056274866636
dup,B,LSQ14ba_B_comb_dup.fits,24,1.0249645628469624,1.0462935578290888,0.06169261813684385,1.2022148035705142,0.039214418476996055
dup,B,SN04eo_B_comb_dup.fits,24,1.0229589323286556,1.0942331835152825,0.15451557787405693,1.5559443034587277,0.06890343351356099
dup,V,CSP13aay_V_comb_dup.fits,25,1.0223308145665324,1.116318921492815,0.272854743077335,1.9764613024206084,0.04438909305869941
dup,V,LSQ14ahc_V_comb_dup.fits,25,1.0222484098242663,1.0683740270895443,0.17911237504842606,1.5349102306429243,0.17266966123096064
dup,B,SN08ia_B_comb_dup.fits,25,1.020286297209171,1.0921370877359022,0.14268271472433103,1.4824283077673648,0.06156268392156853
dup,V,SN07N_V_comb_dup.fits,18,1.0193096724274207,0.8114420424662256,0.3435810452505301,1.184828545163991,0.15915825650553328
swo,V,KISS15m_V_comb_swo.fits,25,1.0188729512102468,1.1424544641365484,0.2888143016936245,1.8297964645256697,0.04291276970406568
dup,B,SN2012ij_B_comb_dup.fits,19,1.018649925839915,1.0047414298829072,0.2898106619098688,1.7721647530479467,0.0553512541787479
dup,V,PS15sv_V_comb_dup.fits,25,1.0178934319534898,1.054601023065583,0.0880521463562959,1.1738238993139467,0.11017837502462398
dup,V,SN05hk_V_comb_dup.fits,22,1.0176458032984237,0.9848901479955505,0.3724227933123246,1.8713529294196012,0.09351565951715447
dup,V,PTF11pra_V_comb_dup.fits,25,1.0168318748405734,1.2339231347202968,0.5554065239118142,3.409569162371247,0.08314609877092817
dup,B,SN05hc_B_comb_dup.fits,13,1.0162566509583637,0.947693970653839,0.34623648302475407,1.6809870512700342,0.042925146778190454
dup,V,LSQ14azy_V_comb_dup.fits,25,1.014835627290778,1.141202473585016,0.47251918008649924,2.4835131562767025,0.04576885888926896
dup,B,LSQ12gdj_B_comb_dup.fits,22,1.0147567394569594,0.761755141950534,0.38878824956452307,1.3727793698902235,0.37428192163704727
dup,B,LSQ14gov_B_comb_dup.fits,25,1.0131982398762571,1.0277258797182183,0.3440705907243819,2.356053884805125,0.026763755143481536
dup,V,SN08fu_V_comb_dup.fits,25,1.011864187369907,1.121547147309502,0.234708363540242,1.7726979941533068,0.02567405241308291
dup,V,PTF13dwl_V_comb_dup.fits,25,1.0113138863891653,1.0351323866567481,0.08995581318964893,1.2900546872975176,0.07766150747426852
dup,V,SN06hx_V_comb_dup.fits,23,1.011280403610674,0.9549365414905984,0.444256888943281,2.3097450436749667,0.10481187150768359
dup,V,SN09cz_V_comb_dup.fits,25,1.0101284965170043,1.0795607668150706,0.19560968978138382,1.929552107193696,0.06523656810528469
dup,B,LSQ14foj_B_comb_dup.fits,20,1.0099606361689877,0.9206299442960436,0.4662306611555032,1.9860834472405584,0.05722997889426764
swo,V,CSP12F_V_comb_swo.fits,25,1.009715633993927,1.0034702033246783,0.040948373715650535,1.110714061241011,0.025982987580111343
dup,B,CSP14aba_B_comb_dup.fits,23,1.0095232591098118,0.8167552499892985,0.32222532675548815,1.0593674753197444,0.0585639003134337
dup,V,SN08hj_V_comb_dup.fits,25,1.006444961260875,1.1231130132354181,0.3383085312815538,2.5285577803661625,0.02717518520191665
swo,V,PTF11pbp_V_comb_swo.fits,25,1.0061972792936225,1.024046835606072,0.05668027490639538,1.1695007844700316,0.042020710241791166
dup,V,SN08fp_V_comb_dup.fits,25,1.0057653750674802,1.004832450895602,0.1171410684878944,1.2708071668060128,0.12927324313345145
dup,B,PTF14w_B_comb_dup.fits,22,1.0044911990367407,0.9484410891353207,0.47121766443492313,2.037150656539691,0.056780021412654993
dup,B,CSP14aax_B_comb_dup.fits,25,1.0037773600220186,1.0093805697277518,0.03677302300314697,1.0826026797862176,0.029161681696277038
dup,B,CSP13M_B_comb_dup.fits,21,1.002710883599908,0.9541860667177419,0.3538475036006138,1.689409395688759,0.06924469902558575
dup,V,SN08cd_V_comb_dup.fits,23,1.0024026152599317,1.1204429258717443,0.5779481327799191,3.64596539243671,0.04086881802104066
dup,V,PTF11pbp_V_comb_dup.fits,25,1.000460297835576,1.1027838609637215,0.28144051862012986,1.9136065712201504,0.04003947708875411
dup,B,LSQ14asu_B_comb_dup.fits,25,0.9996127824341916,0.9539964121665174,0.17285281573616595,1.0456424411144996,0.023376889565230225
dup,V,CSP13bh_V_comb_dup.fits,25,0.996577837000999,1.1332394993131627,0.2861996138025675,1.711252107802329,0.14563956629862804
dup,V,SN08bd_V_comb_dup.fits,25,0.9945219914643636,0.9951677710766675,0.06912864736985473,1.2542535529242913,0.04639973294383356
dup,B,CSP12F_B_comb_dup.fits,21,0.99425564696301,1.032312837264085,0.16709487146350813,1.7481646901129255,0.02868771803195595
dup,B,CSP12N_B_comb_dup.fits,25,0.9930263480370844,1.0040556510028105,0.06546199611131202,1.2570095038972784,0.03352790644684616
dup,B,LSQ14bbv_B_comb_dup.fits,25,0.9924034677322846,1.0163270415361416,0.11360567179477062,1.4099386202916118,0.0256049529573258
dup,V,LSQ14fms_V_comb_dup.fits,25,0.9923514769977732,1.0707964656511257,0.2513425772075766,2.0326692373355426,0.03451073688698908
dup,B,SN2013fy_B_comb_dup.fits,25,0.990982610979162,1.00668322312041,0.05531096818624537,1.2248531639715894,0.03297720777805883
dup,B,SN06et_B_comb_dup.fits,18,0.9907637990614866,0.8034747435594891,0.45370146424910623,1.6536145722287712,0.8336268457102187
dup,V,LSQ12hzj_V_comb_dup.fits,25,0.990424296802486,1.0266500444283455,0.14444317826503528,1.5057695169745702,0.09747852343571091
dup,V,SN05gj_V_comb_dup.fits,22,0.9889644735472091,0.8238889488759359,0.3535319957001183,1.5278629384583964,0.052757140730461075
dup,B,LSQ12hvj_B_comb_dup.fits,25,0.9886232448111724,0.9966506555830908,0.07123483551271088,1.2067911873359995,0.06282523254619483
dup,V,SN08fw_V_comb_dup.fits,25,0.9859460131816632,1.0704395295301417,0.17597048082680636,1.4753256440974922,0.05451215915190338
dup,B,LSQ14auy_B_comb_dup.fits,25,0.9839859040856376,1.0117851121747783,0.14910604324272156,1.6884791676733706,0.06189117552997757
dup,V,ASAS15cb_V_comb_dup.fits,23,0.9791692331875014,1.0475558678432797,0.2671827349777476,1.8598322254432416,0.02522111304377157
dup,B,CSP13aax_B_comb_dup.fits,25,0.978939769095723,1.016917971855209,0.27087029099019516,2.1072040583960834,0.027212528670868437
dup,V,ASAS15as_V_comb_dup.fits,25,0.9772251819903984,1.053877188282468,0.24788514003407197,2.1370852203141717,0.04553413454399191
swo,V,CSP13C_V_comb_swo.fits,25,0.9770864450826984,0.9997827587564325,0.2238672858752612,1.5174310396036723,0.1364787147214472
dup,V,SN04eo_V_comb_dup.fits,25,0.9770088095163896,1.0034514367731397,0.11028907816152615,1.3344768441172503,0.030014649080104663
dup,V,ASAS14ad_V_comb_dup.fits,25,0.9750071627420908,0.9636915182812157,0.16894334093797558,1.5428947728039284,0.035927632009253425
dup,V,LSQ12ca_V_comb_dup.fits,25,0.9749183888503616,1.019105784563586,0.128997638510926,1.3628564358427826,0.10025628949096295
dup,B,LSQ14ajn_B_comb_dup.fits,20,0.9737753789090168,1.0749840410151568,0.3756067882061168,2.167450690906937,0.04418782749534872
dup,B,SN08gp_B_comb_dup.fits,25,0.9707150794213598,0.9731788775301647,0.03002719668433721,1.0562164985181826,0.025843308009668414
swo,V,ASAS15hf_V_comb_swo.fits,25,0.9705106488844464,1.0600414362038315,0.2592192369560626,2.1485297397374667,0.0788503678059091
swo,V,ASAS15al_V_comb_swo.fits,25,0.9701677941959024,0.9701450810703691,0.10804233967328733,1.137590743925834,0.12222435693912163
swo,V,ASAS15ga_V_comb_swo.fits,25,0.9700126612459758,1.0060857731598114,0.27577637776691666,2.191350951689851,0.035519016922649915
dup,V,ASAS15eb_V_comb_dup.fits,25,0.9693363504576082,1.1459380131319858,0.400009611832074,2.8029090990409125,0.05820166706331178
dup,B,CSP12G_B_comb_dup.fits,25,0.9684987357556234,0.9853288753353295,0.1813310816610395,1.3088345298039556,0.07729406029339554
dup,V,LSQ15bv_V_comb_dup.fits,25,0.967986910246894,1.003284069021005,0.1754386382782797,1.805350554881714,0.032033351335428666
dup,B,ASAS15cd_B_comb_dup.fits,25,0.9676867973842368,1.0640912378263805,0.28747934149706317,1.95441147913998,0.05675332418054057
dup,B,SN2011jh_B_comb_dup.fits,24,0.9670115215491957,1.029148567729309,0.3660818415833161,2.531556193614089,0.02098471230749651
dup,B,LSQ13cwp_B_comb_dup.fits,25,0.9668107360623536,1.0548169457226213,0.3172597000890795,2.3065698540904376,0.0460439431833935
dup,B,PTF14uo_B_comb_dup.fits,24,0.9665044501030158,0.9172473745696209,0.3086769509170288,1.6671729480133768,0.07654471511878232
dup,B,SN04gs_B_comb_dup.fits,24,0.9663776491136971,0.9388993828297708,0.40434344434468766,2.2594512370602597,0.05374244879633643
swo,V,PTF11ppn_V_comb_swo.fits,25,0.96633848638323,0.9886745949049569,0.1350481091596883,1.501813313574605,0.02140140238342674
dup,V,ASAS15ba_V_comb_dup.fits,24,0.9646730969311323,1.0156304292988712,0.31484754863480785,1.9550411651450317,0.037250332394956565
dup,B,SN08bt_B_comb_dup.fits,23,0.9645969448928654,1.0670089343788711,0.4965173131115862,3.157310720856103,0.042996411947415616
dup,V,CSP12N_V_comb_dup.fits,25,0.9642819115727446,0.9703089773630973,0.03884647212576751,1.0759308688340414,0.035602498420171644
swo,V,CSP14aar_V_comb_swo.fits,25,0.9641101696831232,0.9874500515753466,0.08513296929942359,1.3599901415731053,0.04162455947039463
dup,B,SN09ag_B_comb_dup.fits,25,0.9638606519081976,1.076091069975431,0.21654731177159114,1.8221150248023497,0.13743548164872596
dup,V,SN05ir_V_comb_dup.fits,19,0.9634116088139526,0.6966613961241122,0.35614579761576154,1.158307279126362,0.28895275318231456
dup,V,CSP14adf_V_comb_dup.fits,25,0.9619031227364948,0.9803214543883726,0.04884075463964621,1.1359555498289338,0.02989530057892863
dup,B,LSQ13dby_B_comb_dup.fits,23,0.9604367342155734,0.9654935864562567,0.047458605129938686,1.0650457317893265,0.03071678511894488
dup,V,LSQ14asu_V_comb_dup.fits,25,0.9587593909631164,0.9794936378734362,0.0610882993491619,1.172892310729608,0.024980877779038756
dup,B,PTF13duj_B_comb_dup.fits,25,0.958636322775755,0.962534074920571,0.08491049440387373,1.2977912045707654,0.04745532125314999
dup,V,LSQ12fvl_V_comb_dup.fits,25,0.9574407006312644,1.1182389977307174,0.5120437837618886,2.78166844505074,0.2900678020798405
dup,B,SN05ir_B_comb_dup.fits,21,0.9571243777419024,0.7463383462743198,0.3825211694155829,1.4885511551679722,0.28058692366783333
dup,V,SN05be_V_comb_dup.fits,22,0.9567846348621638,0.9702551777376563,0.42838163981547817,2.039940248502303,0.08532428864112997
dup,B,LSQ14mc_B_comb_dup.fits,24,0.9567783452190421,0.9344251962545765,0.20307544637589217,1.2584324911929974,0.0496197216757952
dup,B,CSP15B_B_comb_dup.fits,25,0.9562714282264768,1.016375217920801,0.22066912241280223,1.89610563181864,0.05796615278608272
dup,B,CSP14adf_B_comb_dup.fits,25,0.9560993768360728,1.1407907756611178,0.8678419623532798,5.178302230372254,0.04306933336137919
dup,B,ASAS14mf_B_comb_dup.fits,20,0.9551702404880934,0.8857076268554568,0.201308104116235,0.9811381415994498,0.02317118631006504
dup,V,SN09ab_V_comb_dup.fits,25,0.9543176725741572,1.0380314803374513,0.218233916223075,1.86037424199137,0.02351292814252844
dup,B,SN05hj_B_comb_dup.fits,20,0.9537911178471609,0.7506747582813437,0.3361702817576209,1.0793375041362498,0.17692923056916202
swo,V,ASAS15da_V_comb_swo.fits,25,0.9535341094224082,1.038880606851711,0.21033159188201603,1.6733383741561652,0.07669635320685524
swo,V,ASAS14lo_V_comb_swo.fits,25,0.9508339893041102,0.9657905068818704,0.06635295944557848,1.1850443125997132,0.0590076482320493
dup,B,SN2012bl_B_comb_dup.fits,25,0.9506011384669316,1.0051808315895823,0.13283786455022992,1.444106397503445,0.021698635441648392
dup,B,SN07N_B_comb_dup.fits,20,0.9501021127875263,0.7543137535327518,0.343170416474801,1.289687745975702,0.3118510381062463
dup,V,PTF14yy_V_comb_dup.fits,25,0.9499355674861174,1.0649846934774976,0.31319383709341736,2.0640129590785072,0.06987236900203313
dup,B,CSP13bh_B_comb_dup.fits,25,0.9497332283886244,1.03133565629372,0.3205095788877178,1.6496072704984148,0.0973391517556834
dup,B,SN07on_B_comb_dup.fits,15,0.9493285325364944,0.7992181104029666,0.4057590396655074,1.3390320448340445,0.4733744705842374
dup,B,CSP14abf_B_comb_dup.fits,25,0.9485507646011352,0.9727074123060417,0.1323031235030684,1.5685796284779638,0.026971001563657723
dup,B,PTF11pbp_B_comb_dup.fits,25,0.947094657539578,1.0564145175869306,0.300060305411696,1.8812907516989588,0.038412836630530446
dup,B,SN06kf_B_comb_dup.fits,15,0.946556304759829,0.7957556312039074,0.32451254450427724,1.344739038538754,0.17604737908423373
dup,V,LSQ14ip_V_comb_dup.fits,25,0.9450705082187074,1.0475216914426246,0.3927094643055496,2.5185041108754,0.11200005114350804
dup,V,CSP13M_V_comb_dup.fits,25,0.9441814736066096,0.8599371935574647,0.2565092232913848,1.433811851548095,0.04561812770910575
swo,V,CSP14abh_V_comb_swo.fits,25,0.943835835169513,0.9600864746651598,0.07430096537813037,1.2835747001792943,0.030616995167945693
swo,V,LSQ15bv_V_comb_swo.fits,25,0.9432267368556632,1.0056093114092401,0.1929807185374842,1.863669369380159,0.033006651814991704
dup,V,SN2012bl_V_comb_dup.fits,25,0.9431536409979682,0.9743499837010415,0.21399005670466192,1.8060152523185955,0.049696547670438275
dup,B,SN08gl_B_comb_dup.fits,25,0.9423881286646256,1.1594769687247284,0.5237099056369117,2.474822336291318,0.23775183729795402
dup,B,SN06ef_B_comb_dup.fits,19,0.941586278289194,0.7516739393481959,0.41313792888401496,1.901952175421736,0.22246738091552457
dup,V,SN07bc_V_comb_dup.fits,23,0.9402739902963212,0.7821515601318455,0.4526659741764449,2.3974459355532813,0.14102882773601802
dup,V,CSP15B_V_comb_dup.fits,25,0.9382149008075936,0.9917917089694881,0.19379889559899596,1.8512525348986733,0.04690555814224415
dup,V,SN06et_V_comb_dup.fits,20,0.9308448334099674,0.8092436982819906,0.33951257640268756,1.5856588766010056,0.2100019000368567
dup,V,ASAS14jc_V_comb_dup.fits,25,0.9288113020023652,0.974188741530992,0.11924524532439999,1.3026366294893716,0.034444750479300845
dup,B,SN05kc_B_comb_dup.fits,22,0.928595008698901,0.9005854006290654,0.36125438429059076,2.19087365338925,0.057771484670958474
dup,B,LSQ12gpw_B_comb_dup.fits,21,0.9269709164641456,0.9729723359676166,0.43663889404142303,2.077338019427604,0.12249155503721398
swo,V,SN2012U_V_comb_swo.fits,25,0.9255134414645654,0.9432693450748246,0.08798164206447309,1.2077372075335784,0.07259126312668114
dup,V,LSQ14auy_V_comb_dup.fits,25,0.9254195088546056,0.958328594713313,0.20248862104537546,1.5799833403218997,0.11180947722040176
dup,V,LSQ14xi_V_comb_dup.fits,25,0.9251797659815796,0.9528478010138359,0.11914647720392324,1.4746400516253275,0.04824708439885008
dup,B,SN07S_B_comb_dup.fits,22,0.9251427106888133,0.8443373189581532,0.2566177983267193,1.2538548202136348,0.09553833571386115
dup,B,LSQ15bv_B_comb_dup.fits,25,0.9251073758406484,0.9302457519459324,0.058546203359894744,1.071757940323533,0.029828817715753384
dup,V,ASAS15hx_V_comb_dup.fits,25,0.9251056799179233,0.9726615841326427,0.10836502893153403,1.2769299373463088,0.04135481778359169
swo,V,ASAS14kd_V_comb_swo.fits,25,0.9248759412447334,0.9710221866232116,0.11667374303046345,1.33252831736386,0.03715736027013177
dup,B,PTF14aje_B_comb_dup.fits,25,0.9238870832081112,0.9741754350145095,0.1366952580593169,1.5269585050844572,0.023137084136565202
dup,V,SN08gp_V_comb_dup.fits,25,0.922475788481922,0.9438658267210951,0.10092134747491316,1.318354674730398,0.0200603814004635
dup,V,SN07af_V_comb_dup.fits,20,0.9224433048452931,0.8633759150772791,0.28432405207839156,1.3109807436432888,0.07324604619002598
swo,V,SN2012fr_V_comb_swo.fits,25,0.9193848360360314,0.9540475798733112,0.19083354920673684,1.78625743487639,0.10022248446489065
dup,V,LSQ14bbv_V_comb_dup.fits,25,0.9187699117302396,0.9600442271106969,0.09312377025038955,1.2481564570337786,0.029688963003661403
dup,B,LSQ14act_B_comb_dup.fits,25,0.9168290861165976,0.9329672299112491,0.05103816890422778,1.0749028177314528,0.03879325971661707
swo,V,LSQ14gfb_V_comb_swo.fits,25,0.916354410455358,0.9190950636671787,0.015341991255218197,0.9634750135203338,0.010267924539322508
dup,V,CSP13abl_V_comb_dup.fits,25,0.916126152498723,0.9335291953181658,0.1295559578206423,1.2493545733972014,0.03954130220920113
dup,V,LSQ14ajn_V_comb_dup.fits,25,0.914122712559554,1.035824132414725,0.3724710115810007,2.1531467877376347,0.0367012146926501
dup,V,SN06ef_V_comb_dup.fits,21,0.9133118909509432,0.9021182999285161,0.3631469941273554,1.8065282321940204,0.08366561518690159
dup,B,SN2012G_B_comb_dup.fits,22,0.9130998938206989,0.8789360271860995,0.38229181471023116,1.5947977856791742,0.17821177251281317
dup,V,SN08R_V_comb_dup.fits,22,0.91274548193666,0.9206703890825731,0.5832981076890909,2.9281225210945645,0.32674547633995393
dup,V,LSQ14foj_V_comb_dup.fits,24,0.9114122397147488,0.9942039032412807,0.3809948804624136,1.836225088033264,0.03378247102946635
dup,B,SN05eq_B_comb_dup.fits,18,0.9105038696043863,0.8495937290464548,0.4950764435619624,2.15708573783434,0.10760562367238302
dup,V,SN06D_V_comb_dup.fits,21,0.9100697745498192,0.8156264742946485,0.35050118403902164,1.7716840886968337,0.1229108139596652
dup,B,CSP14aab_B_comb_dup.fits,25,0.9076326467230644,0.9673538710732598,0.23047113559629973,1.985558850572932,0.048942436762499056
dup,B,SN08fw_B_comb_dup.fits,25,0.9073081215952498,0.9623277870731185,0.13959132665578905,1.4178274762847007,0.05159299601092901
dup,V,CSP13aax_V_comb_dup.fits,25,0.9066466325072812,1.0238658206075804,0.2933555715295621,2.0238754631700173,0.030002705452105698
dup,V,PTF13duj_V_comb_dup.fits,25,0.903202735662698,0.9606013962334283,0.12545909528061672,1.254473702513596,0.04179892541326918
dup,V,SN08bt_V_comb_dup.fits,24,0.9027621107756019,0.8854420840615921,0.2196010218004922,1.5344994284607247,0.03897606634347923
dup,V,ASAS15cd_V_comb_dup.fits,25,0.9025596065082684,1.012514845746517,0.2747479641223228,1.7497066743997556,0.03516244067545421
dup,B,SN05lu_B_comb_dup.fits,19,0.9015273670438272,0.7802269127661896,0.2763929199933699,1.3513895395255695,0.09110608943905374
swo,V,SN2013fy_V_comb_swo.fits,25,0.9009541962002934,0.9220927110939006,0.07648490170986652,1.2276475102323643,0.024982125344602136
dup,V,CSP14abf_V_comb_dup.fits,25,0.9007688432671576,0.9127831666684777,0.07160414576093618,1.1755717164560495,0.037984701518328334
dup,V,LSQ12hnr_V_comb_dup.fits,25,0.9002447916002521,0.9826116287465219,0.2095397762742448,1.7789544879633856,0.026199889707790747
swo,V,ASAS15hg_V_comb_swo.fits,25,0.8987575781608887,0.9148252077782211,0.15657471284881308,1.1892476690609233,0.08044666590586315
swo,V,CSP13aam_V_comb_swo.fits,25,0.8986183474207886,0.9108061870298578,0.0785476102978498,1.10630561706942,0.08336872271907596
swo,V,LSQ14wp_V_comb_swo.fits,25,0.8983699440933257,0.9310384786763144,0.1047525052367594,1.293848899553799,0.03259799808260038
swo,V,CSP14aaw_V_comb_swo.fits,25,0.8982922773277171,0.926154983403698,0.13404543618840237,1.5319443328013804,0.03249281417645359
dup,V,CSP14aax_V_comb_dup.fits,25,0.898284962671173,0.9672102712332825,0.3123028820309503,2.448613848992176,0.03137234239072721
dup,V,CSP14aba_V_comb_dup.fits,24,0.8980532409126372,0.8720456416754084,0.18005999636724543,1.3757141563523831,0.05336050685241563
dup,V,SN05A_V_comb_dup.fits,21,0.8965454302821316,0.9842375694970348,0.5197281984607446,2.12469846175608,0.577562711201556
dup,V,SN05kc_V_comb_dup.fits,23,0.8927893520790445,0.8576494946853619,0.20116159790413712,1.128520059744785,0.031579646297497134
dup,V,CSP12F_V_comb_dup.fits,25,0.892010304445829,0.9529022511922198,0.17368418988632467,1.5844222105749766,0.030330414816611882
dup,B,SN09le_B_comb_dup.fits,25,0.8915555408243254,0.9722593614803324,0.31332493101039444,2.337546979387714,0.03652164481245001
swo,V,CSP14ade_V_comb_swo.fits,25,0.8915543874079707,0.9139215478378585,0.10543382815098827,1.3015280604625112,0.06275495337915489
dup,V,LSQ14ba_V_comb_dup.fits,25,0.8907621722352282,0.9114803141854892,0.13146411515593984,1.5323971351937975,0.024832580178630694
dup,V,SN2011jn_V_comb_dup.fits,25,0.890737793856205,0.9972739157830133,0.2872291572764153,1.840594381092722,0.1227836502689624
dup,B,PTF14gnl_B_comb_dup.fits,23,0.8907064970409625,0.8375075187667764,0.2972978197053771,1.6785579614468542,0.025599777466972944
swo,V,ASAS14me_V_comb_swo.fits,25,0.890277784482631,0.9091423095648727,0.07399267067394921,1.215275059565554,0.029259004359612862
swo,V,CSP15aae_V_comb_swo.fits,25,0.8893209648723254,0.9627071854792929,0.24547955266269364,1.8497714963506968,0.026323262772647345
swo,V,ASAS15dd_V_comb_swo.fits,25,0.8881640392257479,0.902477629080613,0.06183482424111578,1.0701455847395964,0.054459838991249204
swo,V,ASAS15bm_V_comb_swo.fits,25,0.8877375167378415,0.9185591894776682,0.09449139249216623,1.176143823422122,0.05506754147140156
dup,B,LSQ12gxj_B_comb_dup.fits,24,0.8856652184900862,0.9020516995738657,0.2039532601593495,1.531451032357788,0.04778805557038203
swo,V,PTF14fpg_V_comb_swo.fits,25,0.8852109641973488,0.9264615379233857,0.12243778870700998,1.326330969763267,0.03629090998873126
swo,V,CSP14abl_V_comb_swo.fits,25,0.8827094295643813,0.8955896640548761,0.05906124022681514,1.1589219862403577,0.02512995411726673
dup,V,CSP15aaj_V_comb_dup.fits,25,0.8822535608970277,1.0211884512307998,0.5416346826384095,3.555356435166844,0.05029435181629868
dup,V,LSQ14jp_V_comb_dup.fits,25,0.881927579833133,0.9416637218039962,0.15790475297782722,1.4819021568213482,0.05422084356066822
dup,V,LSQ14act_V_comb_dup.fits,25,0.8817930731520616,0.9107240776502258,0.14426978969763884,1.1650060179235509,0.07960176892380663
dup,B,LSQ13dpm_B_comb_dup.fits,25,0.8816770196647689,0.8376918837715328,0.14817453717404275,0.945813419182491,0.027783813709257338
dup,V,LSQ12hvj_V_comb_dup.fits,25,0.8816435747227549,0.9212640395155938,0.13910430807066426,1.5089317863951617,0.027354415919575985
dup,B,LSQ12hnr_B_comb_dup.fits,25,0.8815572784692627,0.8716672515377986,0.137175816046339,1.0660549172472569,0.02865511332314176
dup,V,SN07jh_V_comb_dup.fits,23,0.8809856016287246,0.8044323609551413,0.34437634009281076,1.863332601152967,0.09055702420774808
dup,B,SN06ot_B_comb_dup.fits,22,0.8809338564695215,0.8774265297526734,0.5659826432327297,2.477543167446765,0.6442156366580549
dup,V,SN07al_V_comb_dup.fits,23,0.8801235693080698,0.8478212878705063,0.29388444441345396,1.6548769948309632,0.10296601881760313
dup,V,SN09D_V_comb_dup.fits,25,0.8780265851303245,1.0883844022382183,0.827184192886615,5.0099431757990045,0.023104858090686124
swo,V,ASAS14jz_V_comb_swo.fits,25,0.8771500348923416,0.9915183999858563,0.2503728341314442,1.6010842847840372,0.07185055354626194
swo,V,ASAS15hx_V_comb_swo.fits,25,0.8762644882963814,0.9004949311437546,0.09103705211215948,1.2114147399388489,0.05252915568288223
dup,V,SN07ol_V_comb_dup.fits,17,0.8747889410994765,1.7643648237039977,2.23565216504039,7.374204302403523,0.8682398303205384
dup,V,SN2012ij_V_comb_dup.fits,24,0.8745407640853914,0.9162823295593819,0.22179699331249808,1.6345997068055724,0.027869770202070328
dup,B,LSQ12gef_B_comb_dup.fits,20,0.8738181350445511,0.7999201246973554,0.5132967154224022,2.2677036193431857,0.6363816636995598
dup,V,SN09le_V_comb_dup.fits,25,0.873351772785314,0.9461071660131884,0.24128498116425087,1.8014705009322016,0.022432414934028255
dup,V,PTF14uo_V_comb_dup.fits,25,0.8728012584706388,1.0067504209007825,0.28844639530820526,1.7791974937150603,0.0983599967687015
dup,V,SN05lu_V_comb_dup.fits,22,0.8727366462363741,0.7290692149268962,0.2926169105679373,1.1197496550465356,0.11832855597979954
swo,V,SN2011iv_V_comb_swo.fits,22,0.8703409304728404,0.9067259571257349,0.21635827430699373,1.32731769985494,0.0655591848251905
dup,B,SN05A_B_comb_dup.fits,21,0.8698619031513131,0.8631394012061772,0.40814621373254867,1.92872420675514,0.13258167687110667
dup,B,ASAS15be_B_comb_dup.fits,23,0.8679917231526943,0.7768828116834384,0.24968840416652802,1.1457274615439557,0.04857696330975497
dup,V,LSQ14gfb_V_comb_dup.fits,25,0.8675147603513294,0.9489925220248898,0.2466245116722835,1.8813085907962224,0.02544781873211889
swo,V,ASAS14hu_V_comb_swo.fits,25,0.8656105840672355,0.9490561193831805,0.3946089292617411,2.8016785711254983,0.08698386827960183
swo,V,PTF13efe_V_comb_swo.fits,25,0.8654158089819801,0.9209630326185548,0.21786558974674455,1.7461899927302882,0.09928754932279228
dup,B,ASAS15hx_B_comb_dup.fits,25,0.8646338139956649,0.9764471272077018,0.4531487660762568,3.1281523609372885,0.025513541232019397
dup,B,LSQ14age_B_comb_dup.fits,25,0.8634667447530351,0.8598114479051516,0.0350263628047222,0.9256940538555308,0.03464711400950488
swo,V,CSP13bf_V_comb_swo.fits,25,0.8628157074490185,0.9080913804195185,0.12154583738066757,1.3743849895610587,0.011928763757429423
dup,B,SN07bm_B_comb_dup.fits,23,0.8588294357041272,0.8443771109743125,0.18369609665735753,1.2053904439192271,0.053737668138211965
dup,V,ASAS14mf_V_comb_dup.fits,23,0.8552723796294902,0.7998618823796082,0.19561108449609296,1.0876389381363,0.029821225379972505
swo,V,LSQ14ghv_V_comb_swo.fits,25,0.8552172272943196,0.9315884171516511,0.20462896486006488,1.57889455792553,0.055856883925679834
dup,B,LSQ14gfn_B_comb_dup.fits,24,0.8542659211242145,0.8484945916507739,0.24402174816915384,1.7623656971143804,0.027836423678210726
dup,V,LSQ13dby_V_comb_dup.fits,25,0.8532702679010855,0.8759832065370046,0.10748357184658917,1.3810022559097106,0.022317858382389585
swo,V,CSP13Q_V_comb_swo.fits,25,0.8528505144600422,0.8791121957955916,0.09382214035018913,1.215750880904738,0.05292295577483844
dup,B,ASAS15fr_B_comb_dup.fits,25,0.8525875477212029,0.8760278464530845,0.05721234578516938,1.0261033542792022,0.03682980055713498
dup,V,SN07on_V_comb_dup.fits,19,0.8511728156613224,1.0852613261611894,0.7671977230240331,3.547869440020291,0.06880700862310553
swo,V,ASAS15aj_V_comb_swo.fits,25,0.851093513146932,0.9187557902462815,0.14730549079770103,1.3536438238172204,0.05261820511101171
dup,B,SN2011jn_B_comb_dup.fits,25,0.8504647275430127,0.9210159168180739,0.22786883040796577,1.8690126325725265,0.07317111883787801
dup,V,SN08cf_V_comb_dup.fits,25,0.8481512135667371,0.9430911256106294,0.3017738431440366,1.9942698336833025,0.08920551525687591
dup,V,SN05eq_V_comb_dup.fits,20,0.8456989736756186,0.7137128688678872,0.3370791487059305,1.6683455305334614,0.1384146607355345
swo,V,CSP15aak_V_comb_swo.fits,25,0.8455144449012957,0.944074159098611,0.2469919764327796,1.7637032492049476,0.07672541627865297
swo,V,LSQ12ca_V_comb_swo.fits,25,0.8451099698327207,0.8693893976892594,0.10317158965257056,1.310357583214999,0.03257310015398621
dup,V,LSQ12cdl_V_comb_dup.fits,25,0.8441021096817707,0.8506918224199349,0.06297345771910864,1.047555077617976,0.05686257290061945
swo,V,LSQ14fom_V_comb_swo.fits,25,0.8422690281478047,0.9121216663074836,0.2326636613797536,1.7167851224050323,0.06772441446443235
dup,V,SN06kf_V_comb_dup.fits,19,0.8419199444951958,0.7870308487858011,0.4054073239470199,1.930715208762244,0.38809160279328553
dup,V,LSQ12gef_V_comb_dup.fits,25,0.8417656972973367,0.8541657590403829,0.2356364783925964,1.8491011940693312,0.050260488453064606
swo,V,ASAS14lp_V_comb_swo.fits,25,0.8404232637795336,0.9263663484649547,0.4031609237850855,2.806006183316854,0.06852775447501201
swo,V,CSP15aaj_V_comb_swo.fits,25,0.8398520877753325,1.0349854810738153,0.39989370143797676,2.383936934628351,0.07558675443061548
dup,B,SN09ds_B_comb_dup.fits,25,0.8381957671037367,1.0516410023939589,0.44674290754164153,2.3288472465674883,0.07238920553817
swo,V,CSP14abf_V_comb_swo.fits,25,0.8368159180243716,0.9011234587515595,0.19851602868341095,1.5922247885563052,0.05007415320576981
dup,B,SN08bz_B_comb_dup.fits,15,0.8359002586102615,0.715447136106722,0.27747363082995335,1.1997158767891667,0.08161900344571438
dup,V,SN2012G_V_comb_dup.fits,23,0.8352182323602395,0.9408662597900705,0.2709403606615671,1.49238543188911,0.0681523346521192
dup,B,SN08fp_B_comb_dup.fits,25,0.8351796126899297,1.1241333087646572,0.8175914340800561,4.584908420657183,0.20990197015626344
dup,B,LSQ14ahc_B_comb_dup.fits,25,0.8346798647831175,0.8780688083772324,0.11011633305136868,1.30607086399426,0.017106165371024183
swo,V,CSP13P_V_comb_swo.fits,25,0.8334015472363416,0.8606468020010384,0.11111519516755969,1.1544718522585342,0.07586100728629634
dup,B,LSQ12gzm_B_comb_dup.fits,23,0.8317355588100525,0.7656526502254123,0.22689596671880735,1.1372613902954924,0.038803396377021473
dup,B,LSQ12fuk_B_comb_dup.fits,25,0.831560163743154,0.8831754051744894,0.15603991502768685,1.4792355672124529,0.028104065504922025
dup,B,CSP13Y_B_comb_dup.fits,25,0.830760896925494,0.8607206020649469,0.09744284722137979,1.2395610182097032,0.02186375444920833
swo,V,PS15sv_V_comb_swo.fits,25,0.8303976654209512,0.826145121548292,0.060918729072246026,0.9665521985904572,0.06350239538491055
dup,V,LSQ12gpw_V_comb_dup.fits,25,0.8286629954703587,1.2309624291611834,1.0975898427550088,5.837497120335976,0.08958770150815928
dup,B,LSQ12gyc_B_comb_dup.fits,24,0.8275377913251721,0.8102823917592931,0.13360675141305353,1.0279972536938389,0.036768476423052976
swo,V,LSQ12cdl_V_comb_swo.fits,25,0.8257991991608045,0.8275711366706798,0.0743252378410188,0.9950474188393398,0.05103539721880835
dup,V,LSQ14mc_V_comb_dup.fits,25,0.8243151272186982,0.8717066476690865,0.2091003894766467,1.7014858028942712,0.05554588511234954
swo,V,CSP13ab_V_comb_swo.fits,25,0.8236915357362828,0.8798138845227912,0.18268106635064893,1.6073310855526282,0.05103802942411184
dup,V,LSQ12gyc_V_comb_dup.fits,24,0.8217457457871616,0.8486180242911524,0.2642218807057497,1.6968370366261305,0.0687563063167205
swo,V,SN2012E_V_comb_swo.fits,24,0.8171386943777579,0.8639935011253073,0.18951357965190563,1.4938588186769353,0.04379868791201014
swo,V,LSQ14asu_V_comb_swo.fits,25,0.8167806329205213,0.8007098171241558,0.05901101926149517,0.8847480758486405,0.05014362487659857
dup,V,LSQ12gzm_V_comb_dup.fits,25,0.8164085573368798,0.8533414196893943,0.1261435440729726,1.3702396801685688,0.016111002513176348
dup,V,LSQ14gov_V_comb_dup.fits,25,0.8163215445565376,0.8717234953524937,0.24951133920500637,2.0443497938729003,0.036078746380940455
swo,V,CSP13G_V_comb_swo.fits,25,0.8153869009222668,0.909460886151467,0.1850168208443637,1.4279865912457974,0.023626319672535326
swo,V,LSQ15alq_V_comb_swo.fits,25,0.8143645374025619,0.8502435083940115,0.11299536431598851,1.0633677736177531,0.09517763277613561
swo,V,CSP14abn_V_comb_swo.fits,25,0.8135789023356176,0.8688241241487971,0.14417977237429824,1.4122779481183385,0.050872967777299584
dup,V,PTF14gnl_V_comb_dup.fits,24,0.8112166588219407,0.8573108341190839,0.16311080397467195,1.5911633340283624,0.02770827722300191
swo,V,ASAS15fr_V_comb_swo.fits,25,0.8056314616198103,0.8278318502971116,0.0862509651389658,1.1392316987002942,0.04435520625515559
swo,V,PTF11pra_V_comb_swo.fits,25,0.8035976346669798,0.9852752214911853,0.49721574403453406,2.40206417846192,0.05272813996817194
dup,V,SN07S_V_comb_dup.fits,17,0.8028829838644878,0.745450720279007,0.3094531239764233,1.541881319168323,0.1390973979497383
dup,B,LSQ12cdl_B_comb_dup.fits,25,0.8023945168113226,0.8267616909407962,0.0974759274579291,1.256667218438946,0.0355592340274655
dup,V,LSQ14age_V_comb_dup.fits,25,0.8007302224597013,0.807655236444717,0.09371075482585932,1.1282636500388918,0.033399548939429216
dup,V,LSQ12gxj_V_comb_dup.fits,25,0.7989239436867538,0.8432502738821224,0.1554613817512702,1.545260200112283,0.04259157575753559
dup,B,SN06ej_B_comb_dup.fits,21,0.7972258734188999,0.7863484349285511,0.44730114465916915,2.070493477333566,0.0902069377693362
swo,V,CSP15B_V_comb_swo.fits,25,0.7951783517003896,0.8457773690910717,0.1707820573069392,1.52408511645479,0.033590933830265374
swo,V,LSQ13dcy_V_comb_swo.fits,25,0.7920113108690948,0.8329596810529484,0.14297090679477598,1.2760061796080124,0.053332047319330264
swo,V,ASAS14lt_V_comb_swo.fits,25,0.7911186311674059,0.9025788592179086,0.2258997195592161,1.6555274210422524,0.05080692011563966
swo,V,KISS13v_V_comb_swo.fits,25,0.7899542247840825,0.880028327301861,0.28812435990154384,1.7640123312945593,0.03129752906426494
dup,B,LSQ12hno_B_comb_dup.fits,24,0.7884104520831977,0.7875356891348791,0.12479011352924621,1.054587245333171,0.02730866564557171
swo,V,CSP13bh_V_comb_swo.fits,25,0.7866900234542566,0.814511073106281,0.1041075519318897,1.1107124418724,0.08454413630534137
dup,V,SN2011jh_V_comb_dup.fits,25,0.7847219420808316,0.8530807393686349,0.17442403061467446,1.3303625734318445,0.032629396881233196
dup,B,LSQ12fxd_B_comb_dup.fits,25,0.7828882369711913,0.8083376071266936,0.13424754763981128,1.411186672410436,0.0334611002997846
swo,V,CSP13aad_V_comb_swo.fits,25,0.7823738321513776,0.78303435291776,0.02369460068381011,0.8271639895823153,0.03103619040587011
swo,V,LSQ12gyc_V_comb_swo.fits,25,0.7809068477759397,0.8131092466208507,0.10051470909531755,1.0655721957411235,0.07069597311164835
dup,B,SN08cf_B_comb_dup.fits,25,0.7779377360954346,0.9043849740503157,0.2755989755980576,1.8199407445075104,0.05706966607318581
swo,V,SN2011im_V_comb_swo.fits,25,0.7730231876178323,0.7846973918392202,0.08014871610934184,1.158774278208086,0.014037265156099463
dup,B,SN06lu_B_comb_dup.fits,25,0.7725656267694627,0.7714940502573772,0.20434552818003596,1.1153666615658382,0.03768974410464764
swo,V,LSQ14ajn_V_comb_swo.fits,25,0.7711766103293638,0.8555449109912123,0.2392713722041776,1.705569485927703,0.04102201032110669
dup,V,ASAS15al_V_comb_dup.fits,25,0.7699072029891015,0.7817642441591679,0.04529304830017622,0.910258163818734,0.03148840719698207
swo,V,LSQ14gfn_V_comb_swo.fits,25,0.7688926126915571,0.7890904824105792,0.1750115839519594,1.4648681031045825,0.06156664284111085
dup,V,CSP13Y_V_comb_dup.fits,25,0.7685723501788502,0.8133750120171901,0.12337294979492364,1.2042394116902015,0.02117103381657972
dup,V,ASAS15fr_V_comb_dup.fits,25,0.7683716528580216,0.820183237554163,0.1276020541533986,1.1761782912025294,0.02263361220227638
dup,V,SN07ba_V_comb_dup.fits,23,0.7640801387564493,0.8275504448440433,0.2349342022842509,1.754494766827352,0.026054812450047905
dup,V,SN07jd_V_comb_dup.fits,16,0.7608953832569617,0.816052251212711,0.45475271953814783,1.3613919201913127,0.7090199846972546
dup,V,SN07cg_V_comb_dup.fits,22,0.7607609635086523,0.7020171270832256,0.18459684981345906,0.8801818867312482,0.019447931123184402
dup,B,LSQ12hjm_B_comb_dup.fits,23,0.7603518172472615,0.7693818508948209,0.2992502464915932,1.5104612424177053,0.06722693433792468
swo,V,CSP13Y_V_comb_swo.fits,25,0.760134073827068,0.8438547389281331,0.18478615921364167,1.2559314702205573,0.03465360309285845
dup,B,ASAS15al_B_comb_dup.fits,25,0.759389103507723,0.7780143835762924,0.08198311331223936,1.0644670095859292,0.019232134893266428
swo,V,ASAS15go_V_comb_swo.fits,25,0.7582883463855413,0.7898091359902588,0.1103369263217772,1.1066194801263942,0.08082509245363508
swo,V,PS1-14xw_V_comb_swo.fits,25,0.7555960792151557,0.8061385601726593,0.1599855372823913,1.1908175445553073,0.12190350239614686
swo,V,ASAS14lw_V_comb_swo.fits,25,0.7551230088514117,0.8756008854882263,0.24144079530753043,1.6628222693100092,0.045559312170746075
dup,V,LSQ12gln_V_comb_dup.fits,25,0.7535598368635138,0.7875743310077031,0.11169369647658305,1.1289266376508718,0.07332740843709258
swo,V,KISS13l_V_comb_swo.fits,25,0.7514979282143676,0.8016225166453919,0.2587270077353802,1.445085676986016,0.06821527651716813
swo,V,SN2011iy_V_comb_swo.fits,25,0.7506722311319042,0.7742880601451679,0.1045298386456519,1.0089424689294644,0.02616844669209876
dup,B,SN2012ar_B_comb_dup.fits,25,0.7494291214179506,0.7445614521607918,0.06902062936051179,0.8798649598759625,0.02746637110800117
dup,B,LSQ12gln_B_comb_dup.fits,25,0.7488619371841748,0.7662258802683882,0.07010913361033597,0.991807997551742,0.016765215359563834
swo,V,LSQ12btn_V_comb_swo.fits,25,0.7483567274282795,0.7602129284376088,0.08828473574015842,0.9682536216677076,0.09220671123955522
swo,V,CSP13an_V_comb_swo.fits,25,0.7475728827682708,0.7930390146001376,0.18060564732452722,1.3884837392925955,0.03961919653504145
dup,V,SN05hc_V_comb_dup.fits,19,0.7469973020882007,0.6994259376686491,0.31616641460313827,1.4991019273037565,0.19295015711276262
dup,B,SN06ax_B_comb_dup.fits,18,0.7442688776661972,0.6290242753079279,0.20944543810649127,0.9347982211649436,0.025684942218563125
swo,V,LSQ12gzm_V_comb_swo.fits,24,0.7427329521278665,0.7403394854024206,0.18754939780995097,1.3510971941939234,0.07138750809811319
swo,V,SN2012bo_V_comb_swo.fits,25,0.7412570552175561,0.7711813072798184,0.12759910885932602,1.2786940430409317,0.036406461718529376
dup,V,SN06fw_V_comb_dup.fits,20,0.7411352227489061,0.6856615468399231,0.31216944650686446,1.1733146362403966,0.37606623083787005
dup,B,ASAS15da_B_comb_dup.fits,25,0.7381648715712563,0.7874824093114191,0.1647846475105349,1.4743185005105433,0.01201038669742603
dup,V,LSQ13dpm_V_comb_dup.fits,25,0.7368879520166881,0.7479322581285305,0.06788629499332904,1.0579095062654489,0.014116610958140402
dup,V,SN06lu_V_comb_dup.fits,25,0.7353246819291851,0.7549304197519807,0.14561184430226365,1.0634047219783864,0.05085338690591686
swo,V,PTF13duj_V_comb_swo.fits,25,0.7351557784074431,0.7675162654717722,0.09106818905974515,1.102349857067497,0.065865636703322
dup,V,LSQ14gfn_V_comb_dup.fits,24,0.7333942054655929,0.7851146110493049,0.21486038898160637,1.7570951998780835,0.01914348159179667
dup,B,SN2011iy_B_comb_dup.fits,25,0.7323007662380131,0.8661877878305454,0.38179853443678335,2.563499605222181,0.05324256621632586
dup,V,SN05hj_V_comb_dup.fits,19,0.7314406000621805,0.6194661040291822,0.19373016130650628,0.8835378645694217,0.06823981092849393
swo,V,SN2011jt_V_comb_swo.fits,25,0.7303459328824848,0.7835957082376649,0.21771071724879734,1.7447290926870342,0.02593196358143572
dup,V,ASAS15da_V_comb_dup.fits,25,0.7282648206785681,0.7644601469472658,0.14612846195453985,1.4144999132480205,0.031230477985761552
dup,V,LSQ12fuk_V_comb_dup.fits,25,0.7273728993191746,1.0400402011437535,1.1720295965217764,6.62968911683122,0.02677756345082002
dup,B,SN2012bo_B_comb_dup.fits,24,0.7260858443904761,0.7207646390679406,0.09578370160463946,0.9395142465960272,0.013729978800048259
dup,V,SN06ax_V_comb_dup.fits,22,0.7242660877013625,0.7051975879204901,0.3148155325728334,1.885025767446024,0.017659779916192917
dup,V,LSQ12hjm_V_comb_dup.fits,25,0.7211972687706356,0.8474800460362768,0.2834140702594376,1.478937817384863,0.0996843653194777
swo,V,ASAS15db_V_comb_swo.fits,25,0.720506923084837,0.7529688993184075,0.12999411206924863,1.2652339863361732,0.03592684173454049
dup,B,SN07cg_B_comb_dup.fits,19,0.7204559976421788,0.5765593609099401,0.1786530680168523,0.7540842829062055,0.049857370336985264
swo,V,CSP13al_V_comb_swo.fits,25,0.7194879248251724,0.7666566371406408,0.18539525913326535,1.39863016877834,0.12075862574238565
dup,B,LSQ12btn_B_comb_dup.fits,25,0.7173677454783814,0.7349726653219011,0.11879835491903522,1.2231850578828587,0.04125340165300365
swo,V,LSQ13ry_V_comb_swo.fits,25,0.7166613616390106,0.7371611412420493,0.11781174672679326,1.253664759760686,0.02136728922016915
swo,V,SN2012bl_V_comb_swo.fits,25,0.7159305208231876,0.7568970102511929,0.09387892898708007,1.0258821465420371,0.026750754925843712
swo,V,CSP12M_V_comb_swo.fits,24,0.7149134092138362,0.911474333924633,0.8356846770659225,4.69811029450415,0.017042641676857602
dup,B,LSQ12agq_B_comb_dup.fits,25,0.7139719688096574,0.7506962440823838,0.1406782737465599,1.380495398169859,0.043274941826219174
swo,V,LSQ13aiz_V_comb_swo.fits,25,0.7122928363436993,0.7322267036548336,0.055549861496023464,0.8906675468611502,0.0289500800381812
dup,V,LSQ12hno_V_comb_dup.fits,25,0.7099501953435847,0.7678701533717935,0.15417916614758076,1.198686493959061,0.014443775735844547
dup,V,LSQ12btn_V_comb_dup.fits,25,0.7097539318874537,0.7827409705251174,0.180469809707671,1.4646954587760668,0.06633352584276386
swo,V,LSQ15aja_V_comb_swo.fits,25,0.7093785558409925,0.7554515220306958,0.14640281082317086,1.2205248010745795,0.06541265842096745
swo,V,SN2012ar_V_comb_swo.fits,25,0.7091158778182752,0.7488791909414018,0.2243985972511982,1.8233509484674155,0.024914343754390077
swo,V,KISS13j_V_comb_swo.fits,25,0.7088357286172307,0.7528432903137877,0.14441171760983396,1.2259617507784353,0.027912017613016524
dup,V,ASAS15be_V_comb_dup.fits,25,0.708179904205638,0.739407632357088,0.16754232335423663,1.2978249694754689,0.05181765044266292
swo,V,LSQ12hzj_V_comb_swo.fits,25,0.707328835983382,0.7514865046840185,0.09110876338912889,1.0156698793854184,0.033957014288105
dup,V,SN2012bo_V_comb_dup.fits,25,0.7062059946277672,0.8124179811144607,0.2837095142612244,2.013127929224652,0.034115676302431175
dup,V,LSQ12fxd_V_comb_dup.fits,25,0.7059257065029221,0.8651114610894136,0.8007177969442117,4.698669880266436,0.02955276128124171
dup,V,SN2011iy_V_comb_dup.fits,25,0.7056195018479968,0.8091908051239898,0.36253404659420163,2.4832454747143684,0.07299917087098835
swo,V,LSQ12agq_V_comb_swo.fits,22,0.7034735218284027,0.6670330122454807,0.20661037984652478,1.374117849370024,0.05129971665913323
swo,V,LSQ13vy_V_comb_swo.fits,25,0.7026958425108862,0.761234950464622,0.16302010367184525,1.396855083405692,0.033421573950206215
swo,V,CSP13B_V_comb_swo.fits,25,0.6996709043173991,0.7175623974307794,0.08841597594772349,1.0276929431440294,0.04518632311211113
swo,V,CSP13U_V_comb_swo.fits,24,0.6984990201637695,0.7295943699913304,0.09207107155642731,1.1338069289229482,0.034855294713961926
dup,V,SN2012ar_V_comb_dup.fits,25,0.6978056017310357,0.7377042457071552,0.13136107498341787,1.1981331636598993,0.027539882309264598
swo,V,LSQ13dhj_V_comb_swo.fits,25,0.6975612823216292,0.821854575946459,0.2629117044308536,1.5947878034596554,0.042635236085306644
swo,V,CSP13aaf_V_comb_swo.fits,25,0.6963019030437848,0.719532657642046,0.09957679150404972,1.0779749587418763,0.0418792089645711
dup,V,SN06os_V_comb_dup.fits,22,0.6936206828725078,0.7291191888078171,0.40356066259393686,1.353072310617915,0.570193889701896
swo,V,LSQ12hnr_V_comb_swo.fits,25,0.6934454462073141,0.7157174239562984,0.08106025338307368,0.9439398989258458,0.056380255547631195
swo,V,LSQ13dpm_V_comb_swo.fits,25,0.6899434260929171,0.7331433942519777,0.14738042398258097,1.3590825332265593,0.042137833339796385
dup,V,CSP14aab_V_comb_dup.fits,25,0.6884765806252565,0.814095571994629,0.29159581768437154,1.7949216784941469,0.05721308951905737
swo,V,LSQ13abo_V_comb_swo.fits,25,0.6870275875946608,0.7591210851983758,0.1302499517722166,1.0982617956161769,0.02962579472438238
swo,V,CSP12G_V_comb_swo.fits,25,0.6838840023712296,0.6848765172668222,0.13483937817383615,1.1042436880534114,0.10442235214884647
dup,V,SN07bm_V_comb_dup.fits,24,0.6779711913824789,0.7317232876832723,0.15550784804245255,1.3012562192856545,0.043769378403720395
swo,V,PTF14w_V_comb_swo.fits,24,0.6757947284529455,0.7662537146142059,0.20143553816173165,1.3724503298935429,0.05839345605752733
dup,V,LSQ12agq_V_comb_dup.fits,25,0.6750374892037354,0.7400034204099306,0.16887536833091887,1.242433577364035,0.050825632790690224
swo,V,LSQ13pf_V_comb_swo.fits,25,0.6730757830339689,0.6762840724558751,0.034329146277629854,0.8038556114567071,0.019626815560629892
swo,V,LSQ12cda_V_comb_swo.fits,25,0.6640323482137802,0.6798357987895425,0.10464008632568922,1.1705683003504617,0.020860758833265602
swo,V,LSQ12blp_V_comb_swo.fits,25,0.657661539302649,0.6885517576037139,0.13354016886493547,1.3187048021522891,0.02196815396316753
dup,V,SN06ej_V_comb_dup.fits,21,0.6532940530366834,0.6906163596006758,0.42435943685862654,1.865619021483488,0.22217405862991707
swo,V,SN2011jh_V_comb_swo.fits,25,0.6509040059725075,0.719811710183874,0.200186243038372,1.4976239762811598,0.024401297376557846
swo,V,LSQ12bld_V_comb_swo.fits,25,0.650838972457441,0.6941875813481964,0.14319516000963603,1.294071013339784,0.014408437730852307
dup,B,LSQ12aor_B_comb_dup.fits,25,0.6501989241289842,0.6837292788414063,0.12759308818530443,1.2218510161909852,0.03445390519275923
dup,V,SN07ux_V_comb_dup.fits,22,0.6414907777408578,0.7827322319706113,0.3872904860762993,1.5332533543995976,0.41772632154746747
swo,V,CSP12N_V_comb_swo.fits,25,0.6329203501504057,0.7234258981354684,0.22798325858560153,1.5545138629120367,0.028804592806533007
swo,V,CSP13Z_V_comb_swo.fits,25,0.6325212642519857,0.685400814552885,0.15236667590786507,1.3393611242073802,0.031072623154148722
dup,V,SN08bz_V_comb_dup.fits,22,0.6239888105634579,0.5686456128821559,0.19495318210594306,0.8886570393456859,0.2319249376815119
swo,V,LSQ11bk_V_comb_swo.fits,25,0.6166350597901793,0.6126305608829425,0.08685861160044228,0.9346692249483218,0.020845818161671522
dup,V,LSQ12aor_V_comb_dup.fits,25,0.6075850768311154,0.6255160937591937,0.05917426085344281,0.8539720952426518,0.022053383820220228
swo,V,CSP13ay_V_comb_swo.fits,25,0.6071796502033038,0.6207743311258513,0.0516158281196896,0.8087921922964022,0.024367065034175264
swo,V,ASAS15cb_V_comb_swo.fits,24,0.606792872435626,0.6032384340953669,0.057073699755276985,0.6985213512094348,0.050100368573403005
swo,V,LSQ12hvj_V_comb_swo.fits,25,0.5755787356386388,0.6342117595665102,0.15285306301368806,1.2277333610473355,0.04698843091198491
dup,B,SN06bd_B_comb_dup.fits,15,0.5161824675752712,0.7468958608661107,0.4230708958902436,1.260487441789392,0.30228876863960435
dup,B,KISS13l_B_comb_dup.fits,22,0.5042021835879869,0.9171682223820601,0.680483966004392,2.4569807291835075,0.31665054142935756
dup,V,SN07nq_V_comb_dup.fits,16,0.46262603628806886,1.00060896895985,0.9369768889012932,3.670873019312461,0.23315546194101458
dup,B,SN07ux_B_comb_dup.fits,21,0.445140580028106,0.736374203538535,0.450902610206066,1.9480354787776708,0.17415861296929033
dup,B,SN08ar_B_comb_dup.fits,24,0.4064766110156376,0.5575239517375151,0.3150654642839362,1.3183825234835882,0.1521421302727787
dup,V,SN08ar_V_comb_dup.fits,17,0.3993512487375966,0.6291431797540828,0.377830989985927,1.4015806207428332,0.15961625903151969
dup,B,SN07hx_B_comb_dup.fits,17,0.398751919133273,0.7664108502154632,0.5506344160118798,1.534866605545557,0.16898498458767622
dup,B,ASAS14hr_B_comb_dup.fits,23,0.3973755846850063,0.8750661685668131,0.6024102122630802,1.5624206278893982,0.17894166106645434
dup,B,SN06os_B_comb_dup.fits,14,0.3960573292225119,0.7396452734210076,0.4990211332748928,1.4115799542250913,0.15749700107770317
dup,B,SN07al_B_comb_dup.fits,16,0.39433647206988187,0.6829946506903735,0.5935559436811529,2.3842940105975114,0.12971960963162826
dup,B,SN07nq_B_comb_dup.fits,15,0.3608878715622877,0.6201001345551204,0.38692360128352904,1.1663373772424568,0.0949660642413485
dup,B,SN07ol_B_comb_dup.fits,17,0.3602886506109948,0.821878198048208,0.7420818292278489,2.400829993452512,0.10741819614456348
