object,telescope,filter,file,plate_scale,z,n_stars,fwhm_arcsec,sigma_min_arcsec,sigma_min_kpc,smallest_safe_grid_radius_kpc
ASAS14ad,dup,B,ASAS14ad_B_comb_dup.fits,0.23,0.0264,16,1.1262636626642502,0.47828014078648956,0.25390156479018405,1.0
ASAS14ad,dup,V,ASAS14ad_V_comb_dup.fits,0.23,0.0264,24,0.9783338243947695,0.41546012250881414,0.22055269750369952,1.0
ASAS14hp,dup,B,ASAS14hp_B_comb_dup.fits,0.23,0.03892,24,1.5545714823499868,0.6601657250329526,0.508968012078384,1.0
ASAS14hp,dup,V,ASAS14hp_V_comb_dup.fits,0.23,0.03892,25,1.3119689673382915,0.5571419226308855,0.4295397444222301,1.0
ASAS14hr,dup,B,ASAS14hr_B_comb_dup.fits,0.23,0.03362,23,0.39737558468500633,0.16874987348758688,0.11309852019161128,1.0
ASAS14hr,dup,V,ASAS14hr_V_comb_dup.fits,0.23,0.03362,17,1.628524991339024,0.6915708887290453,0.4635004608083808,1.0
ASAS14hu,dup,B,ASAS14hu_B_comb_dup.fits,0.23,0.015,25,1.358466311988241,0.5768875268642393,0.17641722126863188,1.0
ASAS14hu,dup,V,ASAS14hu_V_comb_dup.fits,0.23,0.015,25,1.195952034650027,0.5078740675635401,0.15531230540029076,1.0
ASAS14hu,swo,V,ASAS14hu_V_comb_swo.fits,0.43,0.015,25,1.6183154397778745,0.6872352913730209,0.2101625270367455,1.0
ASAS14jc,dup,B,ASAS14jc_B_comb_dup.fits,0.23,0.011325,25,1.0463925332801107,0.44436199508670227,0.10305549894185102,1.0
ASAS14jc,dup,V,ASAS14jc_V_comb_dup.fits,0.23,0.011325,25,0.9288113020023651,0.39442984357225386,0.09147533942222885,1.0
ASAS14jg,dup,B,ASAS14jg_B_comb_dup.fits,0.23,0.014827,21,1.414476366461242,0.600672807013859,0.1816104882210161,1.0
ASAS14jg,dup,V,ASAS14jg_V_comb_dup.fits,0.23,0.014827,25,1.3768168455240868,0.5846802809536944,0.1767752261086648,1.0
ASAS14jz,dup,B,ASAS14jz_B_comb_dup.fits,0.23,0.012,25,1.546377914972275,0.6566862373349429,0.16124229950258845,1.0
ASAS14jz,dup,V,ASAS14jz_V_comb_dup.fits,0.23,0.012,25,1.3609088324159508,0.5779247697876907,0.14190326143920967,1.0
ASAS14jz,swo,V,ASAS14jz_V_comb_swo.fits,0.43,0.012,25,1.6398891956682908,0.6963968219689322,0.17099280989391666,1.0
ASAS14kd,swo,V,ASAS14kd_V_comb_swo.fits,0.43,0.026,25,1.7291158901531969,0.7342879103657669,0.3840854503810149,1.0
ASAS14kq,dup,B,ASAS14kq_B_comb_dup.fits,0.23,0.0336,19,1.2977835843507926,0.5511179451225267,0.36915604725856355,1.0
ASAS14kq,dup,V,ASAS14kq_V_comb_dup.fits,0.23,0.0336,24,1.2206041194772,0.5183428440966739,0.34720225887209766,1.0
ASAS14lo,swo,V,ASAS14lo_V_comb_swo.fits,0.43,0.01993,25,1.77764615391638,0.7548968158596664,0.3049031715885975,1.0
ASAS14lp,swo,V,ASAS14lp_V_comb_swo.fits,0.43,0.0051,25,1.571226101848693,0.6672382907408292,0.07021666637522316,1.0
ASAS14lq,dup,B,ASAS14lq_B_comb_dup.fits,0.159,0.026191,18,1.1911474855683637,0.5058337634257349,0.2664699295335267,1.0
ASAS14lq,dup,V,ASAS14lq_V_comb_dup.fits,0.159,0.026191,20,1.134856229943566,0.4819290681418718,0.25387709186948526,1.0
ASAS14lt,dup,B,ASAS14lt_B_comb_dup.fits,0.23,0.032046,18,1.2014596050742241,0.5102129173774862,0.32655769320286315,1.0
ASAS14lt,dup,V,ASAS14lt_V_comb_dup.fits,0.23,0.032046,22,1.409365536341359,0.5985024372946663,0.3830666936145702,1.0
ASAS14lt,swo,V,ASAS14lt_V_comb_swo.fits,0.43,0.032046,25,1.4790478756608023,0.6280938022342014,0.4020064098472526,1.0
ASAS14lw,swo,V,ASAS14lw_V_comb_swo.fits,0.43,0.016,25,1.4117517122004652,0.5995157528828963,0.19532272981887416,1.0
ASAS14me,dup,B,ASAS14me_B_comb_dup.fits,0.23,0.018,20,1.6718728296254097,0.7099790207550388,0.25959634116414737,1.0
ASAS14me,dup,V,ASAS14me_V_comb_dup.fits,0.23,0.018,24,1.5995892289458484,0.6792830018248062,0.24837266557705817,1.0
ASAS14me,swo,V,ASAS14me_V_comb_swo.fits,0.43,0.018,25,1.6644323796849188,0.7068193525858334,0.258441041821434,1.0
ASAS14mf,dup,B,ASAS14mf_B_comb_dup.fits,0.23,0.0311,18,0.957184282610518,0.4064787390570806,0.25276994933997277,1.0
ASAS14mf,dup,V,ASAS14mf_V_comb_dup.fits,0.23,0.0311,20,0.8574465788954793,0.3641240360191557,0.22643155790026093,1.0
ASAS14mw,swo,V,ASAS14mw_V_comb_swo.fits,0.159,0.027406,25,1.7402453362162342,0.7390141509490006,0.4067729386418942,1.0
ASAS14my,dup,B,ASAS14my_B_comb_dup.fits,0.23,0.020514,19,1.2440670157036633,0.5283066187281893,0.2194810549809638,1.0
ASAS14my,dup,V,ASAS14my_V_comb_dup.fits,0.23,0.020514,22,1.287744963832758,0.546854935497134,0.22718681521234108,1.0
ASAS15aj,dup,B,ASAS15aj_B_comb_dup.fits,0.23,0.01092,25,1.2013628674967525,0.5101718367107594,0.11414292220231868,1.0
ASAS15aj,dup,V,ASAS15aj_V_comb_dup.fits,0.23,0.01092,25,1.1085841410811508,0.47077233923689515,0.10532790449384531,1.0
ASAS15aj,swo,V,ASAS15aj_V_comb_swo.fits,0.43,0.01092,25,1.5911748289268726,0.6757097351385761,0.15117942265597678,1.0
ASAS15al,dup,B,ASAS15al_B_comb_dup.fits,0.23,0.032,25,0.759389103507723,0.3224828602551421,0.20611765916989488,1.0
ASAS15al,dup,V,ASAS15al_V_comb_dup.fits,0.23,0.032,25,0.7699072029891014,0.3269494858487085,0.2089725408557179,1.0
ASAS15al,swo,V,ASAS15al_V_comb_swo.fits,0.43,0.032,25,1.8137919630619044,0.7702465277078384,0.49230961034416,1.0
ASAS15as,dup,B,ASAS15as_B_comb_dup.fits,0.23,0.028,25,1.2315957612932011,0.5230105646043175,0.2939084310147995,1.0
ASAS15as,dup,V,ASAS15as_V_comb_dup.fits,0.23,0.028,25,0.9772251819903983,0.4149893254274361,0.23320534952586108,1.0
ASAS15ba,dup,B,ASAS15ba_B_comb_dup.fits,0.23,0.02313,16,1.034471966055861,0.4392997962790252,0.20512858789323743,1.0
ASAS15ba,dup,V,ASAS15ba_V_comb_dup.fits,0.23,0.02313,23,0.9671951848838061,0.4107299778277088,0.1917880706316215,1.0
ASAS15be,dup,B,ASAS15be_B_comb_dup.fits,0.23,0.0219,18,0.8932018478513322,0.37930790071883935,0.1679460976074345,1.0
ASAS15be,dup,V,ASAS15be_V_comb_dup.fits,0.23,0.0219,25,0.708179904205638,0.3007363155838647,0.13315696961605467,1.0
ASAS15bm,swo,V,ASAS15bm_V_comb_swo.fits,0.43,0.0206,25,1.6596831834663992,0.7048025546447164,0.29400195198628765,1.0
ASAS15cb,dup,B,ASAS15cb_B_comb_dup.fits,0.23,0.04004,15,1.146832342331465,0.48701485480874285,0.3857632365108057,1.0
ASAS15cb,dup,V,ASAS15cb_V_comb_dup.fits,0.23,0.04004,22,0.9798094190247916,0.416086749852647,0.3295812637079702,1.0
ASAS15cb,swo,V,ASAS15cb_V_comb_swo.fits,0.43,0.04004,24,1.1344388484666048,0.481751822548162,0.3815944019492813,1.0
ASAS15cd,dup,B,ASAS15cd_B_comb_dup.fits,0.23,0.03435,25,0.9676867973842368,0.41093874643466377,0.2811512990353161,1.0
ASAS15cd,dup,V,ASAS15cd_V_comb_dup.fits,0.23,0.03435,25,0.9025596065082685,0.38328177493342436,0.26222927347209146,1.0
ASAS15da,dup,B,ASAS15da_B_comb_dup.fits,0.23,0.048,25,0.7381648715712563,0.3134697588161369,0.29485650502052163,1.0
ASAS15da,dup,V,ASAS15da_V_comb_dup.fits,0.23,0.048,25,0.7282648206785681,0.30926559429257644,0.2909019760011038,1.0
ASAS15da,swo,V,ASAS15da_V_comb_swo.fits,0.43,0.048,25,1.7826942045723284,0.7570405255951941,0.7120888610720006,1.0
ASAS15db,swo,V,ASAS15db_V_comb_swo.fits,0.43,0.011,25,1.347034682289043,0.5720329607060649,0.1289084441956408,1.0
ASAS15dd,dup,B,ASAS15dd_B_comb_dup.fits,0.23,0.02437,25,1.613199975714066,0.6850629537990296,0.3365321128611163,1.0
ASAS15dd,dup,V,ASAS15dd_V_comb_dup.fits,0.23,0.02437,25,1.3303058136453199,0.5649288642894306,0.27751712928170635,1.0
ASAS15dd,swo,V,ASAS15dd_V_comb_swo.fits,0.43,0.02437,25,1.6604805950742243,0.7051411841758807,0.3463953951386983,1.0
ASAS15eb,dup,B,ASAS15eb_B_comb_dup.fits,0.23,0.01648,25,1.0588669982190884,0.4496594125965034,0.15080667736191153,1.0
ASAS15eb,dup,V,ASAS15eb_V_comb_dup.fits,0.23,0.01648,25,0.9693363504576082,0.411639247127637,0.13805548242083093,1.0
ASAS15fr,dup,B,ASAS15fr_B_comb_dup.fits,0.23,0.03344,25,0.8525875477212029,0.3620605954668597,0.24141090847822524,1.0
ASAS15fr,dup,V,ASAS15fr_V_comb_dup.fits,0.23,0.03344,25,0.7683716528580216,0.32629739774782784,0.21756510432407467,1.0
ASAS15fr,swo,V,ASAS15fr_V_comb_swo.fits,0.43,0.03344,25,1.5061805586805148,0.6396159918286746,0.4264763401426129,1.0
ASAS15ga,dup,B,ASAS15ga_B_comb_dup.fits,0.23,0.00663,19,1.1861990169835022,0.5037323423021532,0.06878468573133006,1.0
ASAS15ga,dup,V,ASAS15ga_V_comb_dup.fits,0.23,0.00663,23,1.1777885589029042,0.5001607496030231,0.06829698450443006,1.0
ASAS15ga,swo,V,ASAS15ga_V_comb_swo.fits,0.43,0.00663,24,1.8139851680260806,0.7703285743018378,0.10518841941149856,1.0
ASAS15go,dup,B,ASAS15go_B_comb_dup.fits,0.23,0.01892,25,1.1289395069993096,0.47941646725046116,0.18404810176593198,1.0
ASAS15go,dup,V,ASAS15go_V_comb_dup.fits,0.23,0.01892,25,1.0894284318141672,0.4626376584966809,0.17760671288595106,1.0
ASAS15go,swo,V,ASAS15go_V_comb_swo.fits,0.43,0.01892,25,1.4176695171555773,0.6020288132620109,0.23111901208721625,1.0
ASAS15gr,dup,B,ASAS15gr_B_comb_dup.fits,0.23,0.024,25,1.1229828594756357,0.47688691195121724,0.23081326182267575,1.0
ASAS15gr,dup,V,ASAS15gr_V_comb_dup.fits,0.23,0.024,25,1.13530584240237,0.4821200009733435,0.23334607687030062,1.0
ASAS15gr,swo,V,ASAS15gr_V_comb_swo.fits,0.43,0.024,25,1.9624798539368176,0.8333884612872933,0.40336000903874236,1.0
ASAS15hf,dup,B,ASAS15hf_B_comb_dup.fits,0.23,0.00618,25,1.1565571613074659,0.4911446051888289,0.06254816768395814,1.0
ASAS15hf,dup,V,ASAS15hf_V_comb_dup.fits,0.23,0.00618,25,1.124272237042296,0.47743446018930064,0.0608021555332756,1.0
ASAS15hf,swo,V,ASAS15hf_V_comb_swo.fits,0.43,0.00618,25,1.8144329522622256,0.7705187307586294,0.09812697577446085,1.0
ASAS15hg,dup,B,ASAS15hg_B_comb_dup.fits,0.23,0.02977,25,1.2166558511189773,0.516666168901661,0.3080414268149935,1.0
ASAS15hg,dup,V,ASAS15hg_V_comb_dup.fits,0.23,0.02977,25,1.1392635246144915,0.4838006738640269,0.28844669699961667,1.0
ASAS15hg,swo,V,ASAS15hg_V_comb_swo.fits,0.43,0.02977,25,1.680285906996444,0.7135517257644034,0.42542652285136134,1.0
ASAS15hx,dup,B,ASAS15hx_B_comb_dup.fits,0.23,0.0081,25,0.864633813995665,0.3671761737463472,0.06114484149918636,1.0
ASAS15hx,dup,V,ASAS15hx_V_comb_dup.fits,0.23,0.0081,25,0.9251056799179233,0.3928562107622813,0.06542126765454266,1.0
ASAS15hx,swo,V,ASAS15hx_V_comb_swo.fits,0.43,0.0081,25,1.6382336085541045,0.6956937588547549,0.11585197422568423,1.0
CSP12G,dup,B,CSP12G_B_comb_dup.fits,0.23,0.03697,24,0.9761050806423721,0.41451366218073077,0.3042734422835396,1.0
CSP12G,dup,V,CSP12G_V_comb_dup.fits,0.23,0.03697,25,1.2312845326535846,0.5228783979700673,0.3838184951710641,1.0
CSP12G,swo,V,CSP12G_V_comb_swo.fits,0.43,0.03697,24,1.2830045224013076,0.5448418553717743,0.39994075457478784,1.0
CSP12J,dup,B,CSP12J_B_comb_dup.fits,0.23,0.0147,25,1.1436752479850667,0.48567416028176175,0.14560586931888464,1.0
CSP12J,dup,V,CSP12J_V_comb_dup.fits,0.23,0.0147,25,1.1847654604526388,0.5031235668953495,0.15083722858575635,1.0
CSP13aam,dup,B,CSP13aam_B_comb_dup.fits,0.23,0.07495,25,1.277573551732635,0.5425355344789601,0.7719914258274766,1.0
CSP13aam,dup,V,CSP13aam_V_comb_dup.fits,0.23,0.07495,25,1.1943246841370427,0.5071829954298465,0.7216871502681673,1.0
CSP13aam,swo,V,CSP13aam_V_comb_swo.fits,0.43,0.07495,25,1.6800256060475616,0.7134411861291426,1.015178626138897,1.5
CSP13aao,dup,B,CSP13aao_B_comb_dup.fits,0.23,0.0614,25,1.3315269925278634,0.5654474512129284,0.6696723486946059,1.0
CSP13aao,dup,V,CSP13aao_V_comb_dup.fits,0.23,0.0614,25,1.153446454628614,0.4898236096905037,0.5801093036035063,1.0
CSP13abm,dup,V,CSP13abm_V_comb_dup.fits,0.23,0.02818,25,1.1380758026567153,0.48329629478831687,0.2732776173551206,1.0
CSP14aaq,dup,B,CSP14aaq_B_comb_dup.fits,0.23,0.03591,25,1.1116597889801265,0.4720784466422002,0.33701984730040424,1.0
CSP14aaq,dup,V,CSP14aaq_V_comb_dup.fits,0.23,0.03591,25,1.057495276181538,0.44907689588128985,0.3205988918845135,1.0
CSP14acy,dup,B,CSP14acy_B_comb_dup.fits,0.23,0.0664,25,1.1194514061492382,0.4753872418028127,0.6052967071125425,1.0
CSP14acy,dup,V,CSP14acy_V_comb_dup.fits,0.23,0.0664,25,1.418317666562396,0.6023040569725383,0.7668961854832963,1.0
CSP14ade,dup,B,CSP14ade_B_comb_dup.fits,0.23,0.06246,25,1.0693471225172175,0.45410991161456804,0.5464162769703721,1.0
CSP14ade,dup,V,CSP14ade_V_comb_dup.fits,0.23,0.06246,25,1.0360539885752014,0.4399716193861364,0.5294041114029845,1.0
CSP14ade,swo,V,CSP14ade_V_comb_swo.fits,0.43,0.06246,25,1.6668190721105538,0.7078328875396706,0.8517132113489132,1.0
CSP15aae,swo,V,CSP15aae_V_comb_swo.fits,0.43,0.016,25,1.6626435430221735,0.7060597035984214,0.23003483738130692,1.0
KISS13j,swo,V,KISS13j_V_comb_swo.fits,0.43,0.0766,25,1.3252146230669963,0.5627668347156349,0.8168363681364659,1.0
KISS13l,dup,B,KISS13l_B_comb_dup.fits,0.23,0.13201,22,0.5042021835879869,0.21411495313704965,0.502671835068556,1.0
KISS13l,dup,V,KISS13l_V_comb_dup.fits,0.23,0.13201,18,1.0415510347655204,0.44230599996945047,1.0383897313522301,1.5
KISS13l,swo,V,KISS13l_V_comb_swo.fits,0.43,0.13201,24,1.4050954307807024,0.5966890904235679,1.4008307017054484,1.5
KISS13v,dup,B,KISS13v_B_comb_dup.fits,0.23,0.08,18,1.6052382058908545,0.6816819014591652,1.029276339550115,1.5
KISS13v,dup,V,KISS13v_V_comb_dup.fits,0.23,0.08,25,1.8851984101830215,0.8005700538183776,1.2087864043093988,1.5
KISS13v,swo,V,KISS13v_V_comb_swo.fits,0.43,0.08,24,1.4801029973863433,0.6285418711759312,0.9490398307966463,1.0
KISS15m,dup,B,KISS15m_B_comb_dup.fits,0.23,0.0243,14,1.684429418592812,0.7153113131286741,0.35041161513831687,1.0
KISS15m,dup,V,KISS15m_V_comb_dup.fits,0.23,0.0243,18,1.5182423172444186,0.6447381490777417,0.3158397358088198,1.0
KISS15m,swo,V,KISS15m_V_comb_swo.fits,0.43,0.0243,25,1.9048494305235046,0.8089150738049155,0.3962655592317217,1.0
KISS15n,swo,V,KISS15n_V_comb_swo.fits,0.159,0.023,25,1.6844220312891525,0.7153081760296525,0.3321839602516248,1.0
LSQ11bk,dup,B,LSQ11bk_B_comb_dup.fits,0.23,0.037,25,1.486188137405098,0.6311259922137978,0.4636368790477217,1.0
LSQ11bk,dup,V,LSQ11bk_V_comb_dup.fits,0.23,0.037,25,1.7044040493194228,0.7237937577930809,0.5317123412399845,1.0
LSQ11bk,swo,V,LSQ11bk_V_comb_swo.fits,0.43,0.037,25,1.1528394596077265,0.48956584263855063,0.35964416324088666,1.0
LSQ11ot,dup,B,LSQ11ot_B_comb_dup.fits,0.23,0.027,25,1.2536070409381834,0.5323578944316771,0.2888239002629899,1.0
LSQ11ot,dup,V,LSQ11ot_V_comb_dup.fits,0.23,0.027,25,1.1162925998194613,0.47404582026342906,0.25718743751892204,1.0
LSQ11pn,dup,B,LSQ11pn_B_comb_dup.fits,0.23,0.033,25,1.3971506754624676,0.5933152634787024,0.39060488924082015,1.0
LSQ11pn,dup,V,LSQ11pn_V_comb_dup.fits,0.23,0.033,25,1.3516213185911607,0.5739807258067554,0.3778761337026703,1.0
LSQ12agq,dup,B,LSQ12agq_B_comb_dup.fits,0.23,0.064,25,0.7139719688096574,0.3031959789522998,0.3731458698101939,1.0
LSQ12agq,dup,V,LSQ12agq_V_comb_dup.fits,0.23,0.064,25,0.6750374892037354,0.2866620277962104,0.35279739551031253,1.0
LSQ12agq,swo,V,LSQ12agq_V_comb_swo.fits,0.43,0.064,21,1.3169219678155326,0.5592452682719644,0.6882679077330636,1.0
LSQ12aor,dup,B,LSQ12aor_B_comb_dup.fits,0.23,0.093,25,0.6501989241289841,0.2761140603932809,0.4774173239528215,1.0
LSQ12aor,dup,V,LSQ12aor_V_comb_dup.fits,0.23,0.093,25,0.6075850768311154,0.25801762564116865,0.4461275321901905,1.0
LSQ12bld,dup,B,LSQ12bld_B_comb_dup.fits,0.23,0.083,25,1.153012254799294,0.48963922200014226,0.764367265638665,1.0
LSQ12bld,dup,V,LSQ12bld_V_comb_dup.fits,0.23,0.083,25,1.0429565717371023,0.4429028765649881,0.6914079703839183,1.0
LSQ12bld,swo,V,LSQ12bld_V_comb_swo.fits,0.43,0.083,25,1.216785905029129,0.5167213977122133,0.8066447786859666,1.0
LSQ12blp,swo,V,LSQ12blp_V_comb_swo.fits,0.43,0.074,25,1.229541138696257,0.5221380467228429,0.7343629837814011,1.0
LSQ12btn,dup,B,LSQ12btn_B_comb_dup.fits,0.23,0.054,25,0.7173677454783814,0.3046380325291282,0.320086440260412,1.0
LSQ12btn,dup,V,LSQ12btn_V_comb_dup.fits,0.23,0.054,25,0.7097539318874536,0.3014047435960761,0.31668918898380044,1.0
LSQ12btn,swo,V,LSQ12btn_V_comb_swo.fits,0.43,0.054,25,1.3991017078006964,0.5941437906276648,0.6242732378684622,1.0
LSQ12ca,dup,B,LSQ12ca_B_comb_dup.fits,0.23,0.098,25,1.0599053692694567,0.4501003681814363,0.8153860132785871,1.0
LSQ12ca,dup,V,LSQ12ca_V_comb_dup.fits,0.23,0.098,25,0.9749183888503616,0.4140097205761421,0.7500054640770348,1.0
LSQ12ca,swo,V,LSQ12ca_V_comb_swo.fits,0.43,0.098,25,1.5799882044698692,0.6709592131270921,1.2154861371801948,1.5
LSQ12cda,dup,B,LSQ12cda_B_comb_dup.fits,0.23,0.13749,21,1.1188753266567601,0.4751426033669825,1.154652151495017,1.5
LSQ12cda,dup,V,LSQ12cda_V_comb_dup.fits,0.23,0.13749,25,1.0853129047870809,0.46088995508479147,1.1200165476006994,1.5
LSQ12cda,swo,V,LSQ12cda_V_comb_swo.fits,0.43,0.13749,25,1.2414517814431543,0.5271960309930341,1.2811480745614836,1.5
LSQ12cdl,dup,B,LSQ12cdl_B_comb_dup.fits,0.23,0.111,25,0.8023945168113226,0.3407455777797138,0.6888420856270034,1.0
LSQ12cdl,dup,V,LSQ12cdl_V_comb_dup.fits,0.23,0.111,25,0.8441021096817707,0.3584571617109182,0.7246473468263608,1.0
LSQ12cdl,swo,V,LSQ12cdl_V_comb_swo.fits,0.43,0.111,25,1.5438854593006344,0.6556277888658549,1.325399485505116,1.5
LSQ12fuk,dup,B,LSQ12fuk_B_comb_dup.fits,0.23,0.02,25,0.831560163743154,0.35313108765906775,0.1431186606706067,1.0
LSQ12fuk,dup,V,LSQ12fuk_V_comb_dup.fits,0.23,0.02,25,0.7273728993191746,0.3088868301652387,0.1251871358171627,1.0
LSQ12fvl,dup,B,LSQ12fvl_B_comb_dup.fits,0.23,0.056,24,1.0751701070591775,0.4565827054716814,0.49633100279679504,1.0
LSQ12fvl,dup,V,LSQ12fvl_V_comb_dup.fits,0.23,0.056,25,0.9574407006312643,0.40658762976458385,0.4419835521307197,1.0
LSQ12fxd,dup,B,LSQ12fxd_B_comb_dup.fits,0.23,0.031,25,0.7828882369711913,0.3324620234243427,0.20610239705099584,1.0
LSQ12fxd,dup,V,LSQ12fxd_V_comb_dup.fits,0.23,0.031,25,0.7059257065029221,0.2997790459583268,0.18584131601344248,1.0
LSQ12gdj,dup,B,LSQ12gdj_B_comb_dup.fits,0.23,0.03,12,1.0748661845662943,0.4564536414722796,0.27416897149762043,1.0
LSQ12gdj,dup,V,LSQ12gdj_V_comb_dup.fits,0.23,0.03,25,1.0441348613173147,0.4434032500787514,0.2663302512839658,1.0
LSQ12gef,dup,B,LSQ12gef_B_comb_dup.fits,0.23,0.065,12,0.9645115637501442,0.40959034886144247,0.5113622787240069,1.0
LSQ12gef,dup,V,LSQ12gef_V_comb_dup.fits,0.23,0.065,24,0.8437399707173813,0.3583033754523234,0.44733190382809696,1.0
LSQ12gln,dup,B,LSQ12gln_B_comb_dup.fits,0.23,0.112,25,0.7488619371841748,0.3180123843282184,0.6479382389338201,1.0
LSQ12gln,dup,V,LSQ12gln_V_comb_dup.fits,0.23,0.112,25,0.7535598368635138,0.32000739863483274,0.6520030053397137,1.0
LSQ12gpw,dup,B,LSQ12gpw_B_comb_dup.fits,0.23,0.058,17,0.9467515030887287,0.40204834551435353,0.451591795426875,1.0
LSQ12gpw,dup,V,LSQ12gpw_V_comb_dup.fits,0.23,0.058,23,0.8406153287629525,0.3569764621873279,0.40096581240266316,1.0
LSQ12gxj,dup,B,LSQ12gxj_B_comb_dup.fits,0.23,0.036,23,0.887676108592647,0.37696133531128506,0.2697605768754759,1.0
LSQ12gxj,dup,V,LSQ12gxj_V_comb_dup.fits,0.23,0.036,25,0.7989239436867538,0.33927176107261886,0.24278921314020613,1.0
LSQ12gyc,dup,B,LSQ12gyc_B_comb_dup.fits,0.23,0.093,23,0.8312271155435267,0.35298965511082264,0.6103397135444801,1.0
LSQ12gyc,dup,V,LSQ12gyc_V_comb_dup.fits,0.23,0.093,22,0.8345055629166293,0.35438188352335914,0.6127469577177668,1.0
LSQ12gyc,swo,V,LSQ12gyc_V_comb_swo.fits,0.43,0.093,25,1.4599562806245827,0.6199863483009355,1.0719925775294468,1.5
LSQ12gzm,dup,B,LSQ12gzm_B_comb_dup.fits,0.23,0.1,19,0.8349214182543953,0.3545584810254246,0.6539104676830438,1.0
LSQ12gzm,dup,V,LSQ12gzm_V_comb_dup.fits,0.23,0.1,25,0.8164085573368798,0.3466967928439516,0.6394111947262742,1.0
LSQ12gzm,swo,V,LSQ12gzm_V_comb_swo.fits,0.43,0.1,22,1.4061468781427116,0.5971355990067728,1.1012942566975665,1.5
LSQ12hjm,dup,B,LSQ12hjm_B_comb_dup.fits,0.23,0.07,21,0.7684070156178828,0.3263124149292621,0.4361682801512337,1.0
LSQ12hjm,dup,V,LSQ12hjm_V_comb_dup.fits,0.23,0.07,24,0.7286480022565192,0.3094283165263877,0.41360000562241334,1.0
LSQ12hno,dup,B,LSQ12hno_B_comb_dup.fits,0.23,0.048,23,0.7888977724640475,0.3350140381761864,0.3151215249678396,1.0
LSQ12hno,dup,V,LSQ12hno_V_comb_dup.fits,0.23,0.048,25,0.7099501953435847,0.3014880890120221,0.28358628458173474,1.0
LSQ12hnr,dup,B,LSQ12hnr_B_comb_dup.fits,0.23,0.1243,24,0.887416126011176,0.3768509308742158,0.8403287758983214,1.0
LSQ12hnr,dup,V,LSQ12hnr_V_comb_dup.fits,0.23,0.1243,25,0.900244791600252,0.38229876355091924,0.8524767373054836,1.0
LSQ12hnr,swo,V,LSQ12hnr_V_comb_swo.fits,0.43,0.1243,25,1.296441486387587,0.5505480085933904,1.2276507664749845,1.5
LSQ12hvj,dup,B,LSQ12hvj_B_comb_dup.fits,0.23,0.071,25,0.9886232448111725,0.419829637044804,0.5685206184600878,1.0
LSQ12hvj,dup,V,LSQ12hvj_V_comb_dup.fits,0.23,0.071,25,0.8816435747227549,0.37439955404794745,0.5070005717481172,1.0
LSQ12hvj,swo,V,LSQ12hvj_V_comb_swo.fits,0.43,0.071,25,1.076081984020064,0.456969943962712,0.6188149007013226,1.0
LSQ12hxx,dup,B,LSQ12hxx_B_comb_dup.fits,0.23,0.069,25,1.3018478709319736,0.5528438887205342,0.7292593939302326,1.0
LSQ12hxx,dup,V,LSQ12hxx_V_comb_dup.fits,0.23,0.069,25,1.3715945515599037,0.5824625768980478,0.7683295673191998,1.0
LSQ12hzj,dup,B,LSQ12hzj_B_comb_dup.fits,0.23,0.029,24,1.1435956863702372,0.48564037357479134,0.282315400349257,1.0
LSQ12hzj,dup,V,LSQ12hzj_V_comb_dup.fits,0.23,0.029,25,0.9904242968024859,0.42059447340464134,0.2445025241000264,1.0
LSQ12hzj,swo,V,LSQ12hzj_V_comb_swo.fits,0.43,0.029,25,1.32239738901241,0.561570465566098,0.32645554084311645,1.0
LSQ12hzs,dup,B,LSQ12hzs_B_comb_dup.fits,0.23,0.072,24,1.092373415184936,0.4638882777858208,0.6362874110367366,1.0
LSQ12hzs,dup,V,LSQ12hzs_V_comb_dup.fits,0.23,0.072,25,1.0285996805686548,0.4368060662381256,0.5991403842718389,1.0
LSQ13abo,swo,V,LSQ13abo_V_comb_swo.fits,0.43,0.067,25,1.284442881155235,0.5454526700949472,0.7002921336255783,1.0
LSQ13aiz,swo,V,LSQ13aiz_V_comb_swo.fits,0.43,0.009,25,1.331677911425177,0.5655115405677104,0.10452214336186143,1.0
LSQ13cwp,dup,B,LSQ13cwp_B_comb_dup.fits,0.23,0.0665,25,0.9668107360623537,0.4105667174451315,0.523488563154463,1.0
LSQ13cwp,dup,V,LSQ13cwp_V_comb_dup.fits,0.23,0.0665,25,1.0581912266520375,0.44937243883454786,0.5729673700551534,1.0
LSQ13dby,dup,B,LSQ13dby_B_comb_dup.fits,0.23,0.09993,23,0.9604367342155734,0.40785992808335825,0.7517479033280686,1.0
LSQ13dby,dup,V,LSQ13dby_V_comb_dup.fits,0.23,0.09993,25,0.8532702679010855,0.3623505200329951,0.6678671400367803,1.0
LSQ13dcy,swo,V,LSQ13dcy_V_comb_swo.fits,0.43,0.083,25,1.4807167985813507,0.6288025285439125,0.9816126808763891,1.0
LSQ13dhj,dup,B,LSQ13dhj_B_comb_dup.fits,0.23,0.0935,19,1.2484311208654117,0.5301598835545005,0.9210748833155092,1.0
LSQ13dhj,dup,V,LSQ13dhj_V_comb_dup.fits,0.23,0.0935,25,1.1638064226641043,0.49422308304191814,0.858639973837005,1.0
LSQ13dhj,swo,V,LSQ13dhj_V_comb_swo.fits,0.43,0.0935,25,1.3041363104273935,0.5538156994965844,0.9621733869640754,1.0
LSQ13dkp,dup,B,LSQ13dkp_B_comb_dup.fits,0.23,0.06894,17,1.3008071305282285,0.5524019269638636,0.7280938818932752,1.0
LSQ13dkp,dup,V,LSQ13dkp_V_comb_dup.fits,0.23,0.06894,25,1.0575625659276466,0.44910547120544286,0.591943890758495,1.0
LSQ13dpm,dup,B,LSQ13dpm_B_comb_dup.fits,0.23,0.05086,23,0.8825396170172245,0.374780068175284,0.3722673260474994,1.0
LSQ13dpm,dup,V,LSQ13dpm_V_comb_dup.fits,0.23,0.05086,25,0.7368879520166881,0.3129275010086825,0.31082945423006053,1.0
LSQ13dpm,swo,V,LSQ13dpm_V_comb_swo.fits,0.43,0.05086,25,1.289894231391106,0.5477676453931124,0.5440950945941384,1.0
LSQ13dqh,dup,B,LSQ13dqh_B_comb_dup.fits,0.23,0.1038,23,1.3360187492219582,0.5673549246538705,1.0814112877553765,1.5
LSQ13dqh,dup,V,LSQ13dqh_V_comb_dup.fits,0.23,0.1038,25,1.3508986878731697,0.5736738527955816,1.0934555301194142,1.5
LSQ13pf,swo,V,LSQ13pf_V_comb_swo.fits,0.43,0.085,25,1.2583590726287244,0.5343758964868952,0.852328189619145,1.0
LSQ13ry,swo,V,LSQ13ry_V_comb_swo.fits,0.43,0.03,25,1.3398451543685852,0.5689798493077528,0.34175786085179327,1.0
LSQ13vy,swo,V,LSQ13vy_V_comb_swo.fits,0.43,0.032,25,1.3137357055638308,0.5578921872760618,0.3565815300060769,1.0
LSQ14act,dup,B,LSQ14act_B_comb_dup.fits,0.23,0.0591,25,0.9168290861165975,0.38934146498848393,0.44503604858050155,1.0
LSQ14act,dup,V,LSQ14act_V_comb_dup.fits,0.23,0.0591,24,0.8869718797697582,0.37666227686544973,0.4305431258150035,1.0
LSQ14age,dup,B,LSQ14age_B_comb_dup.fits,0.23,0.08054,25,0.863466744753035,0.3666805650712416,0.5570411834061847,1.0
LSQ14age,dup,V,LSQ14age_V_comb_dup.fits,0.23,0.08054,25,0.8007302224597013,0.34003881704224975,0.5165684879220493,1.0
LSQ14ahc,dup,B,LSQ14ahc_B_comb_dup.fits,0.23,0.05086,25,0.8346798647831174,0.3544559027108788,0.352079425531823,1.0
LSQ14ahc,dup,V,LSQ14ahc_V_comb_dup.fits,0.23,0.05086,25,1.0222484098242663,0.4341089298867553,0.4311984127893952,1.0
LSQ14ahm,dup,B,LSQ14ahm_B_comb_dup.fits,0.23,0.04977,25,1.2468112284634931,0.5294719785889653,0.5153155964789795,1.0
LSQ14ahm,dup,V,LSQ14ahm_V_comb_dup.fits,0.23,0.04977,25,1.2905534494563997,0.5480475895301112,0.5333945551759215,1.0
LSQ14ajn,dup,B,LSQ14ajn_B_comb_dup.fits,0.23,0.02101,19,0.9747135438637508,0.4139227309197379,0.17601343514354564,1.0
LSQ14ajn,dup,V,LSQ14ajn_V_comb_dup.fits,0.23,0.02101,24,0.9156756091792342,0.38885162843396787,0.1653523852863636,1.0
LSQ14ajn,swo,V,LSQ14ajn_V_comb_swo.fits,0.43,0.02101,25,1.4417649671375061,0.6122612087407117,0.26035341986688,1.0
LSQ14asu,dup,B,LSQ14asu_B_comb_dup.fits,0.23,0.0684,23,1.009099466795698,0.4285250879043012,0.5607479958353598,1.0
LSQ14asu,dup,V,LSQ14asu_V_comb_dup.fits,0.23,0.0684,25,0.9587593909631165,0.40714762598791937,0.5327744436116569,1.0
LSQ14asu,swo,V,LSQ14asu_V_comb_swo.fits,0.43,0.0684,25,1.5270246615470615,0.6484676673146766,0.8485546239289063,1.0
LSQ14auy,dup,B,LSQ14auy_B_comb_dup.fits,0.23,0.0825,25,0.9839859040856377,0.41786033975802395,0.6487610491998709,1.0
LSQ14auy,dup,V,LSQ14auy_V_comb_dup.fits,0.23,0.0825,24,0.9261339029022319,0.3932928568603465,0.6106180993565649,1.0
LSQ14azy,dup,B,LSQ14azy_B_comb_dup.fits,0.23,0.0458,16,1.1701711802368568,0.49692594672196166,0.4471620767424323,1.0
LSQ14azy,dup,V,LSQ14azy_V_comb_dup.fits,0.23,0.0458,23,1.01614643884184,0.4315176613967055,0.3883040016204909,1.0
LSQ14ba,dup,B,LSQ14ba_B_comb_dup.fits,0.23,0.07755,24,1.0249645628469624,0.4352623738743023,0.6388964158118956,1.0
LSQ14ba,dup,V,LSQ14ba_V_comb_dup.fits,0.23,0.07755,25,0.8907621722352284,0.3782718658756453,0.5552433516346641,1.0
LSQ14bbv,dup,B,LSQ14bbv_B_comb_dup.fits,0.23,0.0588,25,0.9924034677322846,0.4214349499132285,0.47944451634303037,1.0
LSQ14bbv,dup,V,LSQ14bbv_V_comb_dup.fits,0.23,0.0588,25,0.9187699117302397,0.39016565774059575,0.4438710769185508,1.0
LSQ14bjj,dup,B,LSQ14bjj_B_comb_dup.fits,0.23,0.08114,25,1.1348561213184742,0.48192902201304255,0.7370607015379569,1.0
LSQ14bjj,dup,V,LSQ14bjj_V_comb_dup.fits,0.23,0.08114,25,1.047226068550247,0.44471596492482013,0.6801471713063723,1.0
LSQ14fms,dup,B,LSQ14fms_B_comb_dup.fits,0.23,0.078,21,1.084527006987492,0.46055621501779687,0.6795906167950505,1.0
LSQ14fms,dup,V,LSQ14fms_V_comb_dup.fits,0.23,0.078,25,0.9923514769977732,0.42141287148111173,0.6218312204171544,1.0
LSQ14foj,dup,B,LSQ14foj_B_comb_dup.fits,0.23,0.04607,14,1.0138526692161642,0.43054358712274304,0.38958649245882115,1.0
LSQ14foj,dup,V,LSQ14foj_V_comb_dup.fits,0.23,0.04607,21,0.9122615545410705,0.38740181291818443,0.3505487434515114,1.0
LSQ14fom,swo,V,LSQ14fom_V_comb_swo.fits,0.43,0.05626,25,1.574676878711113,0.6687037007494205,0.7300694234482151,1.0
LSQ14gfb,dup,B,LSQ14gfb_B_comb_dup.fits,0.23,0.0527,25,1.0899489095013768,0.46285868501983624,0.4753524095312241,1.0
LSQ14gfb,dup,V,LSQ14gfb_V_comb_dup.fits,0.23,0.0527,25,0.8675147603513294,0.36839959901901026,0.37834363431361007,1.0
LSQ14gfb,swo,V,LSQ14gfb_V_comb_swo.fits,0.43,0.0527,25,1.7131843325904519,0.7275224007904755,0.7471600672003651,1.0
LSQ14gfn,dup,B,LSQ14gfn_B_comb_dup.fits,0.23,0.1217,22,0.8584117177882356,0.3645338927701176,0.7982058239090697,1.0
LSQ14gfn,dup,V,LSQ14gfn_V_comb_dup.fits,0.23,0.1217,24,0.7333942054655929,0.31144384345341936,0.6819565878389083,1.0
LSQ14gfn,swo,V,LSQ14gfn_V_comb_swo.fits,0.43,0.1217,24,1.4378450401182965,0.6105965690042353,1.336999788234861,1.5
LSQ14gov,dup,B,LSQ14gov_B_comb_dup.fits,0.23,0.0896,23,1.0177478828006759,0.43219773202979495,0.722804522564474,1.0
LSQ14gov,dup,V,LSQ14gov_V_comb_dup.fits,0.23,0.0896,25,0.8163215445565376,0.34665984191832744,0.5797515418539472,1.0
LSQ14ie,dup,B,LSQ14ie_B_comb_dup.fits,0.23,0.08954,25,1.1763380845090794,0.4995447898413056,0.8349336964323791,1.0
LSQ14ie,dup,V,LSQ14ie_V_comb_dup.fits,0.23,0.08954,25,1.0907356311748946,0.4631927749538751,0.774175336461556,1.0
LSQ14ip,dup,B,LSQ14ip_B_comb_dup.fits,0.23,0.0613,20,1.0968329727531314,0.46578207751697465,0.5508026959330162,1.0
LSQ14ip,dup,V,LSQ14ip_V_comb_dup.fits,0.23,0.0613,24,0.9495670636111885,0.40324400398023125,0.47684935774077947,1.0
LSQ14jp,dup,B,LSQ14jp_B_comb_dup.fits,0.23,0.0454,25,1.3392292379921744,0.5687182937049328,0.5075364277578427,1.0
LSQ14jp,dup,V,LSQ14jp_V_comb_dup.fits,0.23,0.0454,25,0.881927579833133,0.3745201599137661,0.3342298396058789,1.0
LSQ14mc,dup,B,LSQ14mc_B_comb_dup.fits,0.23,0.05662,22,0.9594940787103945,0.40745961914800327,0.4475079259702807,1.0
LSQ14mc,dup,V,LSQ14mc_V_comb_dup.fits,0.23,0.05662,25,0.8243151272186983,0.35005440392701614,0.38446047882168294,1.0
LSQ14q,dup,B,LSQ14q_B_comb_dup.fits,0.23,0.06695,23,1.0498710801950966,0.44583919795081334,0.5720073951405458,1.0
LSQ14q,dup,V,LSQ14q_V_comb_dup.fits,0.23,0.06695,25,1.0403539069609835,0.4417976265983884,0.5668220980374628,1.0
LSQ14wp,dup,B,LSQ14wp_B_comb_dup.fits,0.23,0.06945,25,1.3160047784394195,0.5588557738059017,0.7416069420061752,1.0
LSQ14wp,dup,V,LSQ14wp_V_comb_dup.fits,0.23,0.06945,24,1.2315147513207827,0.5229761628365096,0.6939943560429431,1.0
LSQ14wp,swo,V,LSQ14wp_V_comb_swo.fits,0.43,0.06945,25,1.6795611998266524,0.7132439709653389,0.9464815521359481,1.0
LSQ14xi,dup,B,LSQ14xi_B_comb_dup.fits,0.23,0.0508,23,1.1272045831409843,0.4786797129231034,0.47494318459371576,1.0
LSQ14xi,dup,V,LSQ14xi_V_comb_dup.fits,0.23,0.0508,25,0.9251797659815797,0.39288767221676174,0.38982082840059,1.0
LSQ15aae,dup,B,LSQ15aae_B_comb_dup.fits,0.23,0.0516,25,1.0823248756054746,0.459621055922874,0.46277654595718165,1.0
LSQ15aae,dup,V,LSQ15aae_V_comb_dup.fits,0.23,0.0516,25,1.0759480453274004,0.45691306543692145,0.46004996398835135,1.0
LSQ15agh,dup,B,LSQ15agh_B_comb_dup.fits,0.23,0.0603,23,1.1238369058531392,0.4772495920546526,0.5558101954847328,1.0
LSQ15agh,dup,V,LSQ15agh_V_comb_dup.fits,0.23,0.0603,25,1.0328066376713871,0.43859259642823917,0.5107898274138706,1.0
LSQ15aja,dup,B,LSQ15aja_B_comb_dup.fits,0.23,0.07,25,1.3059118409205803,0.5545696978740542,0.7412703295342025,1.0
LSQ15aja,dup,V,LSQ15aja_V_comb_dup.fits,0.23,0.07,25,1.2221017890371073,0.5189788458001025,0.6936975127243433,1.0
LSQ15aja,swo,V,LSQ15aja_V_comb_swo.fits,0.43,0.07,25,1.3262294739635947,0.5631978022108963,0.752803158986559,1.0
LSQ15alq,dup,B,LSQ15alq_B_comb_dup.fits,0.23,0.0471,25,1.1663335539981028,0.4952962569089961,0.4576394822908256,1.0
LSQ15alq,dup,V,LSQ15alq_V_comb_dup.fits,0.23,0.0471,25,1.1313818254856596,0.48045362441731293,0.4439253171733313,1.0
LSQ15alq,swo,V,LSQ15alq_V_comb_swo.fits,0.43,0.0471,25,1.5225076134047897,0.6465494535845857,0.5973930815879981,1.0
LSQ15bv,dup,B,LSQ15bv_B_comb_dup.fits,0.23,0.0689,25,0.9251073758406485,0.3928569309543523,0.5175292329762468,1.0
LSQ15bv,dup,V,LSQ15bv_V_comb_dup.fits,0.23,0.0689,25,0.9679869102468939,0.41106619263306454,0.5415171646814474,1.0
LSQ15bv,swo,V,LSQ15bv_V_comb_swo.fits,0.43,0.0689,25,1.7634238993388487,0.7488571804286948,0.9865053958817618,1.0
PS1-14xw,swo,V,PS1-14xw_V_comb_swo.fits,0.43,0.024,25,1.4126361480978997,0.5998913382272204,0.2903474032215812,1.0
PS15sv,dup,B,PS15sv_B_comb_dup.fits,0.23,0.0333,25,1.1530998576241642,0.4896764234946068,0.3251888140373498,1.0
PS15sv,dup,V,PS15sv_V_comb_dup.fits,0.23,0.0333,25,1.0178934319534898,0.4322595410640441,0.28705888372527244,1.0
PS15sv,swo,V,PS15sv_V_comb_swo.fits,0.43,0.0333,25,1.552482591873952,0.6592786549230975,0.43781982065743164,1.0
SN04dt,dup,B,SN04dt_B_comb_dup.fits,0.23,0.02,13,1.4507730892471449,0.616086605984398,0.24969053415856254,1.0
SN04dt,dup,V,SN04dt_V_comb_dup.fits,0.23,0.02,14,1.2943876838757582,0.5496758389699992,0.22277526002561865,1.0
SN04ef,dup,B,SN04ef_B_comb_dup.fits,0.23,0.031,24,1.631205181067636,0.6927090605117544,0.42942949200604075,1.0
SN04ef,dup,V,SN04ef_V_comb_dup.fits,0.23,0.031,25,1.6718550768219238,0.7099714818335304,0.44013094408973086,1.0
SN04eo,dup,B,SN04eo_B_comb_dup.fits,0.23,0.016,24,1.0229589323286556,0.4344106610130418,0.14153135386929983,1.0
SN04eo,dup,V,SN04eo_V_comb_dup.fits,0.23,0.016,25,0.9770088095163895,0.4148974404978571,0.1351739304317075,1.0
SN04ey,dup,B,SN04ey_B_comb_dup.fits,0.23,0.016,20,1.2179446780375325,0.5172134833010245,0.16850858208761324,1.0
SN04ey,dup,V,SN04ey_V_comb_dup.fits,0.23,0.016,24,1.266453496172721,0.5378132816752356,0.17522001349341196,1.0
SN04gs,dup,B,SN04gs_B_comb_dup.fits,0.23,0.027,20,0.9713232309929056,0.412482997604235,0.22378732316425612,1.0
SN04gs,dup,V,SN04gs_V_comb_dup.fits,0.23,0.027,25,1.4258103791188628,0.6054859190312878,0.3284985655667428,1.0
SN04gu,dup,B,SN04gu_B_comb_dup.fits,0.23,0.046,14,1.3118397627602314,0.5570870544984637,0.503367942623941,1.0
SN04gu,dup,V,SN04gu_V_comb_dup.fits,0.23,0.046,15,1.1757677091936414,0.4993025737464318,0.45115553711771456,1.0
SN05A,dup,B,SN05A_B_comb_dup.fits,0.23,0.019,16,0.9049574883547329,0.38430006159678287,0.14814237668488267,1.0
SN05A,dup,V,SN05A_V_comb_dup.fits,0.23,0.019,16,1.1674800425730392,0.4957831257792334,0.19111756128277083,1.0
SN05M,dup,B,SN05M_B_comb_dup.fits,0.23,0.025,11,1.2389874267494985,0.5261495159105521,0.2649476852216522,1.0
SN05M,dup,V,SN05M_V_comb_dup.fits,0.23,0.025,13,1.0730935401122377,0.45570086868278464,0.22947258651764246,1.0
SN05W,dup,B,SN05W_B_comb_dup.fits,0.23,0.009,12,1.701381418827332,0.7225101648075068,0.1335398229903503,1.0
SN05W,dup,V,SN05W_V_comb_dup.fits,0.23,0.009,18,1.418554360919442,0.6024045718112604,0.11134099394945657,1.0
SN05ag,dup,B,SN05ag_B_comb_dup.fits,0.23,0.08,19,1.168434263047121,0.4961883459046928,0.7491983039405979,1.0
SN05ag,dup,V,SN05ag_V_comb_dup.fits,0.23,0.08,25,1.2044226744449325,0.5114712170836404,0.772274019565748,1.0
SN05al,dup,B,SN05al_B_comb_dup.fits,0.23,0.012,20,1.3449727822910582,0.5711573523969138,0.14024159429934224,1.0
SN05al,dup,V,SN05al_V_comb_dup.fits,0.23,0.012,25,1.2034016466012447,0.5110376264804678,0.12547983700780216,1.0
SN05am,dup,B,SN05am_B_comb_dup.fits,0.23,0.008,23,1.4425093944219654,0.6125773379014219,0.10076370590617399,1.0
SN05am,dup,V,SN05am_V_comb_dup.fits,0.23,0.008,25,1.2509774851011963,0.5312412248829633,0.08738461454144873,1.0
SN05be,dup,B,SN05be_B_comb_dup.fits,0.23,0.034,17,1.252024357738169,0.5316857907593162,0.360207009347082,1.0
SN05be,dup,V,SN05be_V_comb_dup.fits,0.23,0.034,18,0.9697530330881341,0.4118161959485905,0.2789976390595021,1.0
SN05bg,dup,B,SN05bg_B_comb_dup.fits,0.23,0.023,16,1.2008279124460002,0.5099446622173703,0.23681462491422867,1.0
SN05bg,dup,V,SN05bg_V_comb_dup.fits,0.23,0.023,16,1.2272160239356127,0.5211506613956496,0.24201861014794826,1.0
SN05bl,dup,B,SN05bl_B_comb_dup.fits,0.23,0.024,14,1.2546900175059215,0.5328177922357676,0.2578838074626686,1.0
SN05bl,dup,V,SN05bl_V_comb_dup.fits,0.23,0.024,21,1.3930890895623087,0.5915904667543287,0.2863297814906981,1.0
SN05bo,dup,B,SN05bo_B_comb_dup.fits,0.23,0.014,24,1.0823473622743767,0.45963060513193116,0.13134763835331859,1.0
SN05bo,dup,V,SN05bo_V_comb_dup.fits,0.23,0.014,23,1.3838500896455024,0.5876670247332273,0.1679363275095109,1.0
SN05el,dup,B,SN05el_B_comb_dup.fits,0.23,0.015,23,1.1046623513901006,0.46910690849651826,0.14345697110963876,1.0
SN05el,dup,V,SN05el_V_comb_dup.fits,0.23,0.015,24,1.0796971571967484,0.4585051666580993,0.14021486628219043,1.0
SN05eq,dup,B,SN05eq_B_comb_dup.fits,0.23,0.029,12,0.9412286017117675,0.3997029852442066,0.23235775779797893,1.0
SN05eq,dup,V,SN05eq_V_comb_dup.fits,0.23,0.029,15,0.856838166063649,0.36386566687833155,0.2115245910506766,1.0
SN05gj,dup,V,SN05gj_V_comb_dup.fits,0.23,0.062,15,1.0013622802146716,0.42523940728622034,0.5081835734279265,1.0
SN05hc,dup,B,SN05hc_B_comb_dup.fits,0.23,0.046,11,1.0270082405778476,0.43613024389910426,0.39407482513700226,1.0
SN05hc,dup,V,SN05hc_V_comb_dup.fits,0.23,0.046,16,0.7614090023996145,0.3233406323367726,0.2921613553066942,1.0
SN05hj,dup,B,SN05hj_B_comb_dup.fits,0.23,0.0574,13,1.0405615869140614,0.44188582015420436,0.4915512830355543,1.0
SN05hj,dup,V,SN05hj_V_comb_dup.fits,0.23,0.0574,16,0.7339726471287689,0.3116894850107845,0.34672161739038443,1.0
SN05hk,dup,B,SN05hk_B_comb_dup.fits,0.23,0.013,16,1.047609321286164,0.44487871737663726,0.11819452515659173,1.0
SN05hk,dup,V,SN05hk_V_comb_dup.fits,0.23,0.013,18,1.0470016003099238,0.44462064203983076,0.1181259601956326,1.0
SN05iq,dup,B,SN05iq_B_comb_dup.fits,0.23,0.034,22,1.329225190726539,0.5644699659880249,0.382417664433762,1.0
SN05iq,dup,V,SN05iq_V_comb_dup.fits,0.23,0.034,23,1.2260528678967475,0.5206567145051773,0.3527350199834191,1.0
SN05ir,dup,B,SN05ir_B_comb_dup.fits,0.23,0.0764,13,1.0185001972337058,0.43251721055411674,0.6262903214887963,1.0
SN05ir,dup,V,SN05ir_V_comb_dup.fits,0.23,0.0764,10,1.003396895995993,0.42610342905536347,0.6170030857932111,1.0
SN05kc,dup,B,SN05kc_B_comb_dup.fits,0.23,0.015,19,0.9441634315246141,0.4009492927142995,0.12261377963009103,1.0
SN05kc,dup,V,SN05kc_V_comb_dup.fits,0.23,0.015,20,0.9006719386123052,0.38248015618555165,0.11696575710593707,1.0
SN05ke,swo,V,SN05ke_V_comb_swo.fits,0.23,0.005,23,1.3561122004555344,0.5758878277417208,0.0594223726237582,1.0
SN05ki,swo,V,SN05ki_V_comb_swo.fits,0.23,0.019,23,1.3993034183240616,0.5942294492000855,0.22906726201104088,1.0
SN05ku,swo,V,SN05ku_V_comb_swo.fits,0.23,0.04541,25,1.4028267568181034,0.5957256732964774,0.531749177339675,1.0
SN05lu,dup,B,SN05lu_B_comb_dup.fits,0.23,0.032,15,0.9092211406327904,0.38611066801108385,0.2467859129257398,1.0
SN05lu,dup,V,SN05lu_V_comb_dup.fits,0.23,0.032,15,0.895401648848644,0.3802420701904955,0.24303494878323562,1.0
SN05mc,swo,V,SN05mc_V_comb_swo.fits,0.23,0.025,24,1.5446314826448895,0.6559445958107548,0.33030725495004926,1.0
SN05na,swo,V,SN05na_V_comb_swo.fits,0.23,0.026,25,1.4434141975865742,0.6129615724277578,0.32062303939458453,1.0
SN06D,dup,B,SN06D_B_comb_dup.fits,0.23,0.009,13,1.0798008588087906,0.4585492046780156,0.08475255104733702,1.0
SN06D,dup,V,SN06D_V_comb_dup.fits,0.23,0.009,15,0.9224052994009517,0.39170946474121277,0.0723987220292225,1.0
SN06ax,dup,B,SN06ax_B_comb_dup.fits,0.23,0.017,14,0.7501605265197216,0.31856384444436914,0.11014165584199442,1.0
SN06ax,dup,V,SN06ax_V_comb_dup.fits,0.23,0.017,19,0.7263743437375441,0.3084627826530997,0.10664927059220818,1.0
SN06bd,dup,B,SN06bd_B_comb_dup.fits,0.23,0.026,15,0.5161824675752712,0.21920251131907068,0.1146586973530538,1.0
SN06bd,dup,V,SN06bd_V_comb_dup.fits,0.23,0.026,11,1.2379661694108175,0.5257158278498292,0.2749872327484576,1.0
SN06bh,swo,V,SN06bh_V_comb_swo.fits,0.23,0.011,25,1.630187942782104,0.6922770791857594,0.1560056279274337,1.0
SN06br,dup,B,SN06br_B_comb_dup.fits,0.23,0.025,20,1.031424398749834,0.4380056136035983,0.22056196941952824,1.0
SN06bt,swo,V,SN06bt_V_comb_swo.fits,0.23,0.032,25,1.6748428528282657,0.7112402734818122,0.4545952617805504,1.0
SN06dd,swo,V,SN06dd_V_comb_swo.fits,0.23,0.006,15,1.1644915173750443,0.4945140159785498,0.0611564057258762,1.0
SN06ef,dup,B,SN06ef_B_comb_dup.fits,0.23,0.018,11,0.9641896336717884,0.4094536377445845,0.14971240434936464,1.0
SN06ef,dup,V,SN06ef_V_comb_dup.fits,0.23,0.018,18,0.9210145071321186,0.3911188496444168,0.1430084824478953,1.0
SN06ej,dup,B,SN06ej_B_comb_dup.fits,0.23,0.02,15,0.8251617702797779,0.3504139401314349,0.1420174420903419,1.0
SN06ej,dup,V,SN06ej_V_comb_dup.fits,0.23,0.02,17,0.6829262802853641,0.29001208891798286,0.11753749016936996,1.0
SN06eq,swo,V,SN06eq_V_comb_swo.fits,0.23,0.05,25,1.338193229673356,0.5682783414797067,0.5554889854029655,1.0
SN06et,dup,B,SN06et_B_comb_dup.fits,0.23,0.023,10,1.0398731323025074,0.44159346039915354,0.20507281953747578,1.0
SN06et,dup,V,SN06et_V_comb_dup.fits,0.23,0.023,15,0.9416876120833921,0.39989790900179617,0.18570970605409912,1.0
SN06ev,swo,V,SN06ev_V_comb_swo.fits,0.23,0.029,25,1.682950431080504,0.7146832449603957,0.4154639881744246,1.0
SN06fw,dup,B,SN06fw_B_comb_dup.fits,0.23,0.0835,16,1.09980121942821,0.46704257582186304,0.7330590133713278,1.0
SN06fw,dup,V,SN06fw_V_comb_dup.fits,0.23,0.0835,14,0.9576105257664561,0.4066597478593615,0.6382835505286317,1.0
SN06gj,swo,V,SN06gj_V_comb_swo.fits,0.23,0.028,25,1.4867241014736245,0.6313535951975832,0.3547923448170874,1.0
SN06gt,swo,V,SN06gt_V_comb_swo.fits,0.23,0.045,16,1.3782722937239693,0.5852983528963696,0.5179769001203671,1.0
SN06hb,swo,V,SN06hb_V_comb_swo.fits,0.23,0.015,25,1.254937146187793,0.5329227381242626,0.16297240663495652,1.0
SN06hx,dup,B,SN06hx_B_comb_dup.fits,0.23,0.045,14,1.1239415857008699,0.47729404549301685,0.4223953286507119,1.0
SN06hx,dup,V,SN06hx_V_comb_dup.fits,0.23,0.045,19,1.0370252066822803,0.4403840577417247,0.38973075519977635,1.0
SN06is,swo,V,SN06is_V_comb_swo.fits,0.23,0.031,25,1.4038678439484578,0.5961677822943819,0.36958088538918443,1.0
SN06kf,dup,B,SN06kf_B_comb_dup.fits,0.23,0.021,11,0.9548948686995482,0.4055065144848459,0.17235459413898352,1.0
SN06kf,dup,V,SN06kf_V_comb_dup.fits,0.23,0.021,13,0.8807077451661102,0.3740021438260413,0.15896412364210255,1.0
SN06lu,dup,B,SN06lu_B_comb_dup.fits,0.23,0.068,23,0.7830235925900724,0.3325195036632963,0.43277760078396715,1.0
SN06lu,dup,V,SN06lu_V_comb_dup.fits,0.23,0.068,24,0.7486557892068825,0.31792484134261856,0.41378249561326175,1.0
SN06ob,swo,V,SN06ob_V_comb_swo.fits,0.23,0.059,18,1.3344462314254883,0.5666871378309292,0.6467308207390836,1.0
SN06os,dup,B,SN06os_B_comb_dup.fits,0.23,0.033,14,0.3960573292225119,0.16819006193626423,0.11072673257862238,1.0
SN06os,dup,V,SN06os_V_comb_dup.fits,0.23,0.033,15,1.0740364704316516,0.45610129432100005,0.30027104731183774,1.0
SN06ot,dup,B,SN06ot_B_comb_dup.fits,0.23,0.053,14,1.2368909108083672,0.525259207563825,0.5423156971127949,1.0
SN06ot,dup,V,SN06ot_V_comb_dup.fits,0.23,0.053,17,1.0593404266150845,0.44986045912530087,0.46446856138999665,1.0
SN06py,swo,V,SN06py_V_comb_swo.fits,0.23,0.058,20,1.5714335672577016,0.6673263931881674,0.7495594184078701,1.0
SN07N,dup,B,SN07N_B_comb_dup.fits,0.23,0.013,13,0.98535395389894,0.4184412970231827,0.11117068197643723,1.0
SN07N,dup,V,SN07N_V_comb_dup.fits,0.23,0.013,13,1.0277345503528375,0.43643867926193486,0.1159521920030679,1.0
SN07S,dup,B,SN07S_B_comb_dup.fits,0.23,0.014,19,0.9391375420245018,0.3988149939551575,0.11396849341846366,1.0
SN07S,dup,V,SN07S_V_comb_dup.fits,0.23,0.014,12,0.8670000485635618,0.3681810210479021,0.10521428960822654,1.0
SN07af,dup,B,SN07af_B_comb_dup.fits,0.23,0.005,13,1.054053487357822,0.44761530274130507,0.04618670864409941,1.0
SN07af,dup,V,SN07af_V_comb_dup.fits,0.23,0.005,16,0.9318235458938147,0.3957090257746501,0.040830814695933026,1.0
SN07ai,swo,V,SN07ai_V_comb_swo.fits,0.23,0.032,25,1.7006214435584945,0.7221874330257552,0.46159223178376757,1.0
SN07al,dup,B,SN07al_B_comb_dup.fits,0.23,0.012,16,0.394336472069882,0.16745928118880915,0.041117839901008944,1.0
SN07al,dup,V,SN07al_V_comb_dup.fits,0.23,0.012,20,0.8852631275996421,0.3759366366307652,0.09230723031994342,1.0
SN07as,dup,B,SN07as_B_comb_dup.fits,0.23,0.018,17,1.431481976935266,0.6078944248652564,0.22227018530953435,1.0
SN07as,dup,V,SN07as_V_comb_dup.fits,0.23,0.018,24,1.1899846550263362,0.5053399547610425,0.18477222490393047,1.0
SN07ax,swo,V,SN07ax_V_comb_swo.fits,0.23,0.007,25,1.5429075149951288,0.6552124941567883,0.09441971517327864,1.0
SN07ba,dup,B,SN07ba_B_comb_dup.fits,0.23,0.039,23,1.039760560271872,0.44154565545929286,0.3410856556142108,1.0
SN07ba,dup,V,SN07ba_V_comb_dup.fits,0.23,0.039,23,0.7640801387564493,0.3244749595064735,0.2506507604033334,1.0
SN07bc,dup,B,SN07bc_B_comb_dup.fits,0.23,0.021,21,1.3046758600204071,0.5540448251124259,0.23548862362512032,1.0
SN07bc,dup,V,SN07bc_V_comb_dup.fits,0.23,0.021,13,0.9809970036200508,0.416591070595867,0.17706592207449867,1.0
SN07bd,dup,B,SN07bd_B_comb_dup.fits,0.23,0.031,24,1.1543849519807916,0.4902221528208622,0.30390226150708527,1.0
SN07bd,dup,V,SN07bd_V_comb_dup.fits,0.23,0.031,24,1.037631817300404,0.440641661552854,0.2731659446428288,1.0
SN07bm,dup,B,SN07bm_B_comb_dup.fits,0.23,0.006,21,0.8590955545431898,0.364824291502028,0.04511771490561986,1.0
SN07bm,dup,V,SN07bm_V_comb_dup.fits,0.23,0.006,24,0.6779711913824789,0.28790785640419003,0.03560548156169085,1.0
SN07ca,dup,B,SN07ca_B_comb_dup.fits,0.23,0.014,10,1.3666269745091069,0.5803530411561217,0.16584622633025625,1.0
SN07ca,dup,V,SN07ca_V_comb_dup.fits,0.23,0.014,25,1.2090865813423284,0.5134517959848763,0.14672800300477262,1.0
SN07cg,dup,B,SN07cg_B_comb_dup.fits,0.23,0.033,15,0.7238055771756812,0.30737192793267915,0.20235612541289555,1.0
SN07cg,dup,V,SN07cg_V_comb_dup.fits,0.23,0.033,18,0.7694070308482635,0.32673708229715326,0.21510503723309232,1.0
SN07hj,dup,B,SN07hj_B_comb_dup.fits,0.23,0.014,12,1.2024243435396391,0.510622604082613,0.1459195109882239,1.0
SN07hj,dup,V,SN07hj_V_comb_dup.fits,0.23,0.014,15,1.1314299683607656,0.48047406881399096,0.13730402963617472,1.0
SN07hx,dup,B,SN07hx_B_comb_dup.fits,0.23,0.0798,17,0.39875191913327307,0.16933434891328705,0.2550992159511369,1.0
SN07hx,dup,V,SN07hx_V_comb_dup.fits,0.23,0.0798,21,1.1184679206338626,0.4749695939585747,0.7155333327056298,1.0
SN07jd,dup,B,SN07jd_B_comb_dup.fits,0.23,0.0727,11,1.3901560939276898,0.590344938188013,0.8169448572830733,1.0
SN07jd,dup,V,SN07jd_V_comb_dup.fits,0.23,0.0727,11,1.245204807062725,0.5287897942309046,0.7317621868778202,1.0
SN07jg,dup,B,SN07jg_B_comb_dup.fits,0.23,0.037,23,1.2834074664027848,0.5450129699341493,0.4003766530585213,1.0
SN07jg,dup,V,SN07jg_V_comb_dup.fits,0.23,0.037,25,1.214885291502862,0.5159142814613228,0.37900021590593297,1.0
SN07jh,dup,B,SN07jh_B_comb_dup.fits,0.23,0.04077,14,1.0948961497382665,0.46495958451206254,0.37468179286791264,1.0
SN07jh,dup,V,SN07jh_V_comb_dup.fits,0.23,0.04077,17,0.9092703347108949,0.3861315588125735,0.31115922664677004,1.0
SN07le,dup,B,SN07le_B_comb_dup.fits,0.23,0.007,11,1.2981355487692905,0.5512674106493047,0.07944065835436102,1.0
SN07le,dup,V,SN07le_V_comb_dup.fits,0.23,0.007,14,1.46456026423182,0.6219414801238332,0.08962517951265975,1.0
SN07nq,dup,B,SN07nq_B_comb_dup.fits,0.23,0.045,15,0.3608878715622877,0.1532549683886968,0.13562746770291553,1.0
SN07nq,dup,V,SN07nq_V_comb_dup.fits,0.23,0.045,16,0.4626260362880689,0.19645918900014656,0.1738623066593093,1.0
SN07ol,dup,B,SN07ol_B_comb_dup.fits,0.23,0.056,17,0.36028865061099485,0.15300050268013562,0.1663201256061491,1.0
SN07on,dup,B,SN07on_B_comb_dup.fits,0.23,0.006,10,1.0192257755537173,0.4328253352966178,0.053527384378497654,1.0
SN07on,dup,V,SN07on_V_comb_dup.fits,0.23,0.006,17,0.8557511372537534,0.36340404824543876,0.04494207383171109,1.0
SN07so,dup,B,SN07so_B_comb_dup.fits,0.23,0.03,25,1.3531764543156861,0.5746411311433784,0.3451583109242809,1.0
SN07so,dup,V,SN07so_V_comb_dup.fits,0.23,0.03,24,1.179721717047093,0.5009816862806551,0.3009147505619193,1.0
SN07st,dup,B,SN07st_B_comb_dup.fits,0.23,0.021,11,1.5694046724700457,0.6664648009013441,0.2832710848386687,1.0
SN07st,dup,V,SN07st_V_comb_dup.fits,0.23,0.021,10,1.5481598533559233,0.6574429568929442,0.2794364824169828,1.0
SN07ux,dup,B,SN07ux_B_comb_dup.fits,0.23,0.031,21,0.4451405800281061,0.18903379940536205,0.1171872768498875,1.0
SN07ux,dup,V,SN07ux_V_comb_dup.fits,0.23,0.031,22,0.6414907777408577,0.2724160511095134,0.1688782392362903,1.0
SN08C,dup,B,SN08C_B_comb_dup.fits,0.23,0.017,25,1.206385497486219,0.5123047512831764,0.1771264837052275,1.0
SN08C,dup,V,SN08C_V_comb_dup.fits,0.23,0.017,25,1.306014355283812,0.5546132317158219,0.1917544026366364,1.0
SN08J,dup,B,SN08J_B_comb_dup.fits,0.23,0.016,25,1.464381141813277,0.6218654138363388,0.20260426790517258,1.0
SN08J,dup,V,SN08J_V_comb_dup.fits,0.23,0.016,25,1.3354099805092872,0.5670964043843681,0.1847604791736958,1.0
SN08O,dup,B,SN08O_B_comb_dup.fits,0.23,0.0389,23,1.4040134075861752,0.5962295974798033,0.459449919650187,1.0
SN08O,dup,V,SN08O_V_comb_dup.fits,0.23,0.0389,23,1.5822844929513638,0.6719343570606339,0.5177874222726185,1.0
SN08R,dup,B,SN08R_B_comb_dup.fits,0.23,0.013,20,1.0526492209168663,0.4470189656904468,0.11876314222746355,1.0
SN08R,dup,V,SN08R_V_comb_dup.fits,0.23,0.013,15,1.078794009671319,0.4581216352169877,0.1217128781923537,1.0
SN08ae,dup,B,SN08ae_B_comb_dup.fits,0.23,0.03,12,1.1323253253149517,0.4808542919041058,0.28882522708403374,1.0
SN08ae,dup,V,SN08ae_V_comb_dup.fits,0.23,0.03,23,1.1250162032936668,0.47775039356728455,0.28696086992413766,1.0
SN08ar,dup,B,SN08ar_B_comb_dup.fits,0.23,0.026,24,0.4064766110156376,0.17261472352138707,0.09028992972672156,1.0
SN08ar,dup,V,SN08ar_V_comb_dup.fits,0.23,0.026,17,0.3993512487375966,0.169588860762542,0.08870718562305896,1.0
SN08bc,dup,B,SN08bc_B_comb_dup.fits,0.23,0.015,25,1.0275844084067676,0.43637491984796745,0.1334472444037038,1.0
SN08bc,dup,V,SN08bc_V_comb_dup.fits,0.23,0.015,25,1.1368823125873802,0.4827894662211601,0.14764121622020604,1.0
SN08bd,dup,B,SN08bd_B_comb_dup.fits,0.23,0.03,25,1.0447757409257221,0.44367540659014165,0.26649372214723593,1.0
SN08bd,dup,V,SN08bd_V_comb_dup.fits,0.23,0.03,25,0.9945219914643636,0.4223346041082696,0.2536753648469929,1.0
SN08bi,dup,B,SN08bi_B_comb_dup.fits,0.23,0.013,19,1.2726403983859118,0.5404406171381922,0.1435832275696507,1.0
SN08bi,dup,V,SN08bi_V_comb_dup.fits,0.23,0.013,22,1.1362155393871318,0.48250631371375075,0.12819135284948374,1.0
SN08bq,dup,B,SN08bq_B_comb_dup.fits,0.23,0.034,21,1.3228411642227633,0.5617589195463882,0.3805809820399212,1.0
SN08bq,dup,V,SN08bq_V_comb_dup.fits,0.23,0.034,25,1.3361500578410905,0.5674106862902679,0.38440994649923604,1.0
SN08bt,dup,B,SN08bt_B_comb_dup.fits,0.23,0.015,22,0.9661504085810504,0.4102863021825314,0.12546911830294813,1.0
SN08bt,dup,V,SN08bt_V_comb_dup.fits,0.23,0.015,22,0.9041342209163654,0.3839504521053465,0.11741538638120107,1.0
SN08bz,dup,B,SN08bz_B_comb_dup.fits,0.23,0.06,11,0.865093092770034,0.3673712114840878,0.4258663372560298,1.0
SN08bz,dup,V,SN08bz_V_comb_dup.fits,0.23,0.06,21,0.6685237472148569,0.2838958962599074,0.3290995639364661,1.0
SN08cc,dup,B,SN08cc_B_comb_dup.fits,0.23,0.0104,25,1.5535511178558536,0.6597324161283991,0.14066486965348346,1.0
SN08cc,dup,V,SN08cc_V_comb_dup.fits,0.23,0.0104,25,1.6418110305335307,0.6972129500927331,0.1486562829837175,1.0
SN08cd,dup,B,SN08cd_B_comb_dup.fits,0.23,0.007,23,1.1194857370032545,0.47540182077418197,0.06850801062352005,1.0
SN08cd,dup,V,SN08cd_V_comb_dup.fits,0.23,0.007,22,1.0031506657002631,0.42599886467633613,0.06138877360487984,1.0
SN08cf,dup,B,SN08cf_B_comb_dup.fits,0.23,0.046,25,0.7779377360954346,0.3303597392662802,0.2985036197438827,1.0
SN08cf,dup,V,SN08cf_V_comb_dup.fits,0.23,0.046,25,0.8481512135667372,0.36017665781148467,0.32544533526623937,1.0
SN08fl,dup,B,SN08fl_B_comb_dup.fits,0.23,0.02,25,1.5235958826759595,0.6470115989928797,0.26222396362794653,1.0
SN08fl,dup,V,SN08fl_V_comb_dup.fits,0.23,0.02,25,1.4657260812198176,0.6224365570153594,0.25226407276401247,1.0
SN08fp,dup,B,SN08fp_B_comb_dup.fits,0.23,0.006,25,0.8351796126899297,0.3546681261068308,0.043861704860487544,1.0
SN08fp,dup,V,SN08fp_V_comb_dup.fits,0.23,0.006,25,1.0057653750674802,0.4271092295098335,0.05282047522451369,1.0
SN08fr,dup,B,SN08fr_B_comb_dup.fits,0.23,0.048,18,1.2500700062793442,0.530855854109614,0.4993346165307573,1.0
SN08fr,dup,V,SN08fr_V_comb_dup.fits,0.23,0.048,25,1.1062558697607214,0.46978361344218217,0.4418887324206627,1.0
SN08fu,dup,B,SN08fu_B_comb_dup.fits,0.23,0.052,25,1.1540799711513714,0.49009263938731396,0.49704730655088475,1.0
SN08fu,dup,V,SN08fu_V_comb_dup.fits,0.23,0.052,25,1.0118641873699072,0.42969915663199154,0.4357968091463784,1.0
SN08fw,dup,B,SN08fw_B_comb_dup.fits,0.23,0.009,25,0.9073081215952498,0.3852982836246092,0.07121375878140658,1.0
SN08fw,dup,V,SN08fw_V_comb_dup.fits,0.23,0.009,25,0.9859460131816632,0.4186927214511226,0.0773859727286013,1.0
SN08gg,dup,B,SN08gg_B_comb_dup.fits,0.23,0.032,25,1.2496661398441604,0.5306843478257108,0.3391914083290994,1.0
SN08gg,dup,V,SN08gg_V_comb_dup.fits,0.23,0.032,25,1.1737625557246851,0.49845106346937795,0.3185892308563852,1.0
SN08gl,dup,B,SN08gl_B_comb_dup.fits,0.23,0.034,25,0.9423881286646255,0.40019539100374857,0.2711247647639351,1.0
SN08gl,dup,V,SN08gl_V_comb_dup.fits,0.23,0.034,24,1.0754404255631598,0.4566974991709081,0.3094038682465239,1.0
SN08go,dup,B,SN08go_B_comb_dup.fits,0.23,0.062,25,1.250758241684469,0.5311481207762652,0.6347500852712173,1.0
SN08go,dup,V,SN08go_V_comb_dup.fits,0.23,0.062,25,1.0528562241355512,0.44710687186362624,0.5343163496954726,1.0
SN08gp,dup,B,SN08gp_B_comb_dup.fits,0.23,0.033,25,0.9707150794213598,0.41222473941043836,0.27138522905288454,1.0
SN08gp,dup,V,SN08gp_V_comb_dup.fits,0.23,0.033,25,0.9224757884819219,0.3917393986977879,0.2578988505073366,1.0
SN08ha,swo,V,SN08ha_V_comb_swo.fits,0.23,0.005,25,1.774026295416801,0.7533596034908413,0.07773460893220464,1.0
SN08hj,dup,B,SN08hj_B_comb_dup.fits,0.23,0.038,24,1.1497935955516176,0.4882723832667672,0.36794871809003743,1.0
SN08hj,dup,V,SN08hj_V_comb_dup.fits,0.23,0.038,25,1.006444961260875,0.42739782319444597,0.3220753140014264,1.0
SN08hu,dup,B,SN08hu_B_comb_dup.fits,0.23,0.05,25,1.2397817814851315,0.5264868473076196,0.5146380273395645,1.0
SN08hu,dup,V,SN08hu_V_comb_dup.fits,0.23,0.05,25,1.1267449319222036,0.4784845170227837,0.4677160107843132,1.0
SN08hv,dup,V,SN08hv_V_comb_dup.fits,0.23,0.013,24,1.134515537618649,0.48178438943250046,0.12799955338979155,1.0
SN08ia,dup,B,SN08ia_B_comb_dup.fits,0.23,0.022,25,1.020286297209171,0.43327569737744503,0.19269414433156734,1.0
SN08ia,dup,V,SN08ia_V_comb_dup.fits,0.23,0.022,25,1.1193463399470216,0.47534262429480467,0.2114029030643187,1.0
SN09D,dup,B,SN09D_B_comb_dup.fits,0.23,0.025,24,1.0591531536621095,0.4497809316245179,0.22649154486918396,1.0
SN09D,dup,V,SN09D_V_comb_dup.fits,0.23,0.025,25,0.8780265851303245,0.3728635599918144,0.18775905733253687,1.0
SN09F,dup,B,SN09F_B_comb_dup.fits,0.23,0.013,25,1.4050196251480918,0.5966568987353875,0.15851866154282615,1.0
SN09F,dup,V,SN09F_V_comb_dup.fits,0.23,0.013,25,1.0836965869759432,0.46020356810819496,0.12226600213349247,1.0
SN09I,dup,B,SN09I_B_comb_dup.fits,0.23,0.026,25,1.1401266809302901,0.48416722260205897,0.25325432044796276,1.0
SN09I,dup,V,SN09I_V_comb_dup.fits,0.23,0.026,25,1.1041570152301792,0.4688923119879707,0.2452644423089922,1.0
SN09P,dup,B,SN09P_B_comb_dup.fits,0.23,0.025,24,1.3693786550403135,0.5815215722874126,0.29283082056507825,1.0
SN09P,dup,V,SN09P_V_comb_dup.fits,0.23,0.025,25,1.0414204663334627,0.4422505526615625,0.22269954960026492,1.0
SN09Y,dup,B,SN09Y_B_comb_dup.fits,0.23,0.009,25,1.4441452479138568,0.6132720209177922,0.11334959853487378,1.0
SN09Y,dup,V,SN09Y_V_comb_dup.fits,0.23,0.009,25,1.4637117156920725,0.6215811347371281,0.11488535213764337,1.0
SN09aa,swo,V,SN09aa_V_comb_swo.fits,0.23,0.027,25,1.1153049805520645,0.4736264169763368,0.25695989568207106,1.0
SN09ab,dup,B,SN09ab_B_comb_dup.fits,0.23,0.011,25,1.0522949654342442,0.44686852723831555,0.10070246045819826,1.0
SN09ab,dup,V,SN09ab_V_comb_dup.fits,0.23,0.011,25,0.9543176725741571,0.4052614018586777,0.09132623536529128,1.0
SN09ad,dup,B,SN09ad_B_comb_dup.fits,0.23,0.028,25,1.0334978758760707,0.438886138266454,0.24663428431818912,1.0
SN09ad,dup,V,SN09ad_V_comb_dup.fits,0.23,0.028,25,1.2751298238526831,0.5414977787977527,0.30429741449840825,1.0
SN09ag,dup,B,SN09ag_B_comb_dup.fits,0.23,0.009,25,0.9638606519081976,0.40931393205272704,0.07565251355095888,1.0
SN09ag,dup,V,SN09ag_V_comb_dup.fits,0.23,0.009,25,1.0423527213483181,0.4426464449153347,0.08181328205541598,1.0
SN09al,dup,B,SN09al_B_comb_dup.fits,0.23,0.022,25,1.4065303252831798,0.5972984340146017,0.2656412795586914,1.0
SN09al,dup,V,SN09al_V_comb_dup.fits,0.23,0.022,25,1.5462455287568542,0.6566300180855357,0.29202828647734946,1.0
SN09cz,dup,B,SN09cz_B_comb_dup.fits,0.23,0.021,24,1.1737173317239806,0.49843185860453065,0.2118511481988374,1.0
SN09cz,dup,V,SN09cz_V_comb_dup.fits,0.23,0.021,25,1.0101284965170045,0.4289620765920261,0.182324036658102,1.0
SN09dc,dup,B,SN09dc_B_comb_dup.fits,0.23,0.021,24,1.8191004126965495,0.772500818708056,0.3283401383812668,1.0
SN09dc,dup,V,SN09dc_V_comb_dup.fits,0.23,0.021,25,1.811561774638449,0.7692994538844431,0.3269794452353982,1.0
SN09ds,dup,B,SN09ds_B_comb_dup.fits,0.23,0.019,25,0.8381957671037367,0.35594896895517136,0.13721342125331068,1.0
SN09ds,dup,V,SN09ds_V_comb_dup.fits,0.23,0.019,25,1.0653258071351415,0.45240221620465265,0.1743948185893979,1.0
SN09le,dup,B,SN09le_B_comb_dup.fits,0.23,0.018,25,0.8915555408243254,0.37860877849483726,0.1384343068691855,1.0
SN09le,dup,V,SN09le_V_comb_dup.fits,0.23,0.018,25,0.873351772785314,0.37087834997337793,0.13560775720907348,1.0
SN10ae,dup,B,SN10ae_B_comb_dup.fits,0.23,0.003662,25,1.6415650806735969,0.6971085048038232,0.05276798397347361,1.0
SN10ae,dup,V,SN10ae_V_comb_dup.fits,0.23,0.003662,25,1.5376209442267317,0.6529674942556057,0.04942670765690256,1.0
SN2011im,swo,V,SN2011im_V_comb_swo.fits,0.43,0.016228,25,1.4452172638072516,0.6137272641520499,0.2027461696657256,1.0
SN2011iv,dup,B,SN2011iv_B_comb_dup.fits,0.23,0.006,15,1.9368115805269206,0.822488149195904,0.10171687218493632,1.0
SN2011iv,dup,V,SN2011iv_V_comb_dup.fits,0.23,0.006,18,1.9215847400264918,0.8160219054026425,0.10091719368004985,1.0
SN2011iv,swo,V,SN2011iv_V_comb_swo.fits,0.43,0.006,21,1.6276197168514752,0.6911864540502853,0.08547882941696536,1.0
SN2011iy,dup,B,SN2011iy_B_comb_dup.fits,0.23,0.0043,25,0.7323007662380131,0.31097950256678253,0.027619353842373528,1.0
SN2011iy,dup,V,SN2011iy_V_comb_dup.fits,0.23,0.0043,25,0.7056195018479968,0.2996490128139379,0.02661304698578577,1.0
SN2011iy,swo,V,SN2011iy_V_comb_swo.fits,0.43,0.0043,25,1.4034306929857339,0.5959821413730528,0.052931596810895674,1.0
SN2011jh,dup,B,SN2011jh_B_comb_dup.fits,0.23,0.008,23,0.9681470830995504,0.4111342117808523,0.0676280434169752,1.0
SN2011jh,dup,V,SN2011jh_V_comb_dup.fits,0.23,0.008,25,0.7847219420808316,0.33324072628680124,0.054815234684582215,1.0
SN2011jh,swo,V,SN2011jh_V_comb_swo.fits,0.43,0.008,25,1.2169074894268619,0.5167730298519979,0.08500472083841404,1.0
SN2011jn,dup,B,SN2011jn_B_comb_dup.fits,0.23,0.047,25,0.8504647275430127,0.3611591167391456,0.333031652634111,1.0
SN2011jn,dup,V,SN2011jn_V_comb_dup.fits,0.23,0.047,25,0.8907377938562051,0.3782615133312653,0.3488020960123725,1.0
SN2011jt,dup,B,SN2011jt_B_comb_dup.fits,0.23,0.028,24,1.3240334799013045,0.5622652493956933,0.31596779959704285,1.0
SN2011jt,dup,V,SN2011jt_V_comb_dup.fits,0.23,0.028,25,1.4755160657464494,0.6265939806568348,0.3521176553622674,1.0
SN2011jt,swo,V,SN2011jt_V_comb_swo.fits,0.43,0.028,25,1.3654293527802976,0.5798444580347335,0.32584652476866716,1.0
SN2012E,dup,B,SN2012E_B_comb_dup.fits,0.23,0.02,25,1.205985224838478,0.5121347711402837,0.2075604360248484,1.0
SN2012E,dup,V,SN2012E_V_comb_dup.fits,0.23,0.02,25,1.124615994638278,0.47758044059944177,0.19355609123561457,1.0
SN2012E,swo,V,SN2012E_V_comb_swo.fits,0.43,0.02,24,1.5276940807931993,0.6487519434943153,0.2629292987934287,1.0
SN2012G,dup,B,SN2012G_B_comb_dup.fits,0.23,0.0258,16,0.9780481578712901,0.4153388111058124,0.21563283186945317,1.0
SN2012G,dup,V,SN2012G_V_comb_dup.fits,0.23,0.0258,22,0.8400539575045157,0.35673806976340516,0.18520889009606234,1.0
SN2012U,dup,B,SN2012U_B_comb_dup.fits,0.23,0.01972,25,1.2328780698355115,0.5235551109041574,0.2092890835681158,1.0
SN2012U,dup,V,SN2012U_V_comb_dup.fits,0.23,0.01972,25,1.1888076739024054,0.5048401368975016,0.20180784677512587,1.0
SN2012U,swo,V,SN2012U_V_comb_swo.fits,0.43,0.01972,25,1.7303077383902743,0.7347940417109593,0.29373101016131703,1.0
SN2012aq,dup,B,SN2012aq_B_comb_dup.fits,0.23,0.052,20,1.1091045483217676,0.47099333584413694,0.47767697404598963,1.0
SN2012aq,dup,V,SN2012aq_V_comb_dup.fits,0.23,0.052,24,1.040180396379591,0.44172394343870974,0.44799223387587417,1.0
SN2012ar,dup,B,SN2012ar_B_comb_dup.fits,0.23,0.0283,25,0.7494291214179506,0.3182532452954811,0.18069505266634037,1.0
SN2012ar,dup,V,SN2012ar_V_comb_dup.fits,0.23,0.0283,25,0.6978056017310357,0.2963307549566338,0.16824809225065787,1.0
SN2012ar,swo,V,SN2012ar_V_comb_swo.fits,0.43,0.0283,25,1.325738380268949,0.5629892539204732,0.3196491297152156,1.0
SN2012bl,dup,B,SN2012bl_B_comb_dup.fits,0.23,0.0187,25,0.9506011384669317,0.4036831351392875,0.15321278818646888,1.0
SN2012bl,dup,V,SN2012bl_V_comb_dup.fits,0.23,0.0187,24,0.9435266407859013,0.4006788725859944,0.1520725586297513,1.0
SN2012bl,swo,V,SN2012bl_V_comb_swo.fits,0.43,0.0187,25,1.3384787997998724,0.5683996119466873,0.21572882731504398,1.0
SN2012bo,dup,B,SN2012bo_B_comb_dup.fits,0.23,0.0254,23,0.7262174298231195,0.308396147448955,0.1577046278847207,1.0
SN2012bo,dup,V,SN2012bo_V_comb_dup.fits,0.23,0.0254,25,0.7062059946277673,0.2998980733657232,0.1533589652617637,1.0
SN2012bo,swo,V,SN2012bo_V_comb_swo.fits,0.43,0.0254,25,1.3858284075806482,0.5885071390083374,0.3009450673509894,1.0
SN2012fr,swo,V,SN2012fr_V_comb_swo.fits,0.43,0.005457,25,1.7188499108499715,0.7299283503539995,0.08215500397430403,1.0
SN2012gm,dup,B,SN2012gm_B_comb_dup.fits,0.23,0.0148,25,1.0314922510710056,0.4380344278313839,0.13220072793952017,1.0
SN2012gm,dup,V,SN2012gm_V_comb_dup.fits,0.23,0.0148,25,1.0433943117892912,0.4430887676495797,0.1337261500542321,1.0
SN2012hl,dup,B,SN2012hl_B_comb_dup.fits,0.23,0.0332,15,1.744541331525823,0.740838492184185,0.49056414668093096,1.0
SN2012hl,dup,V,SN2012hl_V_comb_dup.fits,0.23,0.0332,24,1.783749949914302,0.7574888593624394,0.5015895904893958,1.0
SN2012id,dup,B,SN2012id_B_comb_dup.fits,0.23,0.0157,25,1.1051204971997912,0.4693014651084587,0.15008650277738,1.0
SN2012id,dup,V,SN2012id_V_comb_dup.fits,0.23,0.0157,25,1.0424066055457684,0.44266932742712745,0.1415693241549929,1.0
SN2012ij,dup,B,SN2012ij_B_comb_dup.fits,0.23,0.01,17,1.0239910327115551,0.4348489536906829,0.08919370921103714,1.0
SN2012ij,dup,V,SN2012ij_V_comb_dup.fits,0.23,0.01,23,0.8777766397188809,0.3727574179484039,0.07645785153802323,1.0
SN2013fy,dup,B,SN2013fy_B_comb_dup.fits,0.23,0.0309,25,0.9909826109791621,0.4208315676054718,0.2600747475178529,1.0
SN2013fy,dup,V,SN2013fy_V_comb_dup.fits,0.23,0.0309,25,1.0560441688728026,0.4484606673453568,0.2771495862232341,1.0
SN2013fy,swo,V,SN2013fy_V_comb_swo.fits,0.43,0.0309,25,1.6843926276788093,0.7152956894660166,0.44205416170890866,1.0
SN2013hn,dup,B,SN2013hn_B_comb_dup.fits,0.23,0.0151,25,1.2202904475443275,0.5182096398913103,0.15951016027382353,1.0
SN2013hn,dup,V,SN2013hn_V_comb_dup.fits,0.23,0.0151,25,1.1049347186220786,0.4692225722104198,0.144431446148084,1.0
